time,lat,lon,alt_ft,hdg,pitch,roll,gnd,ias_kt,g,wind_dir,wind_kt,q,src
13:29:30,38.874842,-9.036847,11,32.5,0.0,0.0,1,,1.00,,,R,GPIAAF:p.19-20
13:29:32,38.874842,-9.036847,11,32.5,0.0,0.0,1,,1.00,,,R,GPIAAF:p.19-20
13:29:34,38.874842,-9.036847,11,32.5,0.0,0.0,1,,1.00,,,R,GPIAAF:p.19-20
13:29:36,38.874842,-9.036847,11,32.5,0.0,0.0,1,,1.00,,,R,GPIAAF:p.19-20
13:29:38,38.874842,-9.036847,11,32.5,0.0,0.0,1,,1.00,,,R,GPIAAF:p.19-20
13:29:40,38.874842,-9.036847,11,32.5,0.0,0.0,1,,1.00,,,R,GPIAAF:p.19-20
13:29:42,38.874842,-9.036847,11,32.5,0.0,0.0,1,,1.00,,,R,GPIAAF:p.19-20
13:29:44,38.874842,-9.036847,11,32.5,0.0,0.0,1,,1.00,,,R,GPIAAF:p.19-20
13:29:46,38.874842,-9.036847,11,32.5,0.0,0.0,1,,1.00,,,R,GPIAAF:p.19-20
13:29:48,38.874842,-9.036847,11,32.5,0.0,0.0,1,,1.00,,,R,GPIAAF:p.19-20
13:29:50,38.874842,-9.036847,11,32.5,0.0,0.0,1,,1.00,,,R,GPIAAF:p.19-20
13:29:52,38.874842,-9.036847,11,32.5,0.0,0.0,1,,1.00,,,R,GPIAAF:p.19-20
13:29:54,38.874842,-9.036847,11,32.5,0.0,0.0,1,,1.00,,,R,GPIAAF:p.19-20
13:29:56,38.874842,-9.036847,11,32.5,0.0,0.0,1,,1.00,,,R,GPIAAF:p.19-20
13:29:58,38.874842,-9.036847,11,32.5,0.0,0.0,1,,1.00,,,R,GPIAAF:p.19-20
13:30:00,38.874842,-9.036847,11,32.5,0.0,0.0,1,,1.00,,,R,GPIAAF:p.19-20
13:30:02,38.874842,-9.036847,11,32.5,0.0,0.0,1,,1.00,,,R,GPIAAF:p.19-20
13:30:04,38.874842,-9.036847,11,32.5,0.0,0.0,1,,1.00,,,R,GPIAAF:p.19-20
13:30:06,38.874842,-9.036847,11,32.5,0.0,0.0,1,,1.00,,,R,GPIAAF:p.19-20
13:30:08,38.874842,-9.036847,11,32.5,0.0,0.0,1,,1.00,,,R,GPIAAF:p.19-20
13:30:10,38.874842,-9.036847,11,32.5,0.0,0.0,1,,1.00,,,R,GPIAAF:p.19-20
13:30:12,38.874842,-9.036847,11,32.5,0.0,0.0,1,,1.00,,,R,GPIAAF:p.19-20
13:30:14,38.874842,-9.036847,11,32.5,0.0,0.0,1,,1.00,,,R,GPIAAF:p.19-20
13:30:16,38.874842,-9.036847,11,32.5,0.0,0.0,1,,1.00,,,R,GPIAAF:p.19-20
13:30:18,38.874842,-9.036847,11,32.5,0.0,0.0,1,,1.00,,,R,GPIAAF:p.19-20
13:30:20,38.874842,-9.036847,11,32.5,0.0,0.0,1,,1.00,,,R,GPIAAF:p.19-20
13:30:22,38.874842,-9.036847,11,32.5,0.0,0.0,1,,1.00,,,R,GPIAAF:p.19-20
13:30:24,38.874842,-9.036847,11,32.5,0.0,0.0,1,,1.00,,,R,GPIAAF:p.19-20
13:30:26,38.874842,-9.036847,11,32.5,0.0,0.0,1,,1.00,,,R,GPIAAF:p.19-20
13:30:28,38.874842,-9.036847,11,32.5,0.0,0.0,1,,1.00,,,R,GPIAAF:p.19-20
13:30:30,38.874842,-9.036847,11,32.5,0.0,0.0,1,,1.00,,,R,GPIAAF:p.19-20
13:30:32,38.874842,-9.036847,11,32.5,0.0,0.0,1,,1.00,,,R,GPIAAF:p.19-20
13:30:34,38.874842,-9.036847,11,32.5,0.0,0.0,1,,1.00,,,R,GPIAAF:p.19-20
13:30:36,38.874842,-9.036847,11,32.5,0.0,0.0,1,,1.00,,,R,GPIAAF:p.19-20
13:30:38,38.874842,-9.036847,11,32.5,0.0,0.0,1,,1.00,,,R,GPIAAF:p.19-20
13:30:40,38.874842,-9.036847,11,32.5,0.0,0.0,1,,1.00,,,R,GPIAAF:p.19-20
13:30:42,38.874842,-9.036847,11,32.5,0.0,0.0,1,,1.00,,,R,GPIAAF:p.19-20
13:30:44,38.874842,-9.036847,11,32.5,0.0,0.0,1,,1.00,,,R,GPIAAF:p.19-20
13:30:46,38.874842,-9.036847,11,32.5,0.0,0.0,1,,1.00,,,R,GPIAAF:p.19-20
13:30:48,38.874842,-9.036847,11,32.5,0.0,0.0,1,,1.00,,,R,GPIAAF:p.19-20
13:30:50,38.874842,-9.036847,11,32.5,0.0,0.0,1,,1.00,,,R,GPIAAF:p.19-20
13:30:52,38.874842,-9.036847,11,32.5,0.0,0.0,1,,1.00,,,R,GPIAAF:p.19-20
13:30:54,38.874842,-9.036847,11,32.5,0.0,0.0,1,,1.00,,,R,GPIAAF:p.19-20
13:30:56,38.874842,-9.036847,11,32.5,0.0,0.0,1,,1.00,,,R,GPIAAF:p.19-20
13:30:58,38.874842,-9.036847,11,32.5,0.0,0.0,1,,1.00,,,R,GPIAAF:p.19-20
13:31:00,38.874842,-9.036846,11,32.5,0.0,0.0,1,,1.00,,,R,GPIAAF:p.19-20
13:31:02,38.874843,-9.036846,11,32.5,0.0,0.0,1,,1.00,,,R,GPIAAF:p.19-20
13:31:04,38.874843,-9.036845,11,32.5,0.0,0.0,1,,1.00,,,R,GPIAAF:p.19-20
13:31:06,38.874841,-9.036848,11,32.5,0.0,0.0,1,,1.00,,,R,GPIAAF:p.19-20
13:31:08,38.874836,-9.036851,11,32.5,0.0,0.0,1,,1.00,,,R,GPIAAF:p.19-20
13:31:10,38.874842,-9.036847,11,32.5,0.0,0.0,1,,1.00,,,R,GPIAAF:p.19-20
13:31:12,38.874882,-9.036814,11,32.5,0.0,0.0,1,,1.00,,,R,GPIAAF:p.19-20
13:31:14,38.874982,-9.036732,11,32.5,0.0,0.0,1,,1.00,,,R,GPIAAF:p.19-20
13:31:16,38.875154,-9.036592,11,32.5,0.0,0.0,1,,1.00,,,R,GPIAAF:p.19-20
13:31:18,38.875398,-9.036393,11,32.5,0.0,0.0,1,,1.00,,,R,GPIAAF:p.19-20
13:31:20,38.875713,-9.036137,11,32.5,0.0,0.0,1,,1.00,,,R,GPIAAF:p.19-20
13:31:22,38.876096,-9.035824,11,32.5,0.0,0.0,1,,1.00,,,R,GPIAAF:p.19-20
13:31:24,38.876549,-9.035455,11,32.5,0.0,0.0,1,,1.00,,,R,GPIAAF:p.19-20
13:31:26,38.877072,-9.035029,11,32.5,0.0,0.0,1,,1.00,,,R,GPIAAF:p.19-20
13:31:28,38.877664,-9.034546,11,32.5,0.0,0.0,1,65,1.00,,,R,GPIAAF:p.19-20
13:31:30,38.878325,-9.034007,11,32.5,0.0,0.0,1,76,1.00,,,R,GPIAAF:p.19-20
13:31:32,38.879057,-9.033410,11,32.5,0.0,0.0,1,87,1.00,,,R,GPIAAF:p.19-20
13:31:34,38.879859,-9.032757,11,32.5,0.0,0.0,1,97,1.00,,,R,GPIAAF:p.19-20
13:31:36,38.880731,-9.032046,11,32.5,2.0,0.0,1,102,1.00,,,R,GPIAAF:p.19-20
13:31:38,38.881669,-9.031281,11,32.5,7.3,0.0,1,107,1.00,,,R,GPIAAF:p.19-20
13:31:40,38.882667,-9.030464,15,32.6,13.6,0.3,,112,1.00,,,R,GPIAAF:p.19-20
13:31:42,38.883718,-9.029601,27,32.7,14.7,0.4,,117,1.00,,,R,GPIAAF:p.19-20
13:31:44,38.884814,-9.028697,47,32.9,14.7,0.5,,123,1.00,,,R,GPIAAF:p.19-20
13:31:46,38.885951,-9.027755,76,33.0,13.9,0.5,,128,1.00,,,R,GPIAAF:p.19-20
13:31:48,38.887122,-9.026779,115,33.1,13.2,0.5,,134,1.00,,,R,GPIAAF:p.19-20
13:31:50,38.888324,-9.025774,163,33.2,12.4,0.4,,140,1.00,,,R,GPIAAF:p.19-20
13:31:52,38.889552,-9.024742,217,33.3,12.7,0.3,,145,1.00,,,R,GPIAAF:p.19-20
13:31:54,38.890805,-9.023688,277,33.4,13.0,0.2,,149,1.00,,,R,GPIAAF:p.19-20
13:31:56,38.892079,-9.022614,342,33.4,13.4,0.1,,151,1.00,,,R,GPIAAF:p.19-20
13:31:58,38.893371,-9.021524,410,33.4,13.6,-0.1,,152,1.00,,,R,GPIAAF:p.19-20
13:32:00,38.894682,-9.020420,479,33.3,13.7,-0.2,,153,1.00,,,R,GPIAAF:p.19-20
13:32:02,38.896008,-9.019304,550,33.3,13.8,-0.4,,155,1.00,,,R,GPIAAF:p.19-20
13:32:04,38.897350,-9.018180,623,33.2,13.9,-0.6,,156,1.00,,,R,GPIAAF:p.19-20
13:32:06,38.898706,-9.017050,698,33.0,14.1,-0.7,,156,1.00,,,R,GPIAAF:p.19-20
13:32:08,38.900076,-9.015915,776,32.9,14.4,-0.9,,156,1.00,,,R,GPIAAF:p.19-20
13:32:10,38.901458,-9.014777,857,32.7,14.7,-1.0,,157,1.00,,,R,GPIAAF:p.19-20
13:32:12,38.902853,-9.013639,941,32.4,15.0,-1.1,,157,1.00,,,R,GPIAAF:p.19-20
13:32:14,38.904260,-9.012502,1028,32.2,15.4,-1.2,,158,1.00,,,R,GPIAAF:p.19-20
13:32:16,38.905679,-9.011367,1120,31.9,15.7,-1.3,,158,1.00,,,R,GPIAAF:p.19-20
13:32:18,38.907107,-9.010237,1214,31.6,16.0,-1.4,,158,1.00,,,R,GPIAAF:p.19-20
13:32:20,38.908545,-9.009111,1310,31.3,16.2,-1.4,,158,1.00,,,R,GPIAAF:p.19-20
13:32:22,38.909992,-9.007993,1408,31.1,16.3,-1.4,,158,1.00,,,R,GPIAAF:p.19-20
13:32:24,38.911444,-9.006881,1505,30.8,16.3,-1.3,,157,1.00,,,R,GPIAAF:p.19-20
13:32:26,38.912901,-9.005779,1602,30.5,16.3,-1.2,,155,1.00,,,R,GPIAAF:p.19-20
13:32:28,38.914361,-9.004685,1698,30.3,16.2,-1.1,,153,1.00,,,R,GPIAAF:p.19-20
13:32:30,38.915819,-9.003602,1790,30.1,15.9,-0.9,,152,1.00,,,R,GPIAAF:p.19-20
13:32:32,38.917272,-9.002530,1879,29.9,15.6,-0.6,,150,1.00,,,R,GPIAAF:p.19-20
13:32:34,38.918717,-9.001470,1964,29.8,15.2,-0.3,,149,0.99,,,R,GPIAAF:p.19-20
13:32:36,38.920147,-9.000422,2044,29.8,14.7,0.1,,149,0.97,,,R,GPIAAF:p.19-20
13:32:38,38.921558,-8.999388,2119,29.8,14.1,0.5,,149,0.95,,,R,GPIAAF:p.19-20
13:32:40,38.922944,-8.998367,2190,30.0,13.6,1.1,,149,0.93,,,R,GPIAAF:p.19-20
13:32:42,38.924295,-8.997360,2255,30.3,13.0,1.7,,149,0.91,,,R,GPIAAF:p.19-20
13:32:44,38.925605,-8.996367,2317,30.8,12.5,2.5,,149,0.91,,,R,GPIAAF:p.19-20
13:32:46,38.926863,-8.995390,2374,31.5,12.1,3.4,,150,0.93,,,R,GPIAAF:p.19-20
13:32:48,38.928060,-8.994428,2428,32.5,11.8,4.5,,151,0.95,,,R,GPIAAF:p.19-20
13:32:50,38.929183,-8.993483,2481,33.9,11.6,5.8,,152,0.97,,,R,GPIAAF:p.19-20
13:32:52,38.930222,-8.992553,2532,35.7,11.6,7.1,,153,0.99,,,R,GPIAAF:p.19-20
13:32:54,38.931166,-8.991641,2584,38.0,11.6,8.5,,154,1.00,,,R,GPIAAF:p.19-20
13:32:56,38.932008,-8.990745,2637,41.0,11.9,9.9,,155,1.00,,,R,GPIAAF:p.19-20
13:32:58,38.932738,-8.989866,2692,44.7,12.2,11.5,,155,1.00,,,R,GPIAAF:p.19-20
13:33:00,38.933353,-8.989004,2749,49.6,12.5,13.3,,156,1.00,,,R,GPIAAF:p.19-20
13:33:02,38.933847,-8.988158,2810,55.7,12.9,15.1,,157,1.00,,,R,GPIAAF:p.19-20
13:33:04,38.934217,-8.987329,2872,63.4,13.2,16.9,,158,1.00,,,R,GPIAAF:p.19-20
13:33:06,38.934460,-8.986515,2936,72.8,13.4,18.6,,160,1.00,,,R,GPIAAF:p.19-20
13:33:08,38.934575,-8.985717,3000,83.8,13.3,19.7,,161,1.00,,,R,GPIAAF:p.19-20
13:33:10,38.934562,-8.984934,3061,95.7,12.9,20.0,,162,1.00,,,R,GPIAAF:p.19-20
13:33:12,38.934421,-8.984164,3117,107.4,12.2,19.3,,163,1.00,,,R,GPIAAF:p.19-20
13:33:14,38.934153,-8.983408,3166,118.1,11.3,18.0,,165,1.00,,,R,GPIAAF:p.19-20
13:33:16,38.933762,-8.982665,3207,127.1,10.2,16.2,,167,1.00,,,R,GPIAAF:p.19-20
13:33:18,38.933250,-8.981934,3239,134.4,9.1,14.4,,170,1.00,,,R,GPIAAF:p.19-20
13:33:20,38.932621,-8.981214,3261,140.2,7.9,12.6,,172,1.00,,,R,GPIAAF:p.19-20
13:33:22,38.931879,-8.980503,3272,144.8,6.8,11.0,,174,1.00,,,R,GPIAAF:p.19-20
13:33:24,38.931029,-8.979803,3274,148.5,5.9,9.6,,177,1.08,,,R,GPIAAF:p.19-20
13:33:26,38.930076,-8.979110,3267,151.4,5.1,8.4,,180,1.20,,,R,GPIAAF:p.19-20
13:33:28,38.929027,-8.978425,3253,153.8,4.4,7.3,,183,1.32,,,R,GPIAAF:p.19-20
13:33:30,38.927886,-8.977747,3234,155.7,3.9,6.3,,186,1.44,,,R,GPIAAF:p.19-20
13:33:32,38.926662,-8.977074,3211,157.3,3.7,5.5,,189,1.56,,,R,GPIAAF:p.19-20
13:33:34,38.925360,-8.976406,3185,158.6,3.6,4.7,,193,1.61,,,R,GPIAAF:p.19-20
13:33:36,38.923987,-8.975742,3160,159.7,3.6,4.0,,198,1.63,,,R,GPIAAF:p.19-20
13:33:38,38.922551,-8.975081,3137,160.5,3.8,3.4,,203,1.65,,,R,GPIAAF:p.19-20
13:33:40,38.921058,-8.974421,3117,161.2,4.0,2.8,,209,1.67,,,R,GPIAAF:p.19-20
13:33:42,38.919516,-8.973764,3100,161.8,4.1,2.3,,214,1.69,,,R,GPIAAF:p.19-20
13:33:44,38.917931,-8.973106,3088,162.2,4.2,1.8,,216,1.67,,,R,GPIAAF:p.19-20
13:33:46,38.916312,-8.972449,3079,162.5,4.4,1.4,,217,1.63,,,R,GPIAAF:p.19-20
13:33:48,38.914663,-8.971791,3074,162.8,4.6,1.0,,218,1.59,,,R,GPIAAF:p.19-20
13:33:50,38.912993,-8.971132,3073,162.9,4.8,0.6,,219,1.55,,,R,GPIAAF:p.19-20
13:33:52,38.911306,-8.970471,3076,163.0,5.1,0.3,,219,1.51,,,R,GPIAAF:p.19-20
13:33:54,38.909609,-8.969809,3085,163.0,5.6,-0.0,,218,1.50,,,R,GPIAAF:p.19-20
13:33:56,38.907907,-8.969143,3102,163.0,6.5,-0.3,,217,1.50,,,R,GPIAAF:p.19-20
13:33:58,38.906205,-8.968476,3130,162.9,7.6,-0.5,,215,1.50,,,R,GPIAAF:p.19-20
13:34:00,38.904508,-8.967805,3172,162.8,8.9,-0.7,,213,1.50,,,R,GPIAAF:p.19-20
13:34:02,38.902819,-8.967133,3232,162.7,10.5,-0.8,,212,1.50,,,R,GPIAAF:p.19-20
13:34:04,38.901141,-8.966458,3312,162.5,12.3,-0.9,,207,1.45,,,R,GPIAAF:p.19-20
13:34:06,38.899476,-8.965780,3412,162.3,14.1,-0.9,,202,1.39,,,R,GPIAAF:p.19-20
13:34:08,38.897826,-8.965101,3530,162.1,15.8,-0.9,,197,1.33,,,R,FR24
13:34:10,38.896192,-8.964421,3662,159.3,17.1,-0.9,,192,1.27,120,23,R,FR24
13:34:12,38.894573,-8.963741,3801,158.0,17.8,-0.9,,186,1.21,123,21,R,FR24
13:34:14,38.892969,-8.963058,3940,158.4,17.8,-1.1,,184,1.17,128,19,R,FR24
13:34:16,38.891380,-8.962373,4071,158.8,17.1,-1.5,,182,1.13,133,17,R,FR24
13:34:18,38.889807,-8.961681,4190,159.1,15.8,-2.3,,179,1.09,140,16,R,FR24
13:34:20,38.888251,-8.960976,4292,159.2,14.3,-3.3,,177,1.05,148,14,R,FR24
13:34:22,38.886712,-8.960251,4372,158.6,12.4,-4.3,,175,1.01,148,14,R,FR24
13:34:24,38.885191,-8.959496,4431,157.6,10.5,-5.4,,174,1.02,148,14,R,FR24
13:34:26,38.883688,-8.958704,4468,156.4,8.6,-6.4,,174,1.04,148,14,R,FR24
13:34:28,38.882203,-8.957864,4485,155.0,6.9,-7.3,,173,1.06,148,14,R,FR24
13:34:30,38.880734,-8.956970,4486,153.5,5.5,-7.9,,173,1.08,148,14,R,FR24
13:34:32,38.879279,-8.956014,4473,151.8,4.4,-8.3,,173,1.10,148,14,R,FR24
13:34:34,38.877837,-8.954992,4450,150.1,3.7,-8.4,,173,1.08,148,14,R,FR24
13:34:36,38.876408,-8.953903,4422,148.5,3.2,-8.2,,173,1.06,148,14,R,FR24
13:34:38,38.874994,-8.952750,4390,146.9,3.0,-7.7,,174,1.04,148,14,R,FR24
13:34:40,38.873594,-8.951537,4357,145.5,2.9,-7.0,,174,1.02,148,14,R,FR24
13:34:42,38.872212,-8.950274,4324,144.1,2.9,-6.1,,175,1.00,145,15,R,FR24
13:34:44,38.870849,-8.948971,4292,142.8,2.9,-5.0,,175,1.02,142,16,R,FR24
13:34:46,38.869505,-8.947638,4261,141.7,3.0,-3.8,,176,1.04,139,17,R,FR24
13:34:48,38.868182,-8.946290,4231,140.9,3.1,-2.5,,177,1.06,137,18,R,FR24
13:34:50,38.866879,-8.944938,4201,140.3,3.1,-1.0,,178,1.08,135,19,R,FR24
13:34:52,38.865593,-8.943596,4171,140.3,3.1,0.5,,179,1.10,135,19,R,FR24
13:34:54,38.864318,-8.942273,4141,140.5,3.0,2.0,,180,1.10,135,19,R,FR24
13:34:56,38.863052,-8.940981,4109,141.0,2.9,3.6,,182,1.10,135,19,R,FR24
13:34:58,38.861791,-8.939732,4076,141.9,2.8,5.1,,183,1.10,135,19,R,FR24
13:35:00,38.860530,-8.938537,4042,143.1,2.8,6.5,,184,1.10,135,19,R,FR24
13:35:02,38.859267,-8.937404,4007,144.5,2.9,7.7,,185,1.10,135,19,R,FR24
13:35:04,38.857998,-8.936340,3974,146.2,3.1,8.6,,186,1.12,135,19,R,FR24
13:35:06,38.856719,-8.935350,3945,148.1,3.5,9.1,,187,1.14,135,19,R,FR24
13:35:08,38.855425,-8.934432,3920,150.1,4.0,9.3,,188,1.16,135,19,R,FR24
13:35:10,38.854113,-8.933585,3902,152.1,4.6,9.0,,189,1.18,135,19,R,FR24
13:35:12,38.852779,-8.932804,3891,154.0,5.2,8.4,,190,1.20,135,19,R,FR24
13:35:14,38.851422,-8.932081,3887,155.7,5.6,7.3,,191,1.20,135,19,R,FR24
13:35:16,38.850038,-8.931404,3887,157.1,5.9,5.8,,191,1.20,135,19,R,FR24
13:35:18,38.848626,-8.930761,3890,158.2,5.9,4.0,,192,1.20,135,19,R,FR24
13:35:20,38.847185,-8.930137,3892,158.9,5.8,2.1,,193,1.20,135,19,R,FR24
13:35:22,38.845717,-8.929516,3892,159.1,5.6,-0.0,,194,1.20,135,19,R,FR24
13:35:24,38.844228,-8.928884,3891,158.9,5.6,-2.1,,194,1.20,135,19,R,FR24
13:35:26,38.842721,-8.928224,3892,158.3,5.9,-4.2,,195,1.20,135,19,R,FR24
13:35:28,38.841201,-8.927521,3899,157.3,6.5,-6.1,,195,1.20,135,19,R,FR24
13:35:30,38.839670,-8.926760,3914,156.0,7.4,-7.8,,196,1.20,135,19,R,FR24
13:35:32,38.838137,-8.925929,3942,154.4,8.5,-9.4,,196,1.20,135,19,R,FR24
13:35:34,38.836607,-8.925017,3983,152.4,9.7,-10.8,,196,1.18,135,19,R,FR24
13:35:36,38.835090,-8.924016,4037,150.3,10.8,-12.0,,195,1.16,135,19,R,FR24
13:35:38,38.833593,-8.922919,4101,147.9,11.5,-13.0,,195,1.14,135,19,R,FR24
13:35:40,38.832129,-8.921725,4168,145.4,11.6,-13.9,,194,1.12,135,19,R,FR24
13:35:42,38.830709,-8.920433,4231,142.9,11.1,-14.6,,194,1.10,137,18,R,FR24
13:35:44,38.829344,-8.919045,4283,140.3,10.1,-15.3,,194,1.10,139,17,R,FR24
13:35:46,38.828044,-8.917567,4321,137.5,9.1,-15.8,,194,1.10,142,16,R,FR24
13:35:48,38.826819,-8.916003,4347,134.6,8.1,-16.2,,194,1.10,145,15,R,FR24
13:35:50,38.825676,-8.914360,4361,131.6,7.3,-16.4,,194,1.10,148,14,R,FR24
13:35:52,38.824621,-8.912643,4368,128.4,6.8,-16.5,,194,1.10,148,14,R,FR24
13:35:54,38.823656,-8.910857,4373,125.1,6.7,-16.3,,194,1.12,148,14,R,FR24
13:35:56,38.822781,-8.909006,4380,121.9,7.1,-15.9,,194,1.14,148,14,R,FR24
13:35:58,38.821993,-8.907093,4395,118.8,7.8,-15.2,,194,1.16,148,14,R,FR24
13:36:00,38.821288,-8.905121,4421,115.8,8.7,-14.4,,194,1.18,148,14,R,FR24
13:36:02,38.820663,-8.903093,4459,113.4,9.7,-13.5,,194,1.20,155,15,R,FR24
13:36:04,38.820113,-8.901015,4511,111.2,10.6,-12.6,,193,1.18,162,15,R,FR24
13:36:06,38.819633,-8.898892,4572,109.2,11.3,-11.8,,193,1.16,168,15,R,FR24
13:36:08,38.819222,-8.896731,4639,107.3,11.6,-11.1,,193,1.14,174,16,R,FR24
13:36:10,38.818875,-8.894539,4706,105.5,11.4,-10.6,,192,1.12,179,17,R,FR24
13:36:12,38.818592,-8.892324,4767,103.7,10.7,-10.4,,192,1.10,187,17,R,FR24
13:36:14,38.818373,-8.890094,4819,101.9,9.8,-10.2,,193,1.10,194,18,R,FR24
13:36:16,38.818216,-8.887852,4858,100.0,8.8,-10.1,,194,1.10,200,19,R,FR24
13:36:18,38.818123,-8.885603,4885,98.1,7.7,-10.2,,195,1.10,206,20,R,FR24
13:36:20,38.818093,-8.883349,4898,96.1,6.6,-10.5,,195,1.10,211,22,R,FR24
13:36:22,38.818128,-8.881092,4900,93.7,5.8,-10.8,,196,1.11,211,21,R,FR24
13:36:24,38.818231,-8.878833,4894,91.2,5.2,-10.9,,198,1.13,210,20,R,FR24
13:36:26,38.818402,-8.876569,4882,88.8,4.9,-10.9,,199,1.15,209,20,R,FR24
13:36:28,38.818643,-8.874294,4869,86.3,4.9,-10.8,,200,1.17,208,19,R,FR24
13:36:30,38.818954,-8.872003,4859,83.9,5.2,-10.5,,202,1.19,207,18,R,FR24
13:36:32,38.819334,-8.869691,4855,81.8,5.8,-10.1,,202,1.20,209,20,R,FR24
13:36:34,38.819782,-8.867354,4861,79.9,6.6,-9.6,,201,1.20,211,21,R,FR24
13:36:36,38.820299,-8.864985,4879,78.1,7.6,-8.9,,201,1.20,212,22,R,FR24
13:36:38,38.820881,-8.862574,4911,76.5,8.8,-8.2,,200,1.20,214,23,R,FR24
13:36:40,38.821529,-8.860116,4959,75.0,10.0,-7.5,,199,1.20,215,24,R,FR24
13:36:42,38.822239,-8.857606,5021,73.6,11.1,-6.9,,198,1.19,214,25,R,FR24
13:36:44,38.823010,-8.855042,5098,72.4,12.2,-6.4,,197,1.17,213,25,R,FR24
13:36:46,38.823839,-8.852428,5184,71.3,12.9,-6.1,,196,1.15,213,26,R,FR24
13:36:48,38.824724,-8.849770,5276,70.3,13.2,-6.0,,195,1.13,212,26,R,FR24
13:36:50,38.825660,-8.847076,5366,69.4,12.9,-6.0,,195,1.11,212,26,R,FR24
13:36:52,38.826647,-8.844357,5451,68.3,12.4,-6.1,,194,1.09,212,27,R,FR24
13:36:54,38.827681,-8.841621,5527,67.2,11.6,-6.1,,193,1.07,213,27,R,FR24
13:36:56,38.828758,-8.838880,5593,66.2,10.8,-6.2,,193,1.05,213,27,R,FR24
13:36:58,38.829877,-8.836145,5650,65.2,10.2,-6.2,,193,1.03,214,27,R,FR24
13:37:00,38.831032,-8.833425,5701,64.1,9.8,-6.3,,192,1.01,214,27,R,FR24
13:37:02,38.832225,-8.830724,5749,63.6,9.7,-6.3,,192,1.01,209,29,R,FR24
13:37:04,38.833453,-8.828043,5798,63.3,9.8,-6.3,,192,1.03,205,30,R,FR24
13:37:06,38.834715,-8.825387,5852,62.9,10.3,-6.3,,192,1.05,200,31,R,FR24
13:37:08,38.836009,-8.822757,5912,62.5,10.9,-6.2,,192,1.07,197,33,R,FR24
13:37:10,38.837335,-8.820157,5980,62.2,11.5,-6.1,,192,1.09,193,34,R,FR24
13:37:12,38.838691,-8.817585,6055,61.4,12.1,-6.0,,191,1.10,195,36,R,FR24
13:37:14,38.840078,-8.815039,6138,60.5,12.7,-5.9,,191,1.10,196,37,R,FR24
13:37:16,38.841495,-8.812520,6229,59.7,13.4,-5.8,,190,1.10,197,39,R,FR24
13:37:18,38.842941,-8.810029,6328,58.8,14.2,-5.7,,189,1.10,198,40,R,FR24
13:37:20,38.844414,-8.807568,6436,58.0,15.0,-5.6,,188,1.10,199,42,R,FR24
13:37:22,38.845913,-8.805134,6554,57.5,15.8,-5.4,,187,1.09,198,44,R,FR24
13:37:24,38.847438,-8.802727,6679,57.2,16.5,-5.2,,185,1.07,197,46,R,FR24
13:37:26,38.848987,-8.800348,6811,56.9,17.0,-5.0,,183,1.05,196,49,R,FR24
13:37:28,38.850556,-8.797999,6945,56.6,17.2,-4.8,,182,1.03,195,51,R,FR24
13:37:30,38.852145,-8.795679,7078,56.4,17.1,-4.5,,180,1.01,194,53,R,FR24
13:37:32,38.853751,-8.793387,7208,56.2,16.8,-4.1,,179,0.99,193,55,R,FR24
13:37:34,38.855375,-8.791117,7332,56.1,16.2,-3.7,,178,0.97,192,57,R,FR24
13:37:36,38.857014,-8.788870,7448,56.0,15.5,-3.3,,178,0.95,190,58,R,FR24
13:37:38,38.858665,-8.786643,7555,56.0,14.6,-2.9,,177,0.93,189,60,R,FR24
13:37:40,38.860326,-8.784435,7650,56.2,13.6,-2.3,,177,0.91,188,62,R,FR24
13:37:42,38.861995,-8.782242,7735,56.3,12.7,-1.7,,177,0.90,187,63,R,FR24
13:37:44,38.863669,-8.780061,7811,56.5,12.0,-1.0,,177,0.90,185,64,R,FR24
13:37:46,38.865343,-8.777888,7879,56.9,11.3,-0.3,,178,0.90,184,65,R,FR24
13:37:48,38.867015,-8.775722,7939,57.4,10.6,0.5,,178,0.90,183,66,R,FR24
13:37:50,38.868679,-8.773558,7992,58.1,10.0,1.4,,179,0.90,181,67,R,FR24
13:37:52,38.870331,-8.771393,8037,58.7,9.3,2.4,,180,0.91,181,68,R,FR24
13:37:54,38.871968,-8.769219,8074,59.6,8.6,3.3,,181,0.93,181,69,R,FR24
13:37:56,38.873584,-8.767034,8104,60.5,8.0,4.3,,182,0.95,180,70,R,FR24
13:37:58,38.875176,-8.764833,8128,61.7,7.6,5.2,,184,0.97,180,71,R,FR24
13:38:00,38.876737,-8.762611,8148,63.0,7.4,6.2,,185,0.99,180,71,R,FR24
13:38:02,38.878264,-8.760364,8169,64.4,7.6,7.1,,187,1.01,179,72,R,FR24
13:38:04,38.879751,-8.758090,8193,65.9,7.9,7.9,,189,1.03,179,72,R,FR24
13:38:06,38.881193,-8.755785,8224,67.6,8.5,8.6,,192,1.05,179,73,R,FR24
13:38:08,38.882586,-8.753449,8263,69.3,9.2,9.3,,195,1.07,179,73,R,FR24
13:38:10,38.883924,-8.751082,8312,71.2,9.9,9.9,,197,1.09,178,73,R,FR24
13:38:12,38.885203,-8.748685,8370,73.1,10.5,10.4,,198,1.09,178,73,R,FR24
13:38:14,38.886419,-8.746259,8436,75.0,11.1,10.9,,198,1.07,178,73,R,FR24
13:38:16,38.887568,-8.743806,8509,77.0,11.6,11.2,,198,1.05,177,73,R,FR24
13:38:18,38.888647,-8.741328,8588,79.1,12.0,11.5,,198,1.03,177,73,R,FR24
13:38:20,38.889655,-8.738825,8670,81.1,12.2,11.6,,198,1.01,177,72,R,FR24
13:38:22,38.890592,-8.736300,8754,83.1,12.4,11.5,,198,1.00,177,72,R,FR24
13:38:24,38.891456,-8.733754,8840,85.1,12.4,11.3,,197,1.00,178,72,R,FR24
13:38:26,38.892251,-8.731190,8926,87.1,12.5,11.0,,197,1.00,178,72,R,FR24
13:38:28,38.892977,-8.728610,9013,88.9,12.5,10.5,,197,1.00,179,72,R,FR24
13:38:30,38.893639,-8.726016,9099,90.6,12.5,9.8,,196,1.00,179,71,R,FR24
13:38:32,38.894257,-8.723229,9186,92.1,12.4,7.4,,196,1.01,179,71,R,FR24
13:38:34,38.894865,-8.720211,9274,92.3,12.4,1.2,,195,1.03,179,70,R,FR24
13:38:36,38.895536,-8.717186,9364,90.5,12.6,-4.6,,195,1.05,180,69,R,FR24
13:38:38,38.896258,-8.714380,9458,88.7,12.8,-2.1,,195,1.07,180,68,R,FR24
13:38:40,38.896935,-8.711758,9554,88.8,13.1,3.2,,194,1.09,180,68,R,FR24
13:38:42,38.897578,-8.709139,9655,90.0,13.8,11.1,,193,1.10,180,67,R,FR24
13:38:44,38.898133,-8.706534,9759,92.9,14.8,19.1,,192,1.10,180,66,R,FR24
13:38:46,38.898548,-8.703953,9866,97.2,15.9,25.9,,190,1.10,181,65,R,FR24
13:38:48,38.898775,-8.701416,9973,103.0,16.8,31.2,,189,1.10,181,65,R,FR24
13:38:50,38.898774,-8.698959,10077,110.0,17.5,35.8,,188,1.10,181,64,R,FR24
13:38:52,38.898518,-8.696628,10170,118.0,17.0,37.7,,188,1.10,181,63,R,FR24
13:38:54,38.898001,-8.694464,10246,126.3,15.8,38.9,,188,1.10,182,62,R,FR24
13:38:56,38.897237,-8.692521,10296,134.9,13.5,39.1,,188,1.10,182,62,R,FR24
13:38:58,38.896259,-8.690835,10309,142.8,2.3,11.2,,188,1.10,182,61,R,FR24
13:39:00,38.895124,-8.689411,10278,149.7,4.8,31.9,,188,1.10,182,60,R,FR24
13:39:02,38.893854,-8.688211,10195,155.2,-0.5,24.4,,196,1.23,183,59,R,FR24
13:39:04,38.892434,-8.687140,10054,158.6,-5.6,13.5,,207,1.39,183,59,R,FR24
13:39:06,38.890908,-8.686121,9855,159.8,-10.1,-0.2,,218,1.55,183,58,R,FR24
13:39:08,38.889317,-8.685050,9600,158.4,-13.9,-17.0,,228,1.71,183,57,R,FR24
13:39:10,38.887710,-8.683799,9295,154.3,-16.6,-32.0,,239,1.87,184,56,R,FR24
13:39:12,38.886163,-8.682250,8948,147.7,-18.1,-42.3,,246,2.05,184,56,R,FR24
13:39:14,38.884782,-8.680328,8568,138.8,-18.9,-49.4,,252,2.23,184,55,R,FR24
13:39:16,38.883669,-8.677979,8166,127.7,-19.0,-54.7,,258,2.41,185,54,R,FR24
13:39:18,38.882940,-8.675203,7755,115.2,-18.7,-57.2,,264,2.59,185,54,R,FR24
13:39:20,38.882702,-8.672074,7349,101.8,-17.4,-59.6,,270,2.77,185,53,R,FR24
13:39:22,38.883055,-8.668733,6961,87.6,-15.7,-60.8,,274,2.80,185,52,R,FR24
13:39:24,38.884046,-8.665384,6605,73.4,-13.4,-61.3,,277,2.80,186,51,R,FR24
13:39:26,38.885667,-8.662224,6295,59.3,-10.4,-61.9,,280,2.80,186,51,R,FR24
13:39:28,38.887877,-8.659451,6040,45.2,-7.0,-62.7,,283,2.80,187,50,R,FR24
13:39:30,38.890592,-8.657266,5845,30.9,-3.4,-63.4,,286,2.80,187,49,R,FR24
13:39:32,38.893661,-8.655852,5711,16.3,0.4,-64.5,,282,2.80,187,48,R,FR24
13:39:34,38.896873,-8.655367,5632,0.7,4.1,-65.9,,278,2.80,188,48,R,FR24
13:39:36,38.900019,-8.655885,5599,343.9,7.2,-66.9,,274,2.80,188,47,R,FR24
13:39:38,38.902858,-8.657382,5603,326.4,8.4,-61.1,,269,2.80,189,46,R,FR24
13:39:40,38.905168,-8.659704,5635,308.5,11.4,-67.0,,265,2.80,189,46,R,FR24
13:39:42,38.906760,-8.662576,5687,290.1,13.6,-67.0,,255,2.62,189,45,R,FR24
13:39:44,38.907519,-8.665630,5755,271.0,15.8,-67.0,,243,2.42,190,44,R,FR24
13:39:46,38.907447,-8.668509,5831,251.0,18.7,-66.8,,232,2.21,190,43,R,FR24
13:39:48,38.906657,-8.670877,5913,231.1,20.8,-64.9,,221,2.01,191,43,R,FR24
13:39:50,38.905375,-8.672514,5997,212.1,21.3,-62.7,,210,1.81,191,42,R,FR24
13:39:52,38.903813,-8.673357,6083,194.3,21.5,-60.3,,206,1.65,192,41,R,FR24
13:39:54,38.902140,-8.673436,6170,178.1,21.8,-56.9,,203,1.48,192,41,R,FR24
13:39:56,38.900520,-8.672838,6260,163.9,22.1,-53.0,,200,1.32,193,40,R,FR24
13:39:58,38.899061,-8.671682,6353,151.0,22.4,-50.4,,197,1.16,194,39,R,FR24
13:40:00,38.897833,-8.670073,6448,139.0,21.6,-48.0,,194,1.00,194,39,R,FR24
13:40:02,38.896879,-8.668108,6544,127.7,20.9,-46.4,,192,1.04,195,38,R,FR24
13:40:04,38.896228,-8.665871,6636,116.6,20.5,-46.1,,191,1.08,195,37,R,FR24
13:40:06,38.895910,-8.663442,6722,105.6,19.7,-45.9,,189,1.12,196,37,R,FR24
13:40:08,38.895943,-8.660910,6795,94.7,18.1,-44.7,,187,1.16,197,36,R,FR24
13:40:10,38.896319,-8.658362,6851,84.3,15.9,-43.2,,185,1.20,197,35,R,FR24
13:40:12,38.897018,-8.655861,6883,74.5,13.1,-41.2,,186,1.22,198,35,R,FR24
13:40:14,38.898005,-8.653452,6886,65.8,9.2,-37.2,,187,1.24,199,34,R,FR24
13:40:16,38.899227,-8.651176,6854,58.4,5.1,-32.5,,188,1.26,200,33,R,FR24
13:40:18,38.900627,-8.649046,6783,52.4,0.6,-26.3,,189,1.28,201,33,R,FR24
13:40:20,38.902147,-8.647054,6672,47.9,-3.6,-19.1,,190,1.31,201,32,R,FR24
13:40:22,38.903761,-8.645140,6524,45.0,-6.8,-12.2,,197,1.58,202,32,R,FR24
13:40:24,38.905453,-8.643246,6345,43.3,-8.8,-6.7,,204,1.84,203,31,R,FR24
13:40:26,38.907201,-8.641338,6145,42.6,-9.9,-0.9,,211,2.10,204,30,R,FR24
13:40:28,38.908987,-8.639379,5937,42.7,-10.1,1.8,,218,2.36,205,30,R,FR24
13:40:30,38.910810,-8.637345,5735,43.2,-9.6,3.3,,224,2.60,206,29,R,FR24
13:40:32,38.912638,-8.635256,5554,43.8,-7.9,3.6,,224,2.62,207,29,R,FR24
13:40:34,38.914459,-8.633132,5405,44.1,-5.4,-0.0,,225,2.64,209,28,R,FR24
13:40:36,38.916288,-8.630991,5298,43.8,-2.2,-3.9,,225,2.66,210,27,R,FR24
13:40:38,38.918141,-8.628863,5239,42.7,1.4,-10.6,,226,2.68,211,27,R,FR24
13:40:40,38.920042,-8.626792,5231,40.4,5.2,-18.3,,226,2.68,212,26,R,FR24
13:40:42,38.921995,-8.624865,5270,36.8,9.6,-25.3,,220,2.50,213,27,R,FR24
13:40:44,38.924004,-8.623158,5347,31.6,14.1,-32.6,,215,2.32,213,27,R,FR24
13:40:46,38.926081,-8.621742,5451,24.7,18.1,-38.6,,210,2.14,214,27,R,FR24
13:40:48,38.928222,-8.620689,5571,16.1,21.3,-43.3,,205,1.95,214,27,R,FR24
13:40:50,38.930398,-8.620066,5700,6.0,23.6,-47.0,,200,1.78,214,27,R,FR24
13:40:52,38.932597,-8.619945,5830,354.4,25.2,-50.3,,199,1.68,208,30,R,FR24
13:40:54,38.934766,-8.620379,5960,341.7,25.2,-51.2,,198,1.58,202,33,R,FR24
13:40:56,38.936812,-8.621356,6087,328.6,25.0,-52.0,,196,1.48,198,36,R,FR24
13:40:58,38.938639,-8.622830,6211,315.3,24.9,-51.0,,195,1.38,194,39,R,FR24
13:41:00,38.940183,-8.624697,6333,302.8,23.9,-48.3,,193,1.29,191,42,R,FR24
13:41:02,38.941395,-8.626779,6455,291.5,22.5,-44.4,,186,1.23,192,44,R,FR24
13:41:04,38.942280,-8.628925,6577,281.7,20.8,-37.7,,180,1.17,193,46,R,FR24
13:41:06,38.942904,-8.631041,6701,273.8,19.5,-29.8,,173,1.11,194,47,R,FR24
13:41:08,38.943340,-8.633075,6829,268.0,19.0,-21.4,,167,1.05,195,49,R,FR24
13:41:10,38.943657,-8.635006,6959,264.1,18.9,-12.8,,161,0.99,196,51,R,FR24
13:41:12,38.943922,-8.636871,7092,262.0,18.9,-4.8,,158,0.97,194,53,R,FR24
13:41:14,38.944187,-8.638702,7223,261.5,18.8,0.2,,154,0.95,192,55,R,FR24
13:41:16,38.944485,-8.640509,7348,262.1,18.4,4.6,,151,0.94,191,58,R,FR24
13:41:18,38.944843,-8.642299,7463,263.7,17.4,7.5,,147,0.92,189,60,R,FR24
13:41:20,38.945277,-8.644077,7560,265.8,15.6,8.8,,145,0.91,188,63,R,FR24
13:41:22,38.945784,-8.645877,7634,268.4,13.0,10.3,,146,0.93,188,62,R,FR24
13:41:24,38.946357,-8.647702,7680,271.0,9.8,9.9,,147,0.95,188,62,R,FR24
13:41:26,38.946956,-8.649808,7695,274.4,6.4,7.7,,147,0.97,188,62,R,FR24
13:41:28,38.947658,-8.652241,7679,278.2,3.1,3.0,,148,0.99,188,62,R,FR24
13:41:30,38.948493,-8.654726,7633,280.3,0.4,-1.3,,150,1.01,188,62,R,FR24
13:41:32,38.949384,-8.656962,7564,280.8,-1.6,-2.9,,153,1.03,189,62,R,FR24
13:41:34,38.950268,-8.658974,7479,280.6,-2.8,-2.6,,157,1.05,189,63,R,FR24
13:41:36,38.951154,-8.661034,7387,280.4,-2.9,-2.4,,160,1.07,189,63,R,FR24
13:41:38,38.952045,-8.663142,7298,280.3,-2.2,-2.1,,164,1.09,189,63,R,FR24
13:41:40,38.952941,-8.665296,7220,280.3,-0.8,-1.8,,167,1.11,190,63,R,FR24
13:41:42,38.953843,-8.667495,7159,280.8,1.0,-1.4,,170,1.13,190,61,R,FR24
13:41:44,38.954753,-8.669736,7118,281.4,2.9,-0.9,,172,1.15,191,59,R,FR24
13:41:46,38.955672,-8.672011,7098,282.0,4.7,-0.4,,175,1.17,192,57,R,FR24
13:41:48,38.956599,-8.674313,7098,282.6,6.4,0.1,,177,1.19,193,55,R,FR24
13:41:50,38.957535,-8.676634,7116,283.3,7.7,0.6,,179,1.19,194,53,R,FR24
13:41:52,38.958479,-8.678965,7147,283.1,8.7,1.0,,180,1.17,193,55,R,FR24
13:41:54,38.959432,-8.681300,7188,282.9,9.5,1.4,,180,1.15,192,57,R,FR24
13:41:56,38.960393,-8.683628,7236,282.6,9.9,1.8,,180,1.13,191,59,R,FR24
13:41:58,38.961360,-8.685940,7287,282.3,10.1,2.2,,181,1.11,190,61,R,FR24
13:42:00,38.962331,-8.688226,7338,282.1,10.0,2.4,,181,1.10,190,63,R,FR24
13:42:02,38.963305,-8.690479,7388,282.3,9.9,2.5,,179,1.10,189,63,R,FR24
13:42:04,38.964335,-8.692951,7434,282.7,9.6,3.3,,178,1.10,189,63,R,FR24
13:42:06,38.965456,-8.695674,7476,283.9,9.3,5.6,,177,1.10,189,63,R,FR24
13:42:08,38.966657,-8.698345,7513,286.3,9.0,8.6,,175,1.10,189,63,R,FR24
13:42:10,38.967875,-8.700676,7545,289.0,8.7,10.0,,175,1.10,189,62,R,FR24
13:42:12,38.969074,-8.702726,7572,291.2,8.2,10.2,,174,1.10,188,62,R,FR24
13:42:14,38.970332,-8.704745,7592,293.2,7.5,9.1,,174,1.10,188,62,R,FR24
13:42:16,38.971640,-8.706734,7604,294.9,6.8,7.7,,173,1.10,188,62,R,FR24
13:42:18,38.972991,-8.708695,7609,296.3,6.0,5.6,,173,1.10,188,62,R,FR24
13:42:20,38.974369,-8.710636,7606,297.1,5.3,2.3,,173,1.11,187,62,R,FR24
13:42:22,38.975760,-8.712581,7595,297.3,4.6,-1.1,,174,1.13,187,62,R,FR24
13:42:24,38.977144,-8.714545,7577,296.5,4.2,-6.6,,175,1.15,187,62,R,FR24
13:42:26,38.978488,-8.716548,7555,294.6,4.2,-12.3,,175,1.17,187,62,R,FR24
13:42:28,38.979758,-8.718607,7531,291.5,4.6,-17.9,,176,1.19,187,62,R,FR24
13:42:30,38.980916,-8.720742,7509,287.1,5.5,-23.6,,180,1.23,186,62,R,FR24
13:42:32,38.981928,-8.723003,7490,281.5,6.8,-29.3,,185,1.29,186,62,R,FR24
13:42:34,38.982741,-8.725388,7476,274.8,7.6,-31.9,,191,1.35,186,62,R,FR24
13:42:36,38.983308,-8.727870,7466,267.1,3.0,-12.1,,197,1.41,186,62,R,FR24
13:42:38,38.983579,-8.730400,7457,258.5,3.5,-13.6,,202,1.47,185,61,R,FR24
13:42:40,38.983520,-8.732905,7445,249.3,10.7,-43.3,,206,1.60,185,61,R,FR24
13:42:42,38.983123,-8.735270,7422,239.4,10.6,-46.1,,208,1.78,185,61,R,FR24
13:42:44,38.982392,-8.737400,7382,229.0,9.9,-48.3,,210,1.96,185,61,R,FR24
13:42:46,38.981349,-8.739194,7319,217.8,8.8,-50.4,,212,2.14,185,61,R,FR24
13:42:48,38.980036,-8.740551,7234,206.1,7.7,-52.2,,214,2.32,184,61,R,FR24
13:42:50,38.978525,-8.741381,7132,193.8,7.0,-53.5,,215,2.34,184,61,R,FR24
13:42:52,38.976917,-8.741614,7021,181.1,6.9,-54.4,,215,2.24,184,61,R,FR24
13:42:54,38.975319,-8.741225,6909,168.2,7.0,-53.9,,215,2.14,184,61,R,FR24
13:42:56,38.973832,-8.740236,6805,155.5,7.4,-53.3,,215,2.04,183,61,R,FR24
13:42:58,38.972552,-8.738702,6718,143.1,8.1,-51.9,,215,1.94,183,61,R,FR24
13:43:00,38.971555,-8.736722,6656,131.5,9.6,-49.4,,212,1.83,183,61,R,FR24
13:43:02,38.970906,-8.734449,6625,120.8,11.3,-46.1,,206,1.71,183,61,R,FR24
13:43:04,38.970606,-8.732006,6626,111.1,12.4,-41.8,,201,1.58,183,61,R,FR24
13:43:06,38.970624,-8.729495,6660,102.6,13.4,-36.9,,195,1.46,182,61,R,FR24
13:43:08,38.970917,-8.726993,6721,95.3,14.4,-31.7,,189,1.34,182,61,R,FR24
13:43:10,38.971434,-8.724537,6804,89.1,14.9,-26.4,,186,1.30,182,61,R,FR24
13:43:12,38.972126,-8.722117,6897,84.2,14.8,-21.2,,185,1.30,182,60,R,FR24
13:43:14,38.972955,-8.719736,6990,80.4,14.1,-16.6,,183,1.30,181,60,R,FR24
13:43:16,38.973884,-8.717396,7074,77.5,12.7,-11.9,,181,1.30,181,60,R,FR24
13:43:18,38.974883,-8.715093,7142,75.5,11.1,-8.1,,180,1.30,181,60,R,FR24
13:43:20,38.975928,-8.712814,7191,74.2,9.4,-5.0,,180,1.27,181,60,R,FR24
13:43:22,38.977007,-8.710523,7221,73.5,7.7,-2.0,,182,1.23,180,60,R,FR24
13:43:24,38.978102,-8.708215,7233,73.3,6.2,-0.2,,184,1.19,180,60,R,FR24
13:43:26,38.979202,-8.705889,7230,73.4,5.1,1.5,,185,1.15,180,60,R,FR24
13:43:28,38.980296,-8.703540,7217,73.8,4.3,2.5,,187,1.11,180,60,R,FR24
13:43:30,38.981378,-8.701169,7196,74.4,3.9,3.0,,188,1.10,180,60,R,FR24
13:43:32,38.982445,-8.698779,7174,75.0,3.9,3.4,,190,1.10,179,60,R,FR24
13:43:34,38.983494,-8.696368,7155,75.6,4.3,2.7,,191,1.10,179,60,R,FR24
13:43:36,38.984531,-8.693939,7142,76.0,4.9,2.0,,192,1.10,179,60,R,FR24
13:43:38,38.985558,-8.691492,7139,76.3,5.8,1.1,,194,1.10,179,60,R,FR24
13:43:40,38.986581,-8.689036,7150,76.4,6.9,-0.0,,194,1.11,178,60,R,FR24
13:43:42,38.987604,-8.686588,7175,76.3,8.1,-1.0,,193,1.14,178,60,R,FR24
13:43:44,38.988632,-8.684152,7214,76.0,9.2,-1.6,,193,1.16,178,60,R,FR24
13:43:46,38.989668,-8.681729,7266,75.7,10.1,-2.2,,192,1.18,178,60,R,FR24
13:43:48,38.990717,-8.679319,7327,75.2,10.8,-2.9,,192,1.19,177,60,R,FR24
13:43:50,38.991782,-8.676925,7395,74.6,11.2,-3.7,,191,1.20,177,60,R,FR24
13:43:52,38.992868,-8.674552,7467,73.9,11.5,-4.4,,190,1.20,177,60,R,FR24
13:43:54,38.993979,-8.672201,7539,73.0,11.6,-5.1,,189,1.20,177,60,R,FR24
13:43:56,38.995119,-8.669873,7611,72.0,11.5,-5.7,,189,1.20,177,60,R,FR24
13:43:58,38.996292,-8.667570,7681,70.9,11.4,-5.6,,188,1.20,176,60,R,FR24
13:44:00,38.997492,-8.665301,7748,69.9,11.2,-5.0,,185,1.20,176,60,R,FR24
13:44:02,38.998711,-8.663082,7812,69.0,11.0,-4.3,,182,1.20,176,60,R,FR24
13:44:04,38.999945,-8.660913,7873,68.2,10.8,-3.5,,179,1.20,176,60,R,FR24
13:44:06,39.001187,-8.658792,7932,67.6,10.9,-2.6,,176,1.20,175,60,R,FR24
13:44:08,39.002433,-8.656717,7993,67.2,11.2,-1.9,,173,1.20,175,59,R,FR24
13:44:10,39.003677,-8.654684,8058,66.8,11.8,-1.3,,171,1.18,175,59,R,FR24
13:44:12,39.004920,-8.652684,8132,66.6,12.7,-0.8,,169,1.16,175,59,R,FR24
13:44:14,39.006157,-8.650718,8216,66.5,13.8,-0.5,,166,1.14,174,59,R,FR24
13:44:16,39.007387,-8.648785,8311,66.4,14.9,-0.3,,164,1.12,174,59,R,FR24
13:44:18,39.008608,-8.646883,8414,66.4,15.7,-0.1,,162,1.10,174,59,R,FR24
13:44:20,39.009819,-8.645014,8522,66.4,16.0,0.0,,159,1.08,174,59,R,FR24
13:44:22,39.011019,-8.643181,8628,66.4,15.8,0.1,,156,1.06,173,59,R,FR24
13:44:24,39.012207,-8.641381,8725,66.4,15.0,0.1,,153,1.04,173,59,R,FR24
13:44:26,39.013385,-8.639611,8809,66.4,13.7,0.1,,150,1.02,173,59,R,FR24
13:44:28,39.014552,-8.637872,8876,66.5,12.1,0.0,,147,1.00,173,59,R,FR24
13:44:30,39.015713,-8.636152,8925,66.4,10.3,-0.1,,147,1.00,172,59,R,FR24
13:44:32,39.016876,-8.634429,8958,66.4,8.8,-0.2,,147,1.00,172,59,R,FR24
13:44:34,39.018042,-8.632708,8980,66.3,7.8,-0.3,,147,1.00,172,59,R,FR24
13:44:36,39.019208,-8.630989,8994,66.3,7.3,-0.3,,147,1.00,172,59,R,FR24
13:44:38,39.020377,-8.629273,9006,66.2,7.3,-0.2,,147,1.00,172,59,R,FR24
13:44:40,39.021548,-8.627554,9022,66.2,7.8,-0.0,,148,1.02,171,59,R,FR24
13:44:42,39.022725,-8.625822,9046,66.2,8.6,0.2,,149,1.04,171,59,R,FR24
13:44:44,39.023905,-8.624077,9079,66.3,9.6,0.6,,151,1.06,171,59,R,FR24
13:44:46,39.025086,-8.622318,9123,66.5,10.6,1.0,,152,1.08,171,59,R,FR24
13:44:48,39.026264,-8.620545,9177,66.8,11.6,1.5,,153,1.10,170,59,R,FR24
13:44:50,39.027436,-8.618761,9242,67.1,12.5,1.9,,153,1.10,170,59,R,FR24
13:44:52,39.028595,-8.616975,9313,67.6,13.1,2.2,,153,1.10,170,59,R,FR24
13:44:54,39.029742,-8.615186,9391,68.1,13.5,2.3,,153,1.10,170,59,R,FR24
13:44:56,39.030874,-8.613390,9470,68.7,13.7,2.4,,153,1.10,169,59,R,FR24
13:44:58,39.031993,-8.611589,9550,69.2,13.5,1.8,,153,1.10,169,59,R,FR24
13:45:00,39.033101,-8.609783,9625,69.5,13.0,1.0,,153,1.08,169,59,R,FR24
13:45:02,39.034204,-8.607979,9694,69.6,12.2,-0.1,,152,1.06,169,59,R,FR24
13:45:04,39.035293,-8.606150,9752,69.4,11.3,-1.9,,152,1.04,168,59,R,FR24
13:45:06,39.036359,-8.604066,9801,68.4,10.4,-4.7,,152,1.02,168,59,R,FR24
13:45:08,39.037528,-8.601700,9842,66.7,9.8,-6.7,,151,1.00,168,59,R,FR24
13:45:10,39.038833,-8.599306,9878,64.9,9.5,-8.1,,152,1.00,168,59,R,FR24
13:45:12,39.040191,-8.597253,9912,63.4,9.3,-8.5,,153,1.00,167,59,R,FR24
13:45:14,39.041575,-8.595329,9947,61.9,9.5,-8.8,,154,1.00,167,59,R,FR24
13:45:16,39.042988,-8.593465,9985,60.3,9.9,-9.0,,155,1.00,167,59,R,FR24
13:45:18,39.044432,-8.591666,10029,58.7,10.6,-9.2,,155,1.00,167,59,R,FR24
13:45:20,39.045905,-8.589931,10084,57.0,11.6,-9.5,,156,1.02,167,59,R,FR24
13:45:22,39.047408,-8.588263,10150,55.2,12.8,-9.7,,157,1.04,165,59,R,FR24
13:45:24,39.048939,-8.586666,10229,53.2,13.9,-9.9,,158,1.06,164,58,R,FR24
13:45:26,39.050497,-8.585142,10320,51.3,14.9,-10.0,,159,1.08,163,57,R,FR24
13:45:28,39.052078,-8.583696,10421,49.4,15.6,-10.2,,160,1.10,161,56,R,FR24
13:45:30,39.053675,-8.582333,10526,47.4,15.8,-10.3,,160,1.08,160,56,R,FR24
13:45:32,39.055284,-8.581058,10630,45.4,15.4,-10.4,,160,1.06,160,55,R,FR24
13:45:34,39.057137,-8.579516,10726,43.2,14.4,-9.1,,160,1.04,161,55,R,FR24
13:45:36,39.059336,-8.577532,10809,42.3,12.9,-3.7,,160,1.02,161,55,R,FR24
13:45:38,39.061601,-8.575382,10876,43.9,11.4,3.0,,160,1.01,162,55,R,FR24
13:45:40,39.063574,-8.573540,10925,45.9,9.8,4.3,,161,1.05,162,54,R,FR24
13:45:42,39.065263,-8.572101,10956,46.7,8.0,2.5,,162,1.09,163,54,R,FR24
13:45:44,39.066956,-8.570632,10970,46.6,6.5,-3.8,,164,1.13,163,54,R,FR24
13:45:46,39.068679,-8.569171,10966,45.1,5.3,-10.7,,165,1.17,164,53,R,FR24
13:45:48,39.070463,-8.567759,10948,42.2,4.8,-18.4,,167,1.20,164,53,R,FR24
13:45:50,39.072348,-8.566446,10918,37.4,5.1,-27.3,,170,1.20,165,53,R,FR24
13:45:52,39.074371,-8.565303,10879,30.6,6.2,-35.3,,173,1.20,165,53,R,FR24
13:45:54,39.076547,-8.564427,10834,22.0,7.7,-41.4,,176,1.20,166,52,R,FR24
13:45:56,39.078862,-8.563916,10789,11.7,9.8,-46.6,,179,1.20,166,52,R,FR24
13:45:58,39.081273,-8.563874,10745,359.8,11.6,-50.2,,182,1.20,167,52,R,FR24
13:46:00,39.083709,-8.564374,10706,347.1,12.2,-52.2,,186,1.20,167,52,R,FR24
13:46:02,39.086072,-8.565449,10677,333.8,13.1,-54.0,,191,1.20,168,51,R,FR24
13:46:04,39.088249,-8.567089,10660,320.5,12.6,-47.8,,195,1.20,168,51,R,FR24
13:46:06,39.090150,-8.569219,10658,307.9,2.3,-8.1,,199,1.20,169,51,R,FR24
13:46:08,39.091711,-8.571734,10670,296.1,15.9,-48.4,,203,1.20,169,51,R,FR24
13:46:10,39.092898,-8.574483,10696,285.6,15.1,-45.9,,203,1.20,170,51,R,FR24
13:46:12,39.093734,-8.577344,10731,276.8,13.6,-40.8,,203,1.20,170,50,R,FR24
13:46:14,39.094270,-8.580240,10770,269.5,11.8,-34.1,,203,1.20,171,50,R,FR24
13:46:16,39.094569,-8.583129,10804,264.0,9.7,-26.0,,203,1.20,172,50,R,FR24
13:46:18,39.094701,-8.585992,10825,260.3,7.4,-17.3,,203,1.21,172,50,R,FR24
13:46:20,39.094722,-8.588862,10824,258.1,5.0,-8.9,,207,1.23,173,49,R,FR24
13:46:22,39.094687,-8.591756,10794,257.4,2.4,0.2,,210,1.25,173,49,R,FR24
13:46:24,39.094646,-8.594682,10727,257.7,-0.2,3.5,,214,1.27,174,49,R,FR24
13:46:26,39.094622,-8.597639,10622,258.5,-2.9,6.0,,217,1.29,174,49,R,FR24
13:46:28,39.094631,-8.600625,10481,259.5,-5.6,5.2,,222,1.34,175,49,R,FR24
13:46:30,39.094656,-8.603674,10306,259.8,-8.4,-1.2,,230,1.48,176,49,R,FR24
13:46:32,39.094656,-8.606789,10100,259.1,-10.6,-8.1,,238,1.63,176,48,R,FR24
13:46:34,39.094579,-8.609956,9869,257.0,-11.7,-21.3,,245,1.77,177,48,R,FR24
13:46:36,39.094338,-8.613146,9619,252.7,-12.0,-33.8,,253,1.91,177,48,R,FR24
13:46:38,39.093834,-8.616304,9357,246.3,-11.5,-44.1,,260,1.99,178,48,R,FR24
13:46:40,39.092983,-8.619314,9091,237.7,-10.5,-52.1,,265,1.97,179,48,R,FR24
13:46:42,39.091712,-8.622027,8828,226.7,-9.0,-58.3,,271,1.95,179,48,R,FR24
13:46:44,39.089994,-8.624250,8574,213.9,-7.5,-61.7,,276,1.93,180,47,R,FR24
13:46:46,39.087877,-8.625777,8335,199.7,-5.9,-64.4,,281,1.91,180,47,R,FR24
13:46:48,39.085488,-8.626411,8116,184.3,-4.3,-65.9,,283,1.88,181,47,R,FR24
13:46:50,39.083069,-8.626045,7920,168.8,-3.1,-65.4,,282,1.82,182,47,R,FR24
13:46:52,39.080835,-8.624725,7751,153.5,-1.7,-64.9,,280,1.76,182,47,R,FR24
13:46:54,39.078958,-8.622577,7609,139.1,-1.1,-62.1,,278,1.70,183,47,R,FR24
13:46:56,39.077530,-8.619813,7495,126.6,-0.6,-58.3,,276,1.64,184,47,R,FR24
13:46:58,39.076569,-8.616647,7406,115.9,-0.2,-52.5,,272,1.59,184,47,R,FR24
13:47:00,39.076039,-8.613319,7342,107.7,0.0,-42.2,,263,1.57,185,47,R,FR24
13:47:02,39.075825,-8.609973,7297,102.2,0.4,-28.1,,255,1.55,185,47,R,FR24
13:47:04,39.075800,-8.606682,7269,99.3,1.0,-11.5,,246,1.53,186,46,R,FR24
13:47:06,39.075845,-8.603485,7251,98.9,1.8,5.8,,237,1.51,187,46,R,FR24
13:47:08,39.075855,-8.600396,7238,100.9,2.9,18.5,,231,1.49,187,46,R,FR24
13:47:10,39.075748,-8.597378,7226,104.4,3.7,25.4,,229,1.47,188,46,R,FR24
13:47:12,39.075476,-8.594447,7212,109.2,4.4,31.5,,226,1.45,189,46,R,FR24
13:47:14,39.075010,-8.591637,7193,114.6,4.3,30.6,,224,1.43,189,46,R,FR24
13:47:16,39.074365,-8.588967,7163,119.7,3.7,28.8,,221,1.41,190,46,R,FR24
13:47:18,39.073565,-8.586445,7120,124.5,2.7,25.7,,220,1.40,191,46,R,FR24
13:47:20,39.072630,-8.584046,7063,128.4,1.2,20.4,,220,1.40,191,46,R,FR24
13:47:22,39.071596,-8.581749,6994,131.3,0.0,14.7,,220,1.40,192,46,R,FR24
13:47:24,39.070498,-8.579525,6918,133.2,-0.7,9.0,,220,1.40,193,46,R,FR24
13:47:26,39.068905,-8.576532,6838,134.9,-0.9,1.8,,220,1.40,193,46,R,FR24
13:47:28,39.066808,-8.572785,6762,136.0,-0.3,-4.6,,218,1.40,194,46,R,FR24
13:47:30,39.064804,-8.569257,6698,136.0,1.0,-7.7,,215,1.40,195,46,R,FR24
13:47:32,39.063389,-8.566655,6650,134.8,2.5,-8.9,,212,1.40,195,46,R,FR24
13:47:34,39.062431,-8.564686,6621,133.2,4.0,-9.0,,209,1.40,196,46,R,FR24
13:47:36,39.061513,-8.562662,6610,131.6,5.3,-9.1,,206,1.40,197,46,R,FR24
13:47:38,39.060641,-8.560594,6612,130.0,6.3,-9.3,,203,1.38,197,46,R,FR24
13:47:40,39.059822,-8.558494,6624,128.4,7.0,-9.5,,200,1.34,198,46,R,FR24
13:47:42,39.059062,-8.556376,6643,127.1,7.5,-9.9,,197,1.30,198,47,R,FR24
13:47:44,39.058367,-8.554251,6666,125.7,7.7,-10.4,,194,1.26,198,49,R,FR24
13:47:46,39.057743,-8.552128,6688,124.3,7.7,-11.1,,191,1.22,198,50,R,FR24
13:47:48,39.057197,-8.550014,6708,122.7,7.6,-12.0,,188,1.19,198,51,R,FR24
13:47:50,39.056732,-8.547914,6723,121.0,7.2,-12.9,,184,1.17,198,53,R,FR24
13:47:52,39.056355,-8.545829,6732,118.3,6.7,-13.6,,181,1.15,198,51,R,FR24
13:47:54,39.056070,-8.543760,6734,115.2,6.3,-14.6,,177,1.13,198,50,R,FR24
13:47:56,39.055880,-8.541705,6729,111.8,5.6,-15.1,,174,1.11,198,49,R,FR24
13:47:58,39.055786,-8.539661,6715,108.1,5.0,-15.4,,171,1.11,198,47,R,FR24
13:48:00,39.055790,-8.537624,6695,104.1,4.4,-15.5,,170,1.13,198,46,R,FR24
13:48:02,39.055892,-8.535592,6669,100.2,3.9,-15.3,,168,1.15,198,45,R,FR24
13:48:04,39.056090,-8.533562,6638,96.3,3.4,-14.8,,166,1.17,199,45,R,FR24
13:48:06,39.056383,-8.531530,6604,92.4,3.1,-14.0,,165,1.19,199,44,R,FR24
13:48:08,39.056764,-8.529495,6567,88.7,2.8,-12.9,,164,1.20,200,44,R,FR24
13:48:10,39.057229,-8.527454,6530,85.3,2.7,-11.7,,163,1.20,200,43,R,FR24
13:48:12,39.057771,-8.525408,6494,82.5,2.7,-10.5,,163,1.20,199,43,R,FR24
13:48:14,39.058383,-8.523360,6459,80.1,2.9,-9.3,,162,1.20,198,43,R,FR24
13:48:16,39.059056,-8.521309,6427,78.0,3.1,-8.1,,162,1.20,197,43,R,FR24
13:48:18,39.059783,-8.519256,6399,76.2,3.4,-7.0,,161,1.19,195,42,R,FR24
13:48:20,39.060557,-8.517204,6374,74.7,3.8,-6.1,,159,1.17,194,42,R,FR24
13:48:22,39.061372,-8.515154,6355,73.3,4.3,-5.4,,157,1.15,194,42,R,FR24
13:48:24,39.062222,-8.513110,6342,72.1,4.8,-4.8,,155,1.13,194,42,R,FR24
13:48:26,39.063102,-8.511072,6334,71.1,5.4,-4.4,,154,1.11,194,42,R,FR24
13:48:28,39.064010,-8.509042,6332,70.1,6.0,-4.1,,153,1.10,194,42,R,FR24
13:48:30,39.064944,-8.507019,6336,69.2,6.5,-4.0,,152,1.10,194,42,R,FR24
13:48:32,39.065904,-8.505001,6344,68.0,7.0,-4.1,,152,1.10,195,42,R,FR24
13:48:34,39.066893,-8.502987,6356,66.9,7.3,-4.2,,152,1.10,196,42,R,FR24
13:48:36,39.067912,-8.500973,6369,65.7,7.4,-4.4,,151,1.10,197,42,R,FR24
13:48:38,39.068964,-8.498959,6383,64.4,7.3,-4.8,,153,1.13,198,42,R,FR24
13:48:40,39.070055,-8.496941,6394,63.0,6.9,-5.2,,155,1.17,199,41,R,FR24
13:48:42,39.071189,-8.494917,6400,61.8,6.4,-5.8,,157,1.21,198,42,R,FR24
13:48:44,39.072372,-8.492886,6399,60.6,5.7,-6.3,,159,1.25,197,42,R,FR24
13:48:46,39.073608,-8.490847,6391,59.2,4.9,-6.8,,161,1.29,196,42,R,FR24
13:48:48,39.074903,-8.488803,6376,57.8,4.2,-7.3,,163,1.32,195,42,R,FR24
13:48:50,39.076259,-8.486755,6354,56.3,3.8,-7.9,,165,1.34,194,42,R,FR24
13:48:52,39.077681,-8.484707,6328,54.7,3.6,-8.5,,167,1.36,194,42,R,FR24
13:48:54,39.079170,-8.482665,6304,53.0,3.9,-9.1,,168,1.38,193,42,R,FR24
13:48:56,39.080730,-8.480636,6284,51.2,4.6,-9.7,,170,1.40,192,42,R,FR24
13:48:58,39.082359,-8.478629,6274,49.4,5.5,-10.3,,172,1.37,191,42,R,FR24
13:49:00,39.084057,-8.476651,6277,47.5,6.7,-10.9,,175,1.33,191,42,R,FR24
13:49:02,39.085825,-8.474712,6293,45.2,8.0,-11.5,,178,1.29,192,42,R,FR24
13:49:04,39.087664,-8.472818,6325,42.7,9.4,-12.1,,180,1.25,194,42,R,FR24
13:49:06,39.089571,-8.470980,6374,40.2,10.8,-12.7,,183,1.21,196,43,R,FR24
13:49:08,39.091543,-8.469207,6439,37.5,12.2,-13.2,,182,1.18,198,43,R,FR24
13:49:10,39.093576,-8.467510,6519,34.8,13.5,-13.7,,182,1.16,200,43,R,FR24
13:49:12,39.095669,-8.465895,6613,32.7,14.7,-14.1,,181,1.14,199,45,R,FR24
13:49:14,39.097817,-8.464371,6719,30.5,15.7,-14.4,,180,1.12,197,47,R,FR24
13:49:16,39.100015,-8.462944,6834,28.3,16.5,-14.6,,179,1.10,196,49,R,FR24
13:49:18,39.102257,-8.461622,6956,26.0,17.1,-14.7,,177,1.10,195,51,R,FR24
13:49:20,39.104536,-8.460407,7081,23.7,17.4,-14.5,,175,1.10,194,53,R,FR24
13:49:22,39.106846,-8.459302,7207,21.4,17.4,-14.2,,173,1.10,193,55,R,FR24
13:49:24,39.109180,-8.458306,7330,19.3,17.2,-13.7,,171,1.10,192,57,R,FR24
13:49:26,39.111532,-8.457419,7448,17.2,16.8,-13.3,,168,1.10,190,58,R,FR24
13:49:28,39.113892,-8.456638,7559,15.1,16.2,-12.8,,167,1.10,189,60,R,FR24
13:49:30,39.116256,-8.455962,7663,13.0,15.4,-12.4,,167,1.10,188,62,R,FR24
13:49:32,39.118621,-8.455385,7757,11.0,14.6,-11.9,,166,1.10,187,63,R,FR24
13:49:34,39.120986,-8.454906,7843,9.1,13.8,-11.6,,165,1.10,186,63,R,FR24
13:49:36,39.123353,-8.454519,7921,7.2,13.1,-11.3,,164,1.10,185,64,R,FR24
13:49:38,39.125724,-8.454222,7993,5.3,12.6,-11.1,,164,1.10,184,64,R,FR24
13:49:40,39.128099,-8.454013,8061,3.5,12.3,-10.8,,164,1.10,183,65,R,FR24
13:49:42,39.130482,-8.453890,8128,1.9,12.3,-10.7,,164,1.10,181,67,R,FR24
13:49:44,39.132875,-8.453851,8196,0.3,12.6,-10.7,,164,1.10,180,69,R,FR24
13:49:46,39.135275,-8.453899,8270,358.6,13.1,-10.9,,164,1.10,178,71,R,FR24
13:49:48,39.137680,-8.454034,8351,356.9,13.8,-11.3,,164,1.10,177,74,R,FR24
13:49:50,39.140086,-8.454260,8438,355.0,14.5,-11.8,,164,1.10,175,76,R,FR24
13:49:52,39.142486,-8.454581,8533,352.3,15.1,-12.4,,164,1.10,176,75,R,FR24
13:49:54,39.144873,-8.454999,8632,349.4,15.5,-13.1,,164,1.10,177,74,R,FR24
13:49:56,39.147239,-8.455521,8734,346.3,15.7,-14.1,,164,1.10,178,73,R,FR24
13:49:58,39.149575,-8.456152,8835,343.0,15.5,-15.1,,164,1.10,178,72,R,FR24
13:50:00,39.151873,-8.456898,8929,339.5,14.8,-16.1,,165,1.10,179,71,R,FR24
13:50:02,39.154123,-8.457763,9012,336.1,13.6,-17.1,,165,1.10,179,70,R,FR24
13:50:04,39.156319,-8.458752,9079,332.4,12.1,-18.2,,166,1.10,179,69,R,FR24
13:50:06,39.158450,-8.459871,9127,328.5,10.4,-19.2,,166,1.10,179,69,R,FR24
13:50:08,39.160512,-8.461122,9154,324.4,8.7,-20.0,,167,1.12,179,68,R,FR24
13:50:10,39.162497,-8.462508,9163,320.1,7.2,-20.6,,168,1.14,179,68,R,FR24
13:50:12,39.164402,-8.464031,9158,315.5,6.3,-20.9,,169,1.16,179,68,R,FR24
13:50:14,39.166224,-8.465689,9146,310.9,5.9,-21.0,,170,1.18,180,69,R,FR24
13:50:16,39.167959,-8.467482,9133,306.4,6.0,-20.8,,171,1.20,180,70,R,FR24
13:50:18,39.169609,-8.469406,9126,302.1,6.5,-20.4,,176,1.20,180,70,R,FR24
13:50:20,39.171174,-8.471455,9126,298.0,7.1,-19.6,,180,1.20,181,71,R,FR24
13:50:22,39.172654,-8.473624,9135,294.8,7.7,-18.7,,185,1.20,180,70,R,FR24
13:50:24,39.174052,-8.475905,9154,291.9,8.2,-17.6,,190,1.20,179,70,R,FR24
13:50:26,39.175373,-8.478288,9182,289.4,8.8,-16.3,,194,1.20,177,69,R,FR24
13:50:28,39.176620,-8.480766,9220,287.1,9.5,-14.9,,194,1.18,176,68,R,FR24
13:50:30,39.177800,-8.483329,9271,285.1,10.3,-13.5,,195,1.16,175,67,R,FR24
13:50:32,39.178918,-8.485969,9335,283.4,11.2,-12.0,,195,1.14,174,67,R,FR24
13:50:34,39.179979,-8.488677,9412,281.9,12.2,-10.7,,196,1.12,174,66,R,FR24
13:50:36,39.180990,-8.491443,9502,280.6,12.9,-9.5,,196,1.10,173,65,R,FR24
13:50:38,39.181955,-8.494259,9599,279.5,13.3,-8.4,,196,1.08,173,64,R,FR24
13:50:40,39.182879,-8.497118,9701,278.6,13.5,-7.6,,196,1.06,172,63,R,FR24
13:50:42,39.183764,-8.500017,9803,277.8,13.4,-6.9,,196,1.04,171,62,R,FR24
13:50:44,39.184616,-8.502952,9903,277.2,13.2,-6.4,,196,1.02,169,62,R,FR24
13:50:46,39.185435,-8.505921,10000,276.6,12.9,-5.9,,196,1.00,168,61,R,FR24
13:50:48,39.186225,-8.508923,10094,276.1,12.6,-5.7,,196,1.00,166,60,R,FR24
13:50:50,39.186985,-8.511957,10184,275.6,12.4,-5.7,,196,1.00,165,59,R,FR24
13:50:52,39.187717,-8.515026,10272,274.5,12.3,-5.9,,196,1.00,163,62,R,FR24
13:50:54,39.188419,-8.518129,10360,273.2,12.3,-6.0,,196,1.00,162,64,R,FR24
13:50:56,39.189090,-8.521267,10450,271.9,12.5,-6.3,,196,1.00,161,67,R,FR24
13:50:58,39.189726,-8.524434,10543,270.6,12.8,-6.6,,196,1.02,159,70,R,FR24
13:51:00,39.190325,-8.527626,10641,269.1,13.2,-7.0,,196,1.04,158,72,R,FR24
13:51:02,39.190883,-8.530837,10745,267.9,13.6,-7.4,,196,1.06,158,73,R,FR24
13:51:04,39.191397,-8.534061,10855,266.6,14.1,-7.8,,196,1.08,157,74,R,FR24
13:51:06,39.191861,-8.537289,10972,265.2,14.6,-8.1,,196,1.10,157,75,R,FR24
13:51:08,39.192274,-8.540512,11093,263.7,14.9,-8.5,,195,1.10,156,76,R,FR24
13:51:10,39.192631,-8.543721,11217,262.1,15.1,-8.9,,194,1.10,156,76,R,FR24
13:51:12,39.192930,-8.546909,11342,261.5,15.2,-9.4,,193,1.10,155,72,R,FR24
13:51:14,39.193167,-8.550071,11466,260.9,15.1,-9.8,,192,1.10,154,67,R,FR24
13:51:16,39.193342,-8.553200,11587,260.3,14.9,-10.1,,191,1.09,154,62,R,FR24
13:51:18,39.193451,-8.556291,11704,259.6,14.7,-10.4,,189,1.07,153,58,R,FR24
13:51:20,39.193494,-8.559340,11815,258.9,14.4,-10.8,,187,1.05,152,53,R,FR24
13:51:22,39.193470,-8.562346,11921,257.2,14.0,-11.1,,185,1.03,152,52,R,FR24
13:51:24,39.193377,-8.565309,12021,255.5,13.6,-11.3,,183,1.01,152,51,R,FR24
13:51:26,39.193215,-8.568227,12114,253.6,13.2,-11.5,,181,1.01,152,51,R,FR24
13:51:28,39.192984,-8.571100,12200,251.8,12.5,-11.8,,182,1.03,151,50,R,FR24
13:51:30,39.192683,-8.573927,12276,249.9,11.8,-12.0,,182,1.05,151,49,R,FR24
13:51:32,39.192312,-8.576710,12343,248.2,10.9,-12.1,,182,1.07,153,47,R,FR24
13:51:34,39.191870,-8.579449,12397,246.5,9.9,-12.3,,183,1.09,154,45,R,FR24
13:51:36,39.191356,-8.582146,12438,244.9,8.8,-12.4,,184,1.11,155,43,R,FR24
13:51:38,39.190769,-8.584803,12463,243.3,7.5,-12.5,,187,1.13,157,41,R,FR24
13:51:40,39.190110,-8.587422,12471,241.7,6.2,-12.6,,190,1.15,159,39,R,FR24
13:51:42,39.189377,-8.590006,12461,239.3,4.9,-12.5,,193,1.17,157,41,R,FR24
13:51:44,39.188570,-8.592558,12435,236.8,3.8,-12.3,,196,1.19,155,43,R,FR24
13:51:46,39.187690,-8.595077,12399,234.3,3.2,-12.1,,199,1.21,154,45,R,FR24
13:51:48,39.186739,-8.597563,12357,231.9,2.9,-11.8,,202,1.23,153,47,R,FR24
13:51:50,39.185720,-8.600017,12314,229.6,3.0,-11.3,,205,1.25,151,49,R,FR24
13:51:52,39.184635,-8.602435,12277,227.8,3.4,-10.8,,208,1.27,151,49,R,FR24
13:51:54,39.183490,-8.604816,12249,226.2,4.0,-10.3,,211,1.29,151,49,R,FR24
13:51:56,39.182288,-8.607159,12235,224.7,4.9,-9.6,,213,1.29,151,49,R,FR24
13:51:58,39.181036,-8.609463,12237,223.3,6.0,-8.9,,214,1.27,151,49,R,FR24
13:52:00,39.179737,-8.611729,12257,222.0,7.0,-8.0,,214,1.25,151,49,R,FR24
13:52:02,39.178399,-8.613959,12293,221.2,7.9,-7.1,,215,1.23,153,48,R,FR24
13:52:04,39.177026,-8.616155,12341,220.5,8.6,-6.1,,215,1.21,155,47,R,FR24
13:52:06,39.175625,-8.618322,12397,220.0,9.0,-5.1,,215,1.21,157,47,R,FR24
13:52:08,39.174198,-8.620467,12459,219.6,9.3,-4.1,,215,1.23,160,46,R,FR24
13:52:10,39.172750,-8.622596,12527,219.5,9.7,-3.2,,215,1.25,162,46,R,FR24
13:52:12,39.171283,-8.624714,12604,219.4,10.3,-2.4,,215,1.27,164,45,R,FR24
13:52:14,39.169801,-8.626829,12692,219.4,11.2,-1.7,,215,1.29,166,44,R,FR24
13:52:16,39.168305,-8.628942,12796,219.6,12.4,-1.2,,214,1.29,168,44,R,FR24
13:52:18,39.166801,-8.631055,12918,219.7,13.8,-0.9,,212,1.27,171,44,R,FR24
13:52:20,39.165290,-8.633166,13056,219.9,15.0,-0.9,,209,1.25,173,43,R,FR24
13:52:22,39.163775,-8.635272,13204,219.9,15.8,-1.0,,206,1.23,175,44,R,FR24
13:52:24,39.162259,-8.637367,13359,219.9,16.2,-1.2,,204,1.21,176,44,R,FR24
13:52:26,39.160746,-8.639444,13514,219.8,16.2,-1.6,,202,1.18,178,45,R,FR24
13:52:28,39.159237,-8.641496,13662,219.6,15.7,-2.1,,200,1.14,180,45,R,FR24
13:52:30,39.157734,-8.643515,13800,219.3,14.9,-2.7,,198,1.10,181,46,R,FR24
13:52:32,39.156235,-8.645497,13922,218.9,13.9,-3.4,,196,1.06,182,46,R,FR24
13:52:34,39.154735,-8.647440,14029,218.4,12.8,-4.2,,195,1.02,182,46,R,FR24
13:52:36,39.153235,-8.649336,14118,217.8,11.7,-5.0,,193,1.00,183,46,R,FR24
13:52:38,39.151731,-8.651181,14194,217.0,10.8,-5.8,,191,1.00,184,46,R,FR24
13:52:40,39.150222,-8.652967,14257,216.1,10.1,-6.8,,190,1.00,184,46,R,FR24
13:52:42,39.148704,-8.654690,14313,214.8,9.7,-7.7,,188,1.00,184,46,R,FR24
13:52:44,39.147173,-8.656345,14364,213.4,9.6,-8.6,,186,1.00,183,47,R,FR24
13:52:46,39.145626,-8.657928,14412,211.8,9.5,-9.4,,186,1.00,183,47,R,FR24
13:52:48,39.144062,-8.659432,14459,210.1,9.3,-10.2,,186,1.00,182,48,R,FR24
13:52:50,39.142478,-8.660853,14501,208.3,8.9,-10.8,,186,1.00,181,48,R,FR24
13:52:52,39.140872,-8.662189,14534,206.5,8.2,-11.4,,187,1.00,181,48,R,FR24
13:52:54,39.139239,-8.663439,14555,204.7,7.2,-11.7,,187,1.00,181,48,R,FR24
13:52:56,39.137580,-8.664601,14561,202.9,6.0,-11.9,,189,1.01,181,48,R,FR24
13:52:58,39.135891,-8.665675,14551,201.0,4.9,-11.8,,190,1.03,181,48,R,FR24
13:53:00,39.134174,-8.666662,14526,199.2,3.9,-11.6,,192,1.05,181,48,R,FR24
13:53:02,39.132428,-8.667565,14493,197.5,3.5,-11.1,,194,1.07,181,48,R,FR24
13:53:04,39.130651,-8.668389,14458,195.8,3.6,-10.5,,195,1.09,181,48,R,FR24
13:53:06,39.128846,-8.669138,14432,194.3,4.3,-9.7,,197,1.10,181,48,R,FR24
13:53:08,39.127012,-8.669818,14420,192.9,5.4,-8.8,,199,1.10,181,48,R,FR24
13:53:10,39.125151,-8.670436,14425,191.7,6.5,-7.8,,201,1.10,181,48,R,FR24
13:53:12,39.123263,-8.671000,14444,190.6,7.3,-6.6,,202,1.10,182,49,R,FR24
13:53:14,39.121349,-8.671519,14473,189.8,7.8,-5.6,,204,1.10,182,49,R,FR24
13:53:16,39.119411,-8.672000,14508,189.1,8.0,-4.6,,205,1.11,182,49,R,FR24
13:53:18,39.117450,-8.672451,14544,188.5,8.0,-3.7,,206,1.13,182,50,R,FR24
13:53:20,39.115468,-8.672878,14581,188.1,8.0,-3.0,,207,1.15,183,50,R,FR24
13:53:22,39.113465,-8.673286,14620,187.7,8.1,-2.4,,208,1.17,183,49,R,FR24
13:53:24,39.111442,-8.673679,14662,187.4,8.3,-2.2,,209,1.19,183,49,R,FR24
13:53:26,39.109402,-8.674057,14708,187.2,8.6,-2.2,,209,1.20,183,48,R,FR24
13:53:28,39.107349,-8.674421,14757,186.8,8.7,-2.4,,209,1.20,183,47,R,FR24
13:53:30,39.105285,-8.674766,14807,186.5,8.7,-3.0,,209,1.20,183,46,R,FR24
13:53:32,39.103213,-8.675089,14855,186.1,8.5,-3.7,,209,1.20,183,46,R,FR24
13:53:34,39.101134,-8.675382,14899,185.6,8.2,-4.6,,209,1.20,183,45,R,FR24
13:53:36,39.099051,-8.675637,14936,184.9,7.8,-5.6,,209,1.20,184,44,R,FR24
13:53:38,39.096966,-8.675848,14965,184.1,7.2,-6.6,,209,1.20,184,44,R,FR24
13:53:40,39.094883,-8.676006,14985,183.2,6.7,-7.6,,209,1.20,185,43,R,FR24
13:53:42,39.092803,-8.676102,14996,182.0,6.2,-8.5,,209,1.20,185,43,R,FR24
13:53:44,39.090726,-8.676129,15001,180.8,5.9,-9.3,,209,1.20,185,43,R,FR24
13:53:46,39.088655,-8.676082,15002,179.4,5.7,-10.0,,209,1.18,185,43,R,FR24
13:53:48,39.086591,-8.675954,15002,177.9,5.8,-10.6,,208,1.16,185,42,R,FR24
13:53:50,39.084534,-8.675742,15005,176.3,6.1,-11.1,,208,1.14,185,42,R,FR24
13:53:52,39.082486,-8.675441,15012,174.7,6.5,-11.4,,207,1.12,185,42,R,FR24
13:53:54,39.080448,-8.675050,15028,172.9,7.1,-11.6,,207,1.10,185,41,R,FR24
13:53:56,39.078421,-8.674566,15053,171.2,7.8,-11.6,,206,1.08,185,40,R,FR24
13:53:58,39.076403,-8.673992,15088,169.5,8.4,-11.4,,204,1.06,185,40,R,FR24
13:54:00,39.074397,-8.673328,15132,167.8,9.0,-10.9,,203,1.04,185,39,R,FR24
13:54:02,39.072400,-8.672577,15184,166.3,9.5,-10.3,,202,1.02,186,38,R,FR24
13:54:04,39.070411,-8.671745,15240,164.9,9.6,-9.5,,201,1.00,188,38,R,FR24
13:54:06,39.068429,-8.670837,15295,163.7,9.5,-8.5,,199,1.00,189,37,R,FR24
13:54:08,39.066454,-8.669860,15346,162.7,9.0,-7.4,,198,1.00,190,37,R,FR24
13:54:10,39.064483,-8.668824,15386,161.8,8.2,-6.3,,197,1.00,192,36,R,FR24
13:54:12,39.062513,-8.667737,15413,160.9,7.2,-5.1,,195,1.00,191,36,R,FR24
13:54:14,39.060543,-8.666607,15428,160.2,6.4,-4.1,,194,1.00,191,36,R,FR24
13:54:16,39.058573,-8.665441,15434,159.6,6.0,-3.2,,194,1.02,191,36,R,FR24
13:54:18,39.056603,-8.664249,15438,159.1,6.0,-2.5,,193,1.04,190,36,R,FR24
13:54:20,39.054633,-8.663036,15445,158.7,6.3,-1.9,,193,1.06,190,36,R,FR24
13:54:22,39.052662,-8.661806,15457,158.5,6.7,-1.5,,192,1.08,191,36,R,FR24
13:54:24,39.050689,-8.660560,15474,158.4,6.9,-1.3,,192,1.10,192,36,R,FR24
13:54:26,39.048714,-8.659302,15492,158.2,6.9,-1.3,,192,1.08,192,36,R,FR24
13:54:28,39.046739,-8.658033,15507,158.1,6.6,-1.3,,193,1.06,193,36,R,FR24
13:54:30,39.044762,-8.656751,15516,158.0,6.1,-1.5,,193,1.04,194,36,R,FR24
13:54:32,39.042784,-8.655454,15517,157.7,5.5,-1.6,,194,1.02,193,36,R,FR24
13:54:34,39.040801,-8.654139,15510,157.4,4.9,-1.9,,194,1.00,192,36,R,FR24
13:54:36,39.038813,-8.652805,15494,157.0,4.4,-2.1,,196,1.08,192,36,R,FR24
13:54:38,39.036823,-8.651450,15471,156.6,3.9,-2.3,,199,1.16,191,36,R,FR24
13:54:40,39.034831,-8.650073,15443,156.2,3.6,-2.5,,202,1.24,190,36,R,FR24
13:54:42,39.032837,-8.648672,15410,155.8,3.3,-2.7,,204,1.32,190,36,R,FR24
13:54:44,39.030841,-8.647246,15374,155.3,3.1,-2.9,,207,1.40,189,36,R,FR24
13:54:46,39.028847,-8.645794,15336,154.8,3.0,-3.1,,207,1.42,189,36,R,FR24
13:54:48,39.026858,-8.644316,15295,154.4,2.8,-3.4,,208,1.44,188,36,R,FR24
13:54:50,39.024878,-8.642814,15251,153.8,2.5,-3.7,,208,1.46,188,36,R,FR24
13:54:52,39.022910,-8.641287,15202,153.4,2.2,-3.9,,209,1.48,187,38,R,FR24
13:54:54,39.020955,-8.639734,15147,152.9,1.7,-4.2,,209,1.50,187,39,R,FR24
13:54:56,39.019018,-8.638156,15083,152.4,1.2,-4.5,,209,1.48,186,40,R,FR24
13:54:58,39.017102,-8.636552,15011,151.8,0.6,-4.9,,208,1.46,185,42,R,FR24
13:55:00,39.015210,-8.634921,14930,151.2,0.0,-5.2,,208,1.44,185,43,R,FR24
13:55:02,39.013342,-8.633262,14841,150.6,-0.4,-5.5,,207,1.42,184,44,R,FR24
13:55:04,39.011499,-8.631571,14746,149.8,-0.8,-5.9,,207,1.40,183,45,R,FR24
13:55:06,39.009681,-8.629846,14646,149.1,-1.0,-6.2,,207,1.38,183,46,R,FR24
13:55:08,39.007889,-8.628084,14547,148.2,-0.9,-6.6,,208,1.36,182,47,R,FR24
13:55:10,39.006125,-8.626283,14451,147.4,-0.5,-7.0,,208,1.34,181,48,R,FR24
13:55:12,39.004388,-8.624438,14365,146.4,0.3,-7.4,,209,1.32,182,48,R,FR24
13:55:14,39.002676,-8.622543,14294,145.4,1.3,-7.8,,209,1.30,183,47,R,FR24
13:55:16,39.000991,-8.620594,14241,144.2,2.6,-8.4,,210,1.28,183,47,R,FR24
13:55:18,38.999335,-8.618588,14208,143.0,3.9,-9.1,,211,1.26,184,46,R,FR24
13:55:20,38.997711,-8.616521,14195,141.7,5.2,-9.9,,212,1.24,184,46,R,FR24
13:55:22,38.996122,-8.614386,14200,140.3,6.2,-10.7,,212,1.22,184,46,R,FR24
13:55:24,38.994572,-8.612176,14217,138.8,6.9,-11.8,,213,1.20,184,47,R,FR24
13:55:26,38.993066,-8.609886,14241,137.1,7.3,-12.9,,213,1.18,183,47,R,FR24
13:55:28,38.991612,-8.607511,14265,135.2,7.1,-14.2,,212,1.16,183,47,R,FR24
13:55:30,38.990216,-8.605043,14280,133.2,6.6,-15.5,,212,1.14,183,48,R,FR24
13:55:32,38.988887,-8.602475,14280,130.8,5.6,-16.8,,211,1.12,183,47,R,FR24
13:55:34,38.987633,-8.599802,14262,128.3,4.6,-18.1,,211,1.11,184,46,R,FR24
13:55:36,38.986466,-8.597020,14226,125.5,3.5,-19.4,,211,1.15,184,45,R,FR24
13:55:38,38.985395,-8.594128,14172,122.6,2.6,-20.6,,211,1.19,185,44,R,FR24
13:55:40,38.984434,-8.591128,14107,119.5,2.1,-21.7,,211,1.23,185,44,R,FR24
13:55:42,38.983591,-8.588023,14037,116.3,2.0,-22.5,,211,1.27,184,44,R,FR24
13:55:44,38.982878,-8.584817,13969,113.2,2.5,-23.2,,211,1.30,183,44,R,FR24
13:55:46,38.982304,-8.581522,13912,109.9,3.4,-23.6,,211,1.28,183,45,R,FR24
13:55:48,38.981874,-8.578149,13872,106.7,4.6,-23.9,,211,1.26,182,45,R,FR24
13:55:50,38.981596,-8.574713,13851,103.4,5.9,-24.0,,211,1.24,181,46,R,FR24
13:55:52,38.981473,-8.571225,13846,100.1,6.9,-24.0,,211,1.22,181,45,R,FR24
13:55:54,38.981505,-8.567698,13857,96.8,7.8,-23.9,,211,1.20,181,45,R,FR24
13:55:56,38.981695,-8.564146,13879,93.5,8.6,-23.7,,210,1.20,181,45,R,FR24
13:55:58,38.982041,-8.560585,13909,90.2,9.1,-23.6,,208,1.20,182,45,R,FR24
13:56:00,38.982542,-8.557028,13944,87.0,9.5,-23.5,,207,1.20,182,45,R,FR24
13:56:02,38.983197,-8.553487,13983,83.8,9.7,-23.4,,206,1.20,182,45,R,FR24
13:56:04,38.984004,-8.549973,14025,80.6,9.9,-23.3,,204,1.19,183,45,R,FR24
13:56:06,38.984961,-8.546498,14069,77.5,10.1,-23.2,,204,1.17,183,45,R,FR24
13:56:08,38.986065,-8.543072,14116,74.3,10.3,-23.1,,203,1.15,184,45,R,FR24
13:56:10,38.987312,-8.539706,14166,71.2,10.6,-23.0,,202,1.13,184,46,R,FR24
13:56:12,38.988702,-8.536406,14221,68.1,10.9,-22.8,,201,1.11,184,46,R,FR24
13:56:14,38.990230,-8.533177,14280,65.1,11.1,-22.6,,200,1.09,183,47,R,FR24
13:56:16,38.991894,-8.530026,14342,62.2,11.3,-22.4,,199,1.07,183,47,R,FR24
13:56:18,38.993688,-8.526960,14403,59.2,11.1,-22.0,,197,1.05,182,48,R,FR24
13:56:20,38.995609,-8.523983,14460,56.4,10.7,-21.6,,196,1.03,181,48,R,FR24
13:56:22,38.997653,-8.521097,14507,53.5,9.8,-21.1,,195,1.01,182,48,R,FR24
13:56:24,38.999816,-8.518302,14540,50.7,8.7,-20.7,,194,1.01,182,49,R,FR24
13:56:26,39.002093,-8.515603,14557,47.9,7.4,-20.3,,195,1.03,182,49,R,FR24
13:56:28,39.004478,-8.513002,14555,45.2,6.1,-20.0,,195,1.05,182,49,R,FR24
13:56:30,39.006969,-8.510504,14534,42.6,4.7,-19.7,,195,1.07,183,50,R,FR24
13:56:32,39.009561,-8.508110,14493,39.8,3.3,-19.5,,196,1.09,183,49,R,FR24
13:56:34,39.012252,-8.505823,14432,37.2,1.9,-19.4,,197,1.11,183,48,R,FR24
13:56:36,39.015036,-8.503649,14354,34.5,0.8,-19.4,,200,1.15,184,47,R,FR24
13:56:38,39.017904,-8.501596,14262,31.9,0.1,-19.5,,202,1.19,184,46,R,FR24
13:56:40,39.020849,-8.499672,14164,29.4,0.0,-19.6,,205,1.24,184,46,R,FR24
13:56:42,39.023865,-8.497883,14072,26.9,0.7,-19.6,,207,1.28,184,45,R,FR24
13:56:44,39.026948,-8.496232,13998,24.4,2.2,-19.5,,209,1.30,184,45,R,FR24
13:56:46,39.030087,-8.494725,13954,22.0,4.3,-19.4,,209,1.30,184,45,R,FR24
13:56:48,39.033271,-8.493365,13946,19.6,6.8,-19.1,,209,1.30,184,45,R,FR24
13:56:50,39.036489,-8.492154,13977,17.3,9.3,-18.7,,209,1.30,184,45,R,FR24
13:56:52,39.039735,-8.491091,14042,15.1,11.3,-18.1,,209,1.30,183,46,R,FR24
13:56:54,39.043001,-8.490174,14135,12.9,13.0,-17.4,,208,1.27,183,46,R,FR24
13:56:56,39.046275,-8.489398,14249,10.9,14.3,-16.6,,205,1.21,182,47,R,FR24
13:56:58,39.049547,-8.488759,14375,9.0,15.1,-15.8,,202,1.15,182,48,R,FR24
13:57:00,39.052808,-8.488249,14507,7.1,15.3,-14.9,,199,1.09,181,48,R,FR24
13:57:02,39.056054,-8.487862,14638,5.2,15.2,-14.0,,196,1.03,182,47,R,FR24
13:57:04,39.059282,-8.487588,14763,3.3,14.8,-13.1,,193,1.01,183,45,R,FR24
13:57:06,39.062488,-8.487421,14881,1.6,14.1,-12.2,,192,1.03,183,44,R,FR24
13:57:08,39.065665,-8.487351,14989,0.0,13.4,-11.4,,191,1.05,184,42,R,FR24
13:57:10,39.068813,-8.487372,15086,358.5,12.6,-10.6,,189,1.07,185,41,R,FR24
13:57:12,39.071933,-8.487475,15173,357.1,11.9,-9.7,,188,1.09,186,40,R,FR24
13:57:14,39.075031,-8.487653,15249,355.8,11.2,-8.8,,187,1.10,187,39,R,FR24
13:57:16,39.078105,-8.487899,15317,354.6,10.5,-8.0,,187,1.10,188,38,R,FR24
13:57:18,39.081156,-8.488205,15376,353.5,9.9,-7.3,,186,1.10,189,37,R,FR24
13:57:20,39.084184,-8.488566,15429,352.5,9.5,-6.7,,186,1.10,190,36,R,FR24
13:57:22,39.087195,-8.488977,15476,351.6,9.1,-6.2,,186,1.10,191,36,R,FR24
13:57:24,39.090194,-8.489435,15520,350.8,8.8,-5.7,,186,1.10,191,36,R,FR24
13:57:26,39.093184,-8.489937,15560,350.0,8.6,-5.4,,187,1.10,192,36,R,FR24
13:57:28,39.096162,-8.490480,15598,349.2,8.4,-5.3,,188,1.10,192,36,R,FR24
13:57:30,39.099129,-8.491063,15633,348.5,8.2,-5.2,,188,1.10,193,36,R,FR24
13:57:32,39.102090,-8.491686,15665,347.9,7.9,-5.2,,189,1.10,192,35,R,FR24
13:57:34,39.105048,-8.492352,15693,347.3,7.6,-5.3,,190,1.09,191,35,R,FR24
13:57:36,39.108004,-8.493059,15716,346.7,7.2,-5.4,,192,1.07,190,34,R,FR24
13:57:38,39.110955,-8.493809,15733,346.2,6.7,-5.6,,193,1.05,189,34,R,FR24
13:57:40,39.113903,-8.494603,15743,345.6,6.2,-5.7,,194,1.03,188,33,R,FR24
13:57:42,39.116849,-8.495443,15746,344.8,5.8,-5.7,,196,1.01,188,33,R,FR24
13:57:44,39.119801,-8.496331,15746,344.1,5.6,-5.8,,198,1.01,188,33,R,FR24
13:57:46,39.122757,-8.497267,15742,343.4,5.4,-5.9,,200,1.03,188,33,R,FR24
13:57:48,39.125716,-8.498253,15739,342.6,5.5,-6.0,,203,1.05,188,33,R,FR24
13:57:50,39.128676,-8.499288,15739,341.9,5.7,-6.2,,205,1.07,188,33,R,FR24
13:57:52,39.131638,-8.500374,15742,341.0,6.0,-6.4,,208,1.09,190,34,R,FR24
13:57:54,39.134602,-8.501514,15752,340.0,6.4,-6.6,,209,1.11,191,34,R,FR24
13:57:56,39.137562,-8.502708,15770,339.0,6.9,-7.0,,208,1.13,192,35,R,FR24
13:57:58,39.140514,-8.503956,15794,338.0,7.4,-7.3,,208,1.15,193,35,R,FR24
13:58:00,39.143451,-8.505260,15827,336.9,7.9,-7.8,,207,1.17,194,36,R,FR24
13:58:02,39.146368,-8.506622,15865,336.1,8.3,-8.3,,207,1.19,192,35,R,FR24
13:58:04,39.149264,-8.508043,15907,335.3,8.6,-8.8,,206,1.19,191,33,R,FR24
13:58:06,39.152129,-8.509525,15952,334.4,8.7,-9.5,,204,1.17,190,32,R,FR24
13:58:08,39.154955,-8.511069,15996,333.4,8.7,-10.2,,202,1.15,188,31,R,FR24
13:58:10,39.157733,-8.512675,16037,332.2,8.5,-10.9,,200,1.13,187,30,R,FR24
13:58:12,39.160459,-8.514347,16073,330.8,8.2,-11.6,,199,1.11,187,30,R,FR24
13:58:14,39.163128,-8.516087,16103,329.3,7.9,-12.3,,197,1.10,187,30,R,FR24
13:58:16,39.165730,-8.517894,16129,327.6,7.7,-13.1,,195,1.10,187,30,R,FR24
13:58:18,39.168258,-8.519768,16152,325.7,7.7,-13.9,,192,1.10,187,30,R,FR24
13:58:20,39.170702,-8.521710,16176,323.8,8.0,-14.6,,190,1.10,186,30,R,FR24
13:58:22,39.173058,-8.523720,16206,321.7,8.5,-15.3,,188,1.10,186,30,R,FR24
13:58:24,39.175321,-8.525799,16241,319.4,8.9,-16.0,,187,1.11,186,30,R,FR24
13:58:26,39.177486,-8.527945,16277,317.0,9.0,-16.6,,186,1.14,186,30,R,FR24
13:58:28,39.179547,-8.530158,16310,314.5,8.6,-17.3,,185,1.16,186,30,R,FR24
13:58:30,39.181498,-8.532437,16332,311.8,7.8,-17.8,,184,1.18,186,30,R,FR24
13:58:32,39.183339,-8.534780,16340,309.1,4.9,-13.1,,183,1.19,186,30,R,FR24
13:58:34,39.185067,-8.537188,16332,306.2,5.5,-17.8,,184,1.20,186,30,R,FR24
13:58:36,39.186684,-8.539659,16313,303.4,4.9,-18.4,,184,1.20,186,30,R,FR24
13:58:38,39.188188,-8.542190,16284,300.5,4.4,-18.3,,184,1.20,186,30,R,FR24
13:58:40,39.189582,-8.544779,16251,297.6,4.1,-17.9,,185,1.20,186,30,R,FR24
13:58:42,39.190868,-8.547422,16218,294.8,4.1,-17.3,,185,1.20,186,30,R,FR24
13:58:44,39.192049,-8.550115,16187,292.1,4.3,-16.5,,186,1.20,186,30,R,FR24
13:58:46,39.193132,-8.552852,16159,289.6,4.5,-15.6,,187,1.20,186,30,R,FR24
13:58:48,39.194120,-8.555627,16136,287.2,4.7,-14.6,,188,1.20,186,30,R,FR24
13:58:50,39.195020,-8.558433,16117,285.0,4.8,-13.4,,189,1.20,186,30,R,FR24
13:58:52,39.195838,-8.561264,16099,283.0,4.8,-12.1,,190,1.20,187,30,R,FR24
13:58:54,39.196583,-8.564114,16082,281.2,4.8,-10.8,,190,1.20,187,30,R,FR24
13:58:56,39.197261,-8.566976,16065,279.6,4.7,-9.5,,191,1.20,187,30,R,FR24
13:58:58,39.197881,-8.569845,16049,278.2,4.8,-8.2,,192,1.20,187,30,R,FR24
13:59:00,39.198449,-8.572716,16037,277.0,5.0,-6.9,,193,1.20,187,30,R,FR24
13:59:02,39.198974,-8.575584,16030,276.0,5.4,-5.8,,194,1.20,187,30,R,FR24
13:59:04,39.199463,-8.578448,16031,275.1,5.9,-4.8,,194,1.20,187,30,R,FR24
13:59:06,39.199921,-8.581307,16038,274.4,6.3,-3.9,,194,1.20,187,30,R,FR24
13:59:08,39.200354,-8.584162,16049,273.9,6.5,-3.3,,194,1.20,187,30,R,FR24
13:59:10,39.200766,-8.587014,16062,273.4,6.5,-2.8,,194,1.20,186,30,R,FR24
13:59:12,39.201162,-8.589866,16073,273.0,6.3,-2.5,,194,1.20,187,30,R,FR24
13:59:14,39.201543,-8.592722,16078,272.6,5.7,-2.4,,194,1.24,187,30,R,FR24
13:59:16,39.201909,-8.595586,16073,272.2,5.0,-2.6,,195,1.28,187,30,R,FR24
13:59:18,39.202261,-8.598463,16056,271.8,4.2,-2.9,,195,1.32,187,30,R,FR24
13:59:20,39.202596,-8.601355,16027,271.4,3.4,-3.4,,196,1.36,187,30,R,FR24
13:59:22,39.202911,-8.604263,15988,270.6,2.9,-4.0,,196,1.40,188,31,R,FR24
13:59:24,39.203202,-8.607185,15945,269.7,2.7,-4.7,,196,1.38,190,32,R,FR24
13:59:26,39.203465,-8.610120,15903,268.7,3.0,-5.6,,195,1.36,191,33,R,FR24
13:59:28,39.203693,-8.613063,15870,267.6,3.8,-6.4,,195,1.34,192,35,R,FR24
13:59:30,39.203881,-8.616014,15852,266.4,5.0,-7.3,,194,1.32,194,36,R,FR24
13:59:32,39.204023,-8.618970,15854,265.4,6.5,-8.1,,194,1.30,192,35,R,FR24
13:59:34,39.204115,-8.621929,15879,264.4,8.2,-8.8,,192,1.26,191,33,R,FR24
13:59:36,39.204152,-8.624887,15927,263.3,9.8,-9.4,,191,1.22,190,32,R,FR24
13:59:38,39.204129,-8.627840,15994,262.0,11.1,-10.0,,189,1.18,188,31,R,FR24
13:59:40,39.204045,-8.630782,16075,260.7,12.1,-10.5,,187,1.14,186,30,R,FR24
13:59:42,39.203895,-8.633712,16165,259.1,12.6,-11.0,,185,1.10,186,29,R,FR24
13:59:44,39.203677,-8.636624,16258,257.4,12.7,-11.5,,185,1.08,186,29,R,FR24
13:59:46,39.203389,-8.639514,16349,255.6,12.5,-12.0,,185,1.06,186,29,R,FR24
13:59:48,39.203027,-8.642374,16432,253.8,11.8,-12.5,,184,1.04,186,29,R,FR24
13:59:50,39.202591,-8.645197,16503,251.8,10.9,-13.1,,184,1.02,186,29,R,FR24
13:59:52,39.202077,-8.647978,16559,249.8,9.8,-13.7,,183,1.00,186,28,R,FR24
13:59:54,39.201485,-8.650710,16597,247.7,8.5,-14.3,,185,1.02,185,28,R,FR24
13:59:56,39.200811,-8.653386,16616,245.6,7.1,-14.9,,186,1.04,185,27,R,FR24
13:59:58,39.200055,-8.655996,16616,243.2,5.8,-15.5,,187,1.06,185,26,R,FR24
14:00:00,39.199216,-8.658534,16598,240.8,4.7,-16.1,,189,1.08,184,26,R,FR24
14:00:02,39.198294,-8.660992,16567,238.0,4.0,-16.6,,190,1.10,185,26,R,FR24
14:00:04,39.197287,-8.663363,16528,235.1,3.6,-17.1,,191,1.12,185,27,R,FR24
14:00:06,39.196195,-8.665645,16488,232.2,3.8,-17.5,,192,1.14,186,28,R,FR24
14:00:08,39.195017,-8.667834,16453,229.2,4.3,-17.7,,194,1.16,186,29,R,FR24
14:00:10,39.193753,-8.669929,16429,226.3,5.1,-17.7,,195,1.18,186,30,R,FR24
14:00:12,39.192404,-8.671930,16415,223.4,5.8,-17.6,,196,1.20,186,30,R,FR24
14:00:14,39.190971,-8.673837,16410,220.7,6.1,-17.2,,198,1.20,186,30,R,FR24
14:00:16,39.189456,-8.675653,16407,218.1,6.1,-16.6,,201,1.20,186,30,R,FR24
14:00:18,39.187861,-8.677380,16401,215.6,5.9,-15.9,,203,1.20,186,30,R,FR24
14:00:20,39.186190,-8.679021,16395,213.2,5.8,-15.1,,205,1.20,186,30,R,FR24
14:00:22,39.184449,-8.680578,16391,211.0,5.9,-14.1,,207,1.20,186,30,R,FR24
14:00:24,39.182644,-8.682054,16394,209.0,6.3,-13.2,,207,1.18,186,30,R,FR24
14:00:26,39.180781,-8.683454,16406,207.1,7.0,-12.2,,207,1.16,186,30,R,FR24
14:00:28,39.178866,-8.684781,16430,205.4,7.6,-11.2,,207,1.14,186,29,R,FR24
14:00:30,39.176903,-8.686039,16464,203.8,8.2,-10.4,,207,1.12,186,29,R,FR24
14:00:32,39.174898,-8.687232,16505,202.4,8.5,-9.6,,207,1.10,186,29,R,FR24
14:00:34,39.172856,-8.688365,16548,201.1,8.4,-8.9,,207,1.10,185,28,R,FR24
14:00:36,39.170782,-8.689438,16585,199.9,7.8,-8.3,,207,1.10,185,27,R,FR24
14:00:38,39.168681,-8.690455,16610,198.8,7.0,-8.0,,207,1.10,185,26,R,FR24
14:00:40,39.166556,-8.691415,16621,197.7,6.0,-7.8,,207,1.10,184,25,R,FR24
14:00:42,39.164410,-8.692321,16619,196.6,5.2,-7.7,,207,1.10,185,26,R,FR24
14:00:44,39.162243,-8.693170,16607,195.5,4.8,-7.7,,207,1.10,185,27,R,FR24
14:00:46,39.160057,-8.693963,16591,194.4,4.6,-7.8,,207,1.10,185,27,R,FR24
14:00:48,39.157851,-8.694698,16575,193.3,4.7,-8.1,,207,1.10,186,28,R,FR24
14:00:50,39.155623,-8.695373,16559,192.1,4.6,-8.4,,207,1.10,186,29,R,FR24
14:00:52,39.153369,-8.695988,16541,191.0,4.4,-8.7,,207,1.11,186,29,R,FR24
14:00:54,39.151088,-8.696538,16517,189.8,4.0,-9.0,,208,1.13,186,29,R,FR24
14:00:56,39.148776,-8.697023,16485,188.5,3.4,-9.3,,209,1.15,186,29,R,FR24
14:00:58,39.146434,-8.697439,16444,187.3,2.9,-9.5,,210,1.17,186,29,R,FR24
14:01:00,39.144061,-8.697783,16397,186.0,2.6,-9.7,,210,1.19,186,30,R,FR24
14:01:02,39.141659,-8.698053,16351,184.7,2.7,-9.9,,211,1.20,186,30,R,FR24
14:01:04,39.139228,-8.698247,16309,183.4,3.1,-10.0,,211,1.20,186,30,R,FR24
14:01:06,39.136773,-8.698362,16275,182.1,3.7,-10.1,,211,1.20,186,30,R,FR24
14:01:08,39.134299,-8.698398,16252,180.7,4.3,-10.1,,211,1.20,186,30,R,FR24
14:01:10,39.131811,-8.698354,16236,179.4,4.8,-10.1,,211,1.20,186,30,R,FR24
14:01:12,39.129310,-8.698228,16229,178.1,5.2,-10.1,,211,1.20,186,30,R,FR24
14:01:14,39.126801,-8.698022,16226,176.8,5.6,-10.1,,211,1.20,186,30,R,FR24
14:01:16,39.124287,-8.697735,16227,175.5,5.8,-10.0,,210,1.20,186,30,R,FR24
14:01:18,39.121773,-8.697367,16231,174.3,6.0,-10.0,,210,1.20,186,30,R,FR24
14:01:20,39.119263,-8.696920,16237,173.0,6.1,-9.9,,209,1.20,186,30,R,FR24
14:01:22,39.116758,-8.696395,16246,171.7,6.4,-9.8,,209,1.20,186,30,R,FR24
14:01:24,39.114259,-8.695791,16261,170.5,6.8,-9.7,,208,1.20,186,30,R,FR24
14:01:26,39.111769,-8.695112,16282,169.3,7.3,-9.4,,208,1.20,186,30,R,FR24
14:01:28,39.109293,-8.694360,16312,168.1,7.9,-9.2,,208,1.20,186,30,R,FR24
14:01:30,39.106834,-8.693539,16351,167.0,8.4,-8.9,,207,1.20,186,30,R,FR24
14:01:32,39.104395,-8.692651,16398,165.8,8.8,-8.6,,206,1.20,186,29,R,FR24
14:01:34,39.101977,-8.691701,16449,164.6,9.2,-8.3,,203,1.20,186,28,R,FR24
14:01:36,39.099584,-8.690691,16502,163.5,9.2,-8.1,,201,1.20,185,27,R,FR24
14:01:38,39.097222,-8.689628,16553,162.3,9.1,-8.0,,198,1.20,185,26,R,FR24
14:01:40,39.094894,-8.688512,16600,161.2,8.8,-7.9,,196,1.20,184,26,R,FR24
14:01:42,39.092600,-8.687347,16639,160.2,8.3,-7.8,,193,1.19,184,25,R,FR24
14:01:44,39.090341,-8.686133,16669,159.1,7.6,-7.9,,191,1.17,184,25,R,FR24
14:01:46,39.088119,-8.684871,16687,158.1,6.9,-8.0,,189,1.15,184,25,R,FR24
14:01:48,39.085938,-8.683564,16696,157.0,6.2,-8.2,,187,1.13,184,25,R,FR24
14:01:50,39.083800,-8.682210,16696,155.9,5.8,-8.4,,184,1.11,184,25,R,FR24
14:01:52,39.081705,-8.680809,16692,154.7,5.6,-8.6,,183,1.10,184,25,R,FR24
14:01:54,39.079650,-8.679359,16687,153.6,5.6,-8.8,,182,1.10,184,25,R,FR24
14:01:56,39.077637,-8.677859,16685,152.3,5.8,-9.1,,181,1.10,184,25,R,FR24
14:01:58,39.075668,-8.676308,16686,151.0,6.2,-9.3,,180,1.10,184,25,R,FR24
14:02:00,39.073744,-8.674705,16692,149.7,6.6,-9.5,,179,1.10,184,25,R,FR24
14:02:02,39.071863,-8.673048,16703,148.4,6.9,-9.5,,179,1.09,184,25,R,FR24
14:02:04,39.070022,-8.671334,16719,147.0,7.2,-9.5,,179,1.07,184,25,R,FR24
14:02:06,39.068220,-8.669564,16737,145.6,7.3,-9.3,,179,1.05,184,25,R,FR24
14:02:08,39.066456,-8.667738,16756,144.3,7.4,-9.0,,179,1.03,184,25,R,FR24
14:02:10,39.064728,-8.665858,16774,143.0,7.3,-8.5,,179,1.01,184,25,R,FR24
14:02:12,39.063032,-8.663925,16791,141.8,7.0,-7.8,,179,1.00,184,25,R,FR24
14:02:14,39.061364,-8.661942,16803,140.8,6.7,-6.9,,180,1.00,184,25,R,FR24
14:02:16,39.059721,-8.659915,16812,139.8,6.3,-6.0,,180,1.00,184,25,R,FR24
14:02:18,39.058100,-8.657852,16814,139.0,5.8,-4.9,,180,1.00,184,25,R,FR24
14:02:20,39.056500,-8.655761,16810,138.4,5.3,-3.7,,181,1.00,184,25,R,FR24
14:02:22,39.054913,-8.653648,16798,137.9,4.6,-2.4,,181,1.01,184,25,R,FR24
14:02:24,39.053336,-8.651521,16778,137.7,4.0,-1.1,,182,1.03,184,25,R,FR24
14:02:26,39.051763,-8.649390,16749,137.6,3.5,0.2,,182,1.05,184,25,R,FR24
14:02:28,39.050191,-8.647265,16714,137.7,3.0,1.4,,183,1.07,184,25,R,FR24
14:02:30,39.048618,-8.645155,16673,138.0,2.7,2.6,,183,1.09,184,25,R,FR24
14:02:32,39.047038,-8.643068,16631,138.6,2.7,3.8,,184,1.11,185,26,R,FR24
14:02:34,39.045445,-8.641008,16590,139.4,3.0,4.7,,186,1.13,185,27,R,FR24
14:02:36,39.043838,-8.638983,16555,140.3,3.4,5.4,,188,1.15,185,27,R,FR24
14:02:38,39.042215,-8.636998,16528,141.3,4.1,5.9,,189,1.17,186,28,R,FR24
14:02:40,39.040574,-8.635057,16511,142.3,4.8,6.1,,191,1.19,186,29,R,FR24
14:02:42,39.038914,-8.633158,16504,143.2,5.5,6.1,,193,1.20,186,29,R,FR24
14:02:44,39.037233,-8.631300,16504,144.1,6.0,5.8,,194,1.20,186,29,R,FR24
14:02:46,39.035530,-8.629478,16511,144.9,6.3,5.3,,195,1.20,186,29,R,FR24
14:02:48,39.033807,-8.627688,16521,145.7,6.3,4.5,,196,1.20,186,29,R,FR24
14:02:50,39.032066,-8.625924,16530,146.2,6.2,3.5,,198,1.20,186,29,R,FR24
14:02:52,39.030308,-8.624177,16535,146.7,5.8,2.4,,198,1.20,186,29,R,FR24
14:02:54,39.028538,-8.622440,16534,147.0,5.3,1.2,,199,1.20,186,29,R,FR24
14:02:56,39.026759,-8.620705,16524,147.0,4.7,-0.2,,199,1.20,186,29,R,FR24
14:02:58,39.024977,-8.618963,16504,146.9,4.1,-1.6,,200,1.20,186,29,R,FR24
14:03:00,39.023197,-8.617205,16476,146.6,3.5,-3.0,,200,1.20,186,29,R,FR24
14:03:02,39.021425,-8.615424,16440,146.1,3.2,-4.5,,200,1.20,186,29,R,FR24
14:03:04,39.019668,-8.613611,16403,145.3,3.2,-5.9,,200,1.20,186,30,R,FR24
14:03:06,39.017933,-8.611759,16369,144.4,3.6,-7.2,,200,1.20,186,30,R,FR24
14:03:08,39.016226,-8.609862,16342,143.3,4.2,-8.4,,200,1.20,186,30,R,FR24
14:03:10,39.014555,-8.607914,16323,142.0,4.8,-9.5,,200,1.20,186,30,R,FR24
14:03:12,39.012925,-8.605911,16314,140.6,5.5,-10.4,,200,1.20,186,30,R,FR24
14:03:14,39.011340,-8.603847,16313,139.0,6.0,-11.2,,200,1.20,186,30,R,FR24
14:03:16,39.009806,-8.601721,16319,137.3,6.5,-11.8,,200,1.20,186,30,R,FR24
14:03:18,39.008326,-8.599529,16332,135.5,7.0,-12.3,,200,1.20,186,30,R,FR24
14:03:20,39.006904,-8.597273,16350,133.7,7.3,-12.6,,200,1.20,186,30,R,FR24
14:03:22,39.005543,-8.594953,16372,131.8,7.6,-12.7,,200,1.18,186,30,R,FR24
14:03:24,39.004245,-8.592570,16397,129.9,7.7,-12.6,,200,1.16,186,30,R,FR24
14:03:26,39.003011,-8.590129,16423,128.0,7.7,-12.2,,200,1.14,186,30,R,FR24
14:03:28,39.001839,-8.587635,16448,126.3,7.5,-11.7,,200,1.12,186,29,R,FR24
14:03:30,39.000730,-8.585092,16467,124.6,7.0,-10.9,,200,1.10,186,29,R,FR24
14:03:32,38.999680,-8.582508,16477,123.0,6.2,-10.1,,200,1.08,186,29,R,FR24
14:03:34,38.998687,-8.579891,16474,121.6,5.2,-9.2,,200,1.06,186,30,R,FR24
14:03:36,38.997786,-8.577198,16456,119.8,4.2,-8.8,,200,1.04,186,30,R,FR24
14:03:38,38.997051,-8.574374,16425,117.3,3.5,-8.2,,200,1.02,186,30,R,FR24
14:03:40,38.996461,-8.571452,16386,114.7,3.0,-6.8,,200,1.00,186,30,R,FR24
14:03:42,38.995878,-8.568548,16344,113.1,2.9,-5.0,,201,1.00,186,30,R,FR24
14:03:44,38.995237,-8.565704,16303,112.4,2.9,-3.3,,202,1.00,186,30,R,FR24
14:03:46,38.994613,-8.562841,16264,112.0,3.0,-2.6,,203,1.00,186,30,R,FR24
14:03:48,38.994002,-8.559962,16223,111.7,2.9,-2.2,,204,1.00,185,30,R,FR24
14:03:50,38.993402,-8.557069,16178,111.3,2.5,-2.7,,205,1.00,185,30,R,FR24
14:03:52,38.992812,-8.554139,16125,110.8,1.8,-4.5,,209,1.17,185,30,R,FR24
14:03:54,38.992231,-8.551132,16058,110.0,0.8,-6.6,,214,1.37,185,31,R,FR24
14:03:56,38.991679,-8.548040,15976,108.7,-0.4,-12.2,,219,1.58,184,31,R,FR24
14:03:58,38.991189,-8.544856,15875,106.6,-1.8,-18.0,,225,1.78,184,31,R,FR24
14:04:00,38.990805,-8.541569,15755,103.6,-3.1,-24.2,,230,1.98,184,31,R,FR24
14:04:02,38.990573,-8.538180,15616,99.6,-4.4,-30.4,,235,2.11,184,31,R,FR24
14:04:04,38.990549,-8.534699,15458,94.7,-5.3,-35.8,,239,2.23,183,31,R,FR24
14:04:06,38.990781,-8.531148,15282,89.1,-6.2,-38.2,,244,2.35,183,32,R,FR24
14:04:08,38.991298,-8.527563,15087,83.2,-7.1,-40.2,,249,2.47,183,32,R,FR24
14:04:10,38.992118,-8.523985,14874,77.0,-8.3,-40.1,,254,2.59,183,32,R,FR24
14:04:12,38.993230,-8.520478,14640,71.3,-9.8,-37.6,,255,2.60,183,32,R,FR24
14:04:14,38.994593,-8.517100,14382,66.0,-11.5,-34.4,,256,2.60,182,32,R,FR24
14:04:16,38.996165,-8.513870,14096,61.6,-13.6,-28.9,,258,2.60,182,32,R,FR24
14:04:18,38.997890,-8.510786,13776,58.1,-15.9,-22.6,,259,2.60,182,33,R,FR24
14:04:20,38.999720,-8.507838,13419,55.4,-18.3,-18.1,,260,2.60,182,33,R,FR24
14:04:22,39.001616,-8.505024,13022,53.2,-20.9,-15.4,,261,2.64,181,33,R,FR24
14:04:24,39.003551,-8.502351,12583,51.3,-23.6,-14.0,,261,2.68,181,33,R,FR24
14:04:26,39.005517,-8.499830,12102,48.8,-26.0,-21.3,,262,2.72,181,33,R,FR24
14:04:28,39.007542,-8.497503,11583,45.1,-28.1,-28.0,,262,2.76,181,33,R,FR24
14:04:30,39.009660,-8.495416,11038,39.9,-29.2,-36.0,,263,2.80,181,34,R,FR24
14:04:32,39.011947,-8.493602,10480,32.8,-28.7,-44.5,,270,2.82,180,34,R,FR24
14:04:34,39.014479,-8.492141,9924,23.6,-27.0,-51.7,,277,2.84,180,34,R,FR24
14:04:36,39.017268,-8.491187,9386,12.6,-24.3,-57.0,,284,2.86,180,34,R,FR24
14:04:38,39.020272,-8.490910,8884,359.8,-20.6,-61.5,,292,2.88,180,34,R,FR24
14:04:40,39.023380,-8.491488,8438,345.5,-16.2,-64.3,,299,2.90,180,34,R,FR24
14:04:42,39.026380,-8.493010,8068,330.6,-11.3,-65.8,,300,2.90,179,35,R,FR24
14:04:44,39.029027,-8.495442,7793,315.0,-5.7,-66.9,,301,2.90,179,35,R,FR24
14:04:46,39.031111,-8.498651,7627,299.4,0.1,-67.0,,302,2.90,179,35,R,FR24
14:04:48,39.032472,-8.502390,7584,283.8,6.3,-66.1,,302,2.90,179,35,R,FR24
14:04:50,39.033015,-8.506354,7669,268.2,13.0,-67.0,,303,2.89,179,35,R,FR24
14:04:52,39.032719,-8.510080,7892,251.6,21.8,-67.0,,287,2.62,178,35,R,FR24
14:04:54,39.031722,-8.513120,8255,234.0,31.3,-66.5,,272,2.36,178,36,R,FR24
14:04:56,39.030277,-8.515271,8723,216.8,37.8,-63.0,,257,2.10,178,36,R,FR24
14:04:58,39.028630,-8.516556,9233,200.6,40.9,-59.4,,242,1.84,178,36,R,FR24
14:05:00,39.026904,-8.517094,9716,186.0,40.2,-53.6,,227,1.58,178,36,R,FR24
14:05:02,39.025133,-8.517037,10110,174.5,34.8,-45.9,,216,1.42,178,36,R,FR24
14:05:04,39.023366,-8.516533,10378,166.2,24.9,-35.1,,206,1.26,177,36,R,FR24
14:05:06,39.021679,-8.515751,10530,161.2,15.7,-20.0,,195,1.10,177,37,R,FR24
14:05:08,39.020108,-8.514867,10616,159.2,11.0,-2.3,,184,0.94,177,37,R,FR24
14:05:10,39.018637,-8.514023,10655,159.9,7.9,8.6,,174,0.81,177,37,R,FR24
14:05:12,39.017208,-8.513282,10657,162.4,5.7,16.5,,171,0.87,177,37,R,FR24
14:05:14,39.015785,-8.512691,10631,166.3,4.2,22.0,,167,0.93,177,37,R,FR24
14:05:16,39.014373,-8.512291,10588,171.0,3.1,23.2,,164,0.99,176,38,R,FR24
14:05:18,39.012979,-8.512092,10536,176.1,2.8,24.2,,160,1.05,176,38,R,FR24
14:05:20,39.011617,-8.512096,10486,181.2,3.0,22.6,,158,1.10,176,38,R,FR24
14:05:22,39.010270,-8.512288,10446,185.9,3.9,20.7,,158,1.10,176,38,R,FR24
14:05:24,39.008933,-8.512650,10422,190.1,5.2,18.3,,158,1.10,176,38,R,FR24
14:05:26,39.007613,-8.513157,10417,193.7,6.7,15.0,,159,1.10,176,38,R,FR24
14:05:28,39.006312,-8.513781,10431,196.5,8.0,11.6,,159,1.10,175,39,R,FR24
14:05:30,39.005030,-8.514495,10458,198.6,9.0,8.5,,160,1.10,175,39,R,FR24
14:05:32,39.003766,-8.515270,10494,200.0,9.3,5.3,,159,1.08,175,39,R,FR24
14:05:34,39.002519,-8.516081,10529,200.8,9.0,2.5,,159,1.06,175,39,R,FR24
14:05:36,39.001280,-8.516910,10558,201.1,8.1,0.4,,158,1.04,175,39,R,FR24
14:05:38,39.000047,-8.517740,10573,201.0,6.8,-1.7,,158,1.02,175,39,R,FR24
14:05:40,38.998814,-8.518557,10571,200.5,5.2,-2.5,,158,1.00,174,40,R,FR24
14:05:42,38.997573,-8.519357,10552,199.9,3.6,-3.2,,159,1.02,174,40,R,FR24
14:05:44,38.996321,-8.520138,10519,199.2,2.4,-3.5,,159,1.04,174,40,R,FR24
14:05:46,38.995057,-8.520897,10473,198.5,1.5,-3.2,,160,1.06,174,40,R,FR24
14:05:48,38.993783,-8.521636,10420,197.9,0.8,-2.9,,161,1.08,174,40,R,FR24
14:05:50,38.992497,-8.522359,10360,197.3,0.3,-2.7,,164,1.12,174,41,R,FR24
14:05:52,38.991140,-8.523088,10294,196.8,-0.0,-2.7,,173,1.20,174,41,R,FR24
14:05:54,38.989690,-8.523833,10221,196.2,-0.3,-3.3,,182,1.28,173,41,R,FR24
14:05:56,38.988146,-8.524584,10142,195.5,-0.6,-4.9,,191,1.36,173,41,R,FR24
14:05:58,38.986506,-8.525330,10057,194.5,-0.7,-6.6,,200,1.44,173,41,R,FR24
14:06:00,38.984768,-8.526049,9968,193.1,-0.6,-10.6,,208,1.51,173,41,R,FR24
14:06:02,38.982976,-8.526695,9879,191.1,-0.2,-14.8,,210,1.53,173,42,R,FR24
14:06:04,38.981142,-8.527225,9796,188.3,0.7,-19.9,,213,1.55,173,42,R,FR24
14:06:06,38.979264,-8.527592,9722,184.5,2.0,-26.0,,215,1.57,173,42,R,FR24
14:06:08,38.977349,-8.527735,9661,179.6,3.4,-31.7,,218,1.59,173,42,R,FR24
14:06:10,38.975413,-8.527590,9613,173.6,4.8,-37.4,,220,1.61,172,42,R,FR24
14:06:12,38.973495,-8.527092,9575,166.4,6.2,-42.4,,222,1.63,172,43,R,FR24
14:06:14,38.971647,-8.526182,9546,158.0,7.1,-46.3,,224,1.65,172,43,R,FR24
14:06:16,38.969933,-8.524827,9522,148.6,7.7,-49.1,,225,1.67,172,43,R,FR24
14:06:18,38.968430,-8.523017,9501,138.4,8.0,-51.5,,227,1.69,172,43,R,FR24
14:06:20,38.967222,-8.520779,9483,127.6,8.0,-52.1,,228,1.70,172,43,R,FR24
14:06:22,38.966386,-8.518202,9468,116.7,8.5,-52.4,,227,1.70,172,43,R,FR24
14:06:24,38.965971,-8.515385,9458,105.8,8.9,-51.4,,226,1.70,172,44,R,FR24
14:06:26,38.965988,-8.512439,9455,95.4,9.2,-49.4,,225,1.70,171,44,R,FR24
14:06:28,38.966418,-8.509466,9464,85.8,9.6,-46.9,,225,1.70,171,44,R,FR24
14:06:30,38.967221,-8.506551,9487,77.3,10.1,-42.3,,222,1.65,171,44,R,FR24
14:06:32,38.968325,-8.503777,9528,70.0,11.1,-36.6,,219,1.53,171,44,R,FR24
14:06:34,38.969656,-8.501170,9590,64.2,12.1,-30.0,,215,1.41,171,45,R,FR24
14:06:36,38.971147,-8.498727,9673,59.7,13.1,-22.8,,211,1.29,171,45,R,FR24
14:06:38,38.972741,-8.496428,9778,56.5,14.1,-15.4,,207,1.17,171,45,R,FR24
14:06:40,38.974390,-8.494243,9901,54.4,15.2,-10.2,,204,1.10,171,45,R,FR24
14:06:42,38.976072,-8.492139,10038,53.1,16.1,-5.2,,201,1.10,170,45,R,FR24
14:06:44,38.977761,-8.490087,10187,52.5,16.8,-2.1,,198,1.10,170,45,R,FR24
14:06:46,38.979445,-8.488073,10342,52.3,17.4,-0.4,,196,1.10,170,46,R,FR24
14:06:48,38.981117,-8.486087,10500,52.4,17.6,0.9,,193,1.10,170,46,R,FR24
14:06:50,38.982772,-8.484122,10656,52.5,17.5,0.5,,190,1.08,170,46,R,FR24
14:06:52,38.984404,-8.482193,10805,52.6,17.1,0.1,,186,1.04,170,46,R,FR24
14:06:54,38.986015,-8.480303,10944,52.5,16.5,-1.0,,181,1.00,170,46,R,FR24
14:06:56,38.987612,-8.478457,11070,52.2,15.5,-2.5,,177,0.96,170,47,R,FR24
14:06:58,38.989201,-8.476663,11179,51.6,14.4,-3.8,,173,0.92,170,47,R,FR24
14:07:00,38.990792,-8.474922,11271,50.7,13.0,-5.1,,170,0.91,169,47,R,FR24
14:07:02,38.992408,-8.473211,11344,49.6,11.5,-6.5,,170,0.93,169,47,R,FR24
14:07:04,38.994059,-8.471535,11400,48.2,10.2,-6.8,,169,0.95,169,47,R,FR24
14:07:06,38.995742,-8.469897,11441,46.9,9.1,-6.7,,169,0.97,169,48,R,FR24
14:07:08,38.997456,-8.468299,11473,45.7,8.4,-6.3,,168,0.99,169,48,R,FR24
14:07:10,38.999197,-8.466739,11500,44.5,8.2,-5.6,,168,1.01,169,48,R,FR24
14:07:12,39.000967,-8.465208,11529,43.5,8.5,-4.8,,169,1.03,169,48,R,FR24
14:07:14,39.002763,-8.463701,11566,42.6,9.2,-4.3,,169,1.05,169,48,R,FR24
14:07:16,39.004581,-8.462218,11613,41.8,10.2,-4.0,,170,1.07,169,48,R,FR24
14:07:18,39.006420,-8.460757,11674,41.1,11.4,-3.6,,170,1.09,169,49,R,FR24
14:07:20,39.008275,-8.459317,11749,40.4,12.6,-3.2,,170,1.09,168,49,R,FR24
14:07:22,39.010142,-8.457903,11836,39.9,13.5,-2.8,,170,1.07,168,49,R,FR24
14:07:24,39.012016,-8.456511,11932,39.3,14.1,-2.4,,169,1.05,168,49,R,FR24
14:07:26,39.013899,-8.455139,12032,38.9,14.2,-2.0,,169,1.03,168,49,R,FR24
14:07:28,39.015791,-8.453781,12128,38.6,13.7,-1.6,,168,1.01,168,50,R,FR24
14:07:30,39.017693,-8.452431,12215,38.3,12.6,-1.4,,169,1.01,168,50,R,FR24
14:07:32,39.019615,-8.451078,12283,38.0,10.9,-1.1,,170,1.03,168,50,R,FR24
14:07:34,39.021556,-8.449720,12329,37.8,8.9,-1.3,,170,1.05,168,50,R,FR24
14:07:36,39.023514,-8.448362,12353,37.5,7.0,-1.6,,171,1.07,168,50,R,FR24
14:07:38,39.025489,-8.447007,12356,37.2,5.7,-2.3,,172,1.09,168,51,R,FR24
14:07:40,39.027483,-8.445662,12350,36.6,5.3,-3.7,,173,1.11,168,51,R,FR24
14:07:42,39.029500,-8.444337,12347,35.8,5.9,-5.1,,174,1.13,167,51,R,FR24
14:07:44,39.031547,-8.443042,12358,34.6,7.4,-7.7,,175,1.15,167,51,R,FR24
14:07:46,39.033606,-8.441530,12392,32.0,9.4,-10.4,,176,1.17,167,51,R,FR24
14:07:48,39.035779,-8.439880,12447,27.6,11.2,-11.8,,176,1.19,167,51,R,FR24
14:07:50,39.038123,-8.438464,12521,23.1,12.4,-12.1,,177,1.19,167,52,R,FR24
14:07:52,39.040545,-8.437479,12604,19.9,12.9,-12.6,,178,1.17,167,52,R,FR24
14:07:54,39.042962,-8.436788,12690,17.6,12.9,-13.5,,179,1.15,167,52,R,FR24
14:07:56,39.045407,-8.436200,12772,15.1,12.5,-14.5,,180,1.13,167,52,R,FR24
14:07:58,39.047877,-8.435727,12846,12.5,11.8,-15.5,,181,1.11,167,52,R,FR24
14:08:00,39.050371,-8.435376,12907,9.7,10.7,-16.5,,182,1.11,167,53,R,FR24
14:08:02,39.052887,-8.435159,12952,6.7,9.6,-17.5,,184,1.13,167,52,R,FR24
14:08:04,39.055421,-8.435084,12984,3.4,8.6,-18.4,,186,1.15,167,52,R,FR24
14:08:06,39.057972,-8.435160,13002,0.0,7.8,-19.1,,188,1.17,167,52,R,FR24
14:08:08,39.060534,-8.435394,13012,356.5,7.2,-19.8,,189,1.19,168,51,R,FR24
14:08:10,39.063103,-8.435793,13015,353.0,6.9,-20.3,,192,1.17,168,51,R,FR24
14:08:12,39.065673,-8.436360,13015,349.4,6.8,-20.6,,194,1.13,168,51,R,FR24
14:08:14,39.068240,-8.437101,13015,345.8,6.8,-20.9,,197,1.09,168,52,R,FR24
14:08:16,39.070796,-8.438015,13016,342.2,7.0,-21.0,,199,1.05,168,52,R,FR24
14:08:18,39.073335,-8.439104,13022,338.7,7.3,-21.0,,202,1.01,168,52,R,FR24
14:08:20,39.075850,-8.440366,13032,335.2,7.5,-20.8,,203,1.00,168,53,R,FR24
14:08:22,39.078334,-8.441796,13046,331.7,7.8,-20.6,,205,1.00,169,53,R,FR24
14:08:24,39.080781,-8.443391,13063,328.3,7.9,-20.2,,206,1.00,169,53,R,FR24
14:08:26,39.083184,-8.445145,13084,325.1,8.0,-19.8,,207,1.00,170,53,R,FR24
14:08:28,39.085537,-8.447048,13107,321.9,8.0,-19.3,,209,1.00,170,54,R,FR24
14:08:30,39.087833,-8.449093,13130,318.9,7.9,-18.8,,209,1.02,171,54,R,FR24
14:08:32,39.090067,-8.451270,13152,316.1,7.7,-18.1,,209,1.04,171,54,R,FR24
14:08:34,39.092235,-8.453566,13171,313.4,7.4,-17.5,,209,1.06,171,54,R,FR24
14:08:36,39.094331,-8.455970,13185,310.8,7.0,-16.9,,209,1.08,171,54,R,FR24
14:08:38,39.096351,-8.458469,13195,308.3,6.7,-16.3,,209,1.10,171,54,R,FR24
14:08:40,39.098291,-8.461052,13200,305.9,6.3,-15.8,,209,1.12,171,54,R,FR24
14:08:42,39.100147,-8.463707,13201,303.6,6.1,-15.4,,208,1.14,171,54,R,FR24
14:08:44,39.101918,-8.466423,13200,301.2,5.9,-15.0,,208,1.16,171,54,R,FR24
14:08:46,39.103599,-8.469190,13198,299.0,6.0,-14.6,,207,1.18,171,54,R,FR24
14:08:48,39.105189,-8.471996,13199,296.7,5.8,-13.5,,207,1.20,171,54,R,FR24
14:08:50,39.106685,-8.474831,13206,294.4,6.3,-13.1,,205,1.18,171,54,R,FR24
14:08:52,39.108087,-8.477688,13222,292.1,7.5,-13.9,,203,1.16,173,52,R,FR24
14:08:54,39.109393,-8.480559,13250,289.9,8.4,-13.7,,201,1.14,174,51,R,FR24
14:08:56,39.110604,-8.483438,13293,287.7,9.5,-13.5,,198,1.12,177,51,R,FR24
14:08:58,39.111722,-8.486320,13350,285.6,10.5,-13.2,,196,1.10,179,50,R,FR24
14:09:00,39.112748,-8.489201,13420,283.5,11.4,-13.0,,194,1.08,181,49,R,FR24
14:09:02,39.113685,-8.492081,13499,281.4,12.1,-12.7,,191,1.06,181,49,R,FR24
14:09:04,39.114536,-8.494960,13585,279.3,12.5,-12.4,,189,1.04,181,49,R,FR24
14:09:06,39.115303,-8.497834,13674,277.3,12.6,-12.1,,186,1.02,181,48,R,FR24
14:09:08,39.115990,-8.500701,13759,275.4,12.3,-11.8,,183,1.00,181,48,R,FR24
14:09:10,39.116597,-8.503558,13835,273.4,11.5,-11.6,,182,1.00,181,48,R,FR24
14:09:12,39.117128,-8.506403,13896,271.6,10.3,-11.5,,180,1.00,181,48,R,FR24
14:09:14,39.117584,-8.509236,13939,269.7,8.8,-11.3,,178,1.00,182,47,R,FR24
14:09:16,39.117966,-8.512057,13963,268.0,7.4,-11.0,,176,1.00,182,47,R,FR24
14:09:18,39.118278,-8.514867,13971,266.3,6.4,-10.8,,175,1.00,183,47,R,FR24
14:09:20,39.118521,-8.517670,13969,264.6,5.8,-10.6,,175,1.00,183,46,R,FR24
14:09:22,39.118698,-8.520471,13965,263.0,5.8,-10.3,,176,1.00,183,46,R,FR24
14:09:24,39.118811,-8.523276,13965,261.4,6.2,-10.0,,176,1.00,183,46,R,FR24
14:09:26,39.118862,-8.526086,13973,259.9,6.9,-9.6,,176,1.00,184,46,R,FR24
14:09:28,39.118854,-8.528898,13992,258.4,7.8,-9.3,,177,1.00,184,46,R,FR24
14:09:30,39.118788,-8.531710,14022,257.0,8.6,-9.1,,177,1.00,184,46,R,FR24
14:09:32,39.118665,-8.534520,14062,255.5,9.3,-9.1,,177,1.00,183,47,R,FR24
14:09:34,39.118487,-8.537322,14110,254.0,9.9,-9.0,,177,1.00,183,47,R,FR24
14:09:36,39.118253,-8.540110,14162,252.5,10.2,-9.1,,177,1.00,183,47,R,FR24
14:09:38,39.117965,-8.542873,14216,251.0,10.2,-9.3,,177,1.00,183,48,R,FR24
14:09:40,39.117621,-8.545603,14268,249.4,9.9,-9.6,,177,1.00,183,48,R,FR24
14:09:42,39.117223,-8.548290,14313,247.7,9.3,-10.1,,177,1.00,183,48,R,FR24
14:09:44,39.116769,-8.550925,14348,246.0,8.5,-10.5,,177,1.00,182,48,R,FR24
14:09:46,39.116258,-8.553499,14372,244.1,7.6,-11.0,,177,1.00,182,48,R,FR24
14:09:48,39.115692,-8.555999,14384,242.1,4.1,-7.0,,177,1.00,182,48,R,FR24
14:09:50,39.115070,-8.558416,14384,239.9,2.4,-4.9,,178,1.00,181,48,R,FR24
14:09:52,39.114393,-8.560741,14377,237.6,3.2,-7.3,,179,1.00,182,48,R,FR24
14:09:54,39.113661,-8.562968,14366,235.3,4.6,-11.3,,179,1.00,182,48,R,FR24
14:09:56,39.112877,-8.565087,14355,232.8,2.6,-6.2,,180,1.00,182,48,R,FR24
14:09:58,39.112044,-8.567091,14349,230.1,0.1,-0.1,,181,1.01,183,48,R,FR24
14:10:00,39.111167,-8.568968,14348,227.4,0.0,-0.0,,183,1.07,183,48,R,FR24
14:10:02,39.109945,-8.571578,14353,224.8,0.0,-0.0,,184,1.13,183,48,R,FR24
14:10:04,39.108284,-8.575246,14360,223.3,2.8,-5.6,,185,1.19,183,47,R,FR24
14:10:06,39.106508,-8.579071,14364,222.6,6.0,-11.1,,186,1.25,183,47,R,FR24
14:10:08,39.105020,-8.581877,14356,221.8,5.0,-9.8,,188,1.32,184,47,R,FR24
14:10:10,39.103793,-8.583672,14330,220.3,3.4,-9.4,,194,1.46,184,46,R,FR24
14:10:12,39.102478,-8.585455,14278,218.7,1.5,-10.5,,199,1.60,184,46,R,FR24
14:10:14,39.101077,-8.587212,14194,216.9,-0.5,-11.9,,205,1.74,184,46,R,FR24
14:10:16,39.099588,-8.588926,14077,214.9,-2.6,-14.3,,211,1.88,184,45,R,FR24
14:10:18,39.098005,-8.590570,13928,212.4,-4.5,-18.7,,216,2.00,185,45,R,FR24
14:10:20,39.096339,-8.592091,13751,209.2,-6.0,-22.8,,218,2.02,185,44,R,FR24
14:10:22,39.094592,-8.593438,13550,205.2,-6.9,-28.7,,220,2.04,185,44,R,FR24
14:10:24,39.092755,-8.594552,13332,200.0,-7.4,-34.7,,222,2.06,185,44,R,FR24
14:10:26,39.090827,-8.595362,13099,193.6,-7.6,-40.2,,224,2.08,185,43,R,FR24
14:10:28,39.088822,-8.595791,12856,185.9,-7.6,-45.5,,227,2.09,186,43,R,FR24
14:10:30,39.086776,-8.595752,12608,176.7,-7.3,-50.0,,229,2.03,186,43,R,FR24
14:10:32,39.084750,-8.595166,12357,166.3,-7.2,-53.0,,231,1.97,186,42,R,FR24
14:10:34,39.082831,-8.593991,12107,154.9,-7.1,-55.2,,233,1.91,186,42,R,FR24
14:10:36,39.081127,-8.592218,11859,142.7,-6.9,-56.9,,235,1.85,187,42,R,FR24
14:10:38,39.079745,-8.589890,11617,130.2,-6.8,-56.8,,237,1.82,187,41,R,FR24
14:10:40,39.078775,-8.587112,11385,117.8,-6.2,-56.7,,238,1.93,187,41,R,FR24
14:10:42,39.078278,-8.584009,11168,105.7,-5.6,-55.3,,240,2.02,187,41,R,FR24
14:10:44,39.078266,-8.580721,10970,94.6,-5.0,-52.9,,241,2.13,188,40,R,FR24
14:10:46,39.078715,-8.577369,10795,84.6,-4.2,-50.1,,242,2.22,188,40,R,FR24
14:10:48,39.079575,-8.574049,10647,75.9,-3.3,-45.5,,244,2.29,188,40,R,FR24
14:10:50,39.080782,-8.570810,10528,68.6,-2.3,-40.0,,246,2.25,188,39,R,FR24
14:10:52,39.082265,-8.567675,10439,62.8,-1.1,-34.2,,248,2.21,189,39,R,FR24
14:10:54,39.083966,-8.564647,10380,58.2,0.0,-28.1,,250,2.17,189,39,R,FR24
14:10:56,39.085831,-8.561715,10346,54.7,1.0,-21.5,,252,2.13,189,38,R,FR24
14:10:58,39.087817,-8.558861,10333,52.1,2.0,-17.2,,253,2.05,190,38,R,FR24
14:11:00,39.089870,-8.556107,10337,50.1,2.8,-12.6,,250,1.86,190,38,R,FR24
14:11:02,39.091959,-8.553446,10353,48.6,3.6,-9.7,,247,1.68,190,37,R,FR24
14:11:04,39.094067,-8.550864,10377,47.4,4.1,-8.4,,244,1.50,191,37,R,FR24
14:11:06,39.096189,-8.548354,10407,46.4,4.5,-7.3,,241,1.32,191,37,R,FR24
14:11:08,39.098318,-8.545914,10439,45.3,4.8,-8.1,,237,1.20,191,36,R,FR24
14:11:10,39.100434,-8.543577,10470,44.1,5.5,-8.8,,230,1.20,192,36,R,FR24
14:11:12,39.102533,-8.541353,10499,42.8,6.2,-10.0,,223,1.20,192,36,R,FR24
14:11:14,39.104619,-8.539250,10525,41.2,6.8,-11.4,,216,1.20,192,35,R,FR24
14:11:16,39.106693,-8.537275,10545,39.3,7.1,-12.8,,209,1.20,193,35,R,FR24
14:11:18,39.108761,-8.535435,10560,37.1,6.9,-13.7,,204,1.20,193,35,R,FR24
14:11:20,39.111033,-8.533681,10570,35.0,6.7,-15.1,,202,1.20,193,35,R,FR24
14:11:22,39.113506,-8.532013,10575,32.8,6.6,-16.2,,201,1.20,194,34,R,FR24
14:11:24,39.115992,-8.530449,10579,30.2,6.6,-16.7,,199,1.20,194,34,R,FR24
14:11:26,39.118347,-8.529011,10582,27.4,6.6,-16.8,,197,1.20,194,34,R,FR24
14:11:28,39.120614,-8.527706,10588,24.5,6.9,-16.6,,195,1.19,195,33,R,FR24
14:11:30,39.122940,-8.526515,10597,21.8,7.2,-16.3,,191,1.17,195,33,R,FR24
14:11:32,39.125313,-8.525441,10612,19.1,7.7,-16.1,,187,1.15,195,33,R,FR24
14:11:34,39.127724,-8.524488,10632,16.4,8.1,-15.9,,183,1.13,195,33,R,FR24
14:11:36,39.130158,-8.523661,10655,13.8,8.3,-16.0,,179,1.11,196,33,R,FR24
14:11:38,39.132603,-8.522963,10675,11.1,7.9,-16.2,,176,1.10,196,33,R,FR24
14:11:40,39.135048,-8.522399,10685,8.4,6.9,-16.5,,175,1.10,196,33,R,FR24
14:11:42,39.137481,-8.521974,10678,5.5,5.3,-16.9,,174,1.10,197,32,R,FR24
14:11:44,39.139893,-8.521691,10647,2.4,3.2,-17.5,,172,1.10,199,30,R,FR24
14:11:46,39.142275,-8.521554,10588,359.2,0.9,-18.2,,171,1.10,200,29,R,FR24
14:11:48,39.144618,-8.521567,10503,355.9,-1.2,-19.0,,171,1.13,202,27,R,FR24
14:11:50,39.146912,-8.521735,10395,352.4,-2.9,-19.8,,173,1.19,204,26,R,FR24
14:11:52,39.149149,-8.522061,10269,348.6,-4.1,-20.6,,175,1.25,206,25,R,FR24
14:11:54,39.151323,-8.522547,10131,344.6,-4.7,-21.4,,176,1.31,209,25,R,FR24
14:11:56,39.153423,-8.523196,9988,340.4,-4.7,-22.2,,178,1.37,211,24,R,FR24
14:11:58,39.155441,-8.524008,9848,336.0,-4.1,-23.0,,179,1.41,214,24,R,FR24
14:12:00,39.157365,-8.524981,9719,331.4,-2.8,-23.6,,180,1.43,216,23,R,FR24
14:12:02,39.159186,-8.526112,9609,326.4,-0.9,-24.2,,181,1.45,214,25,R,FR24
14:12:04,39.160895,-8.527397,9524,321.2,1.3,-24.6,,182,1.47,213,26,R,FR24
14:12:06,39.162482,-8.528827,9468,315.7,3.8,-24.9,,183,1.49,211,28,R,FR24
14:12:08,39.163941,-8.530395,9441,310.1,6.1,-24.9,,183,1.46,210,29,R,FR24
14:12:10,39.165264,-8.532088,9441,304.5,8.1,-24.6,,184,1.37,209,31,R,FR24
14:12:12,39.166449,-8.533894,9464,299.6,9.8,-24.2,,184,1.29,210,29,R,FR24
14:12:14,39.167492,-8.535795,9505,295.0,11.0,-23.7,,185,1.21,211,28,R,FR24
14:12:16,39.168392,-8.537777,9558,290.5,11.7,-23.0,,185,1.13,212,27,R,FR24
14:12:18,39.169150,-8.539822,9619,286.3,12.0,-22.3,,185,1.10,213,25,R,FR24
14:12:20,39.169768,-8.541915,9680,282.2,11.9,-21.5,,183,1.10,215,24,R,FR24
14:12:22,39.170247,-8.544039,9739,277.9,11.4,-20.8,,182,1.10,215,24,R,FR24
14:12:24,39.170592,-8.546176,9789,273.7,10.6,-20.3,,181,1.10,215,24,R,FR24
14:12:26,39.170805,-8.548313,9826,269.6,9.3,-19.9,,180,1.10,216,24,R,FR24
14:12:28,39.170889,-8.550437,9844,265.6,7.7,-19.7,,179,1.11,216,23,R,FR24
14:12:30,39.170847,-8.552536,9843,261.5,6.0,-19.6,,178,1.13,216,23,R,FR24
14:12:32,39.170681,-8.554599,9820,257.3,4.3,-19.7,,178,1.15,215,24,R,FR24
14:12:34,39.170392,-8.556616,9779,252.9,2.9,-19.8,,177,1.17,215,24,R,FR24
14:12:36,39.169983,-8.558577,9723,248.6,1.8,-20.0,,177,1.19,214,25,R,FR24
14:12:38,39.169455,-8.560475,9658,244.2,1.3,-20.1,,178,1.20,213,26,R,FR24
14:12:40,39.168809,-8.562303,9590,239.8,1.3,-20.2,,179,1.20,212,26,R,FR24
14:12:42,39.168049,-8.564054,9525,235.4,1.7,-20.2,,180,1.20,211,27,R,FR24
14:12:44,39.167175,-8.565722,9469,231.1,2.6,-20.1,,182,1.20,211,29,R,FR24
14:12:46,39.166193,-8.567303,9426,226.9,3.8,-19.8,,183,1.20,210,30,R,FR24
14:12:48,39.165106,-8.568793,9401,222.9,5.2,-19.4,,184,1.20,209,31,R,FR24
14:12:50,39.163918,-8.570187,9395,219.1,6.7,-18.9,,185,1.20,209,33,R,FR24
14:12:52,39.162637,-8.571481,9407,215.6,8.1,-18.4,,186,1.20,209,32,R,FR24
14:12:54,39.161268,-8.572671,9434,212.2,9.1,-17.9,,186,1.20,209,31,R,FR24
14:12:56,39.159820,-8.573754,9472,208.9,9.8,-17.5,,187,1.20,209,30,R,FR24
14:12:58,39.158298,-8.574727,9517,205.7,10.0,-17.3,,188,1.19,209,29,R,FR24
14:13:00,39.156707,-8.575586,9563,202.6,10.0,-17.1,,189,1.17,209,28,R,FR24
14:13:02,39.155054,-8.576327,9606,199.6,9.7,-17.0,,190,1.15,211,27,R,FR24
14:13:04,39.153343,-8.576947,9646,196.6,9.4,-16.9,,191,1.13,212,26,R,FR24
14:13:06,39.151579,-8.577443,9682,193.6,9.1,-16.9,,192,1.11,213,25,R,FR24
14:13:08,39.149767,-8.577811,9717,190.6,9.1,-17.0,,193,1.16,215,24,R,FR24
14:13:10,39.147912,-8.578047,9755,187.6,9.4,-17.1,,194,1.24,216,23,R,FR24
14:13:12,39.146020,-8.578147,9800,184.7,10.0,-17.2,,195,1.32,218,23,R,FR24
14:13:14,39.144099,-8.578108,9854,181.7,10.8,-17.5,,197,1.40,220,23,R,FR24
14:13:16,39.142159,-8.577925,9918,178.7,11.5,-17.8,,198,1.48,221,23,R,FR24
14:13:18,39.140211,-8.577594,9992,175.6,12.2,-18.3,,198,1.50,223,22,R,FR24
14:13:20,39.138268,-8.577112,10072,172.5,12.6,-18.8,,198,1.50,225,22,R,FR24
14:13:22,39.136342,-8.576477,10155,169.0,12.7,-19.5,,198,1.50,222,23,R,FR24
14:13:24,39.134449,-8.575687,10236,165.5,12.6,-20.3,,198,1.50,218,23,R,FR24
14:13:26,39.132602,-8.574740,10311,161.8,12.2,-21.1,,198,1.50,215,24,R,FR24
14:13:28,39.130816,-8.573636,10377,158.0,11.4,-22.0,,198,1.47,212,24,R,FR24
14:13:30,39.129108,-8.572375,10426,154.0,10.3,-23.0,,197,1.43,210,25,R,FR24
14:13:32,39.127490,-8.570961,10457,149.8,8.9,-23.9,,196,1.39,209,25,R,FR24
14:13:34,39.125978,-8.569397,10468,145.3,7.6,-24.8,,195,1.35,208,25,R,FR24
14:13:36,39.124585,-8.567687,10460,140.6,6.4,-25.6,,194,1.31,208,25,R,FR24
14:13:38,39.123323,-8.565838,10439,135.7,5.8,-26.3,,194,1.30,207,25,R,FR24
14:13:40,39.122202,-8.563858,10415,130.5,6.0,-26.8,,194,1.30,206,24,R,FR24
14:13:42,39.121233,-8.561756,10399,125.4,6.8,-27.2,,194,1.30,205,25,R,FR24
14:13:44,39.120424,-8.559545,10397,120.1,8.1,-27.4,,194,1.30,204,26,R,FR24
14:13:46,39.119781,-8.557235,10413,114.8,9.5,-27.5,,194,1.30,203,26,R,FR24
14:13:48,39.119309,-8.554840,10447,109.4,10.7,-27.4,,194,1.26,202,27,R,FR24
14:13:50,39.119011,-8.552373,10494,104.1,11.6,-27.1,,193,1.22,201,27,R,FR24
14:13:52,39.118890,-8.549849,10550,98.8,11.9,-26.7,,193,1.18,201,28,R,FR24
14:13:54,39.118945,-8.547284,10607,93.6,11.9,-26.2,,192,1.14,202,28,R,FR24
14:13:56,39.119175,-8.544693,10662,88.5,11.5,-25.7,,192,1.10,203,29,R,FR24
14:13:58,39.119578,-8.542093,10711,83.6,10.9,-25.2,,192,1.12,203,29,R,FR24
14:14:00,39.120150,-8.539500,10753,78.7,10.3,-24.7,,192,1.14,204,30,R,FR24
14:14:02,39.120885,-8.536929,10789,74.0,9.8,-24.2,,192,1.16,204,30,R,FR24
14:14:04,39.121778,-8.534398,10821,69.4,9.6,-23.7,,192,1.18,204,30,R,FR24
14:14:06,39.122822,-8.531922,10853,64.9,9.7,-23.4,,192,1.20,204,30,R,FR24
14:14:08,39.124011,-8.529516,10892,60.5,10.2,-23.0,,193,1.20,204,30,R,FR24
14:14:10,39.125335,-8.527196,10941,56.3,11.1,-22.8,,194,1.20,204,30,R,FR24
14:14:12,39.126787,-8.524975,11004,52.1,12.1,-22.7,,196,1.20,204,31,R,FR24
14:14:14,39.128357,-8.522866,11082,48.0,13.2,-22.5,,197,1.20,204,32,R,FR24
14:14:16,39.130036,-8.520883,11175,43.9,14.0,-22.3,,198,1.20,204,33,R,FR24
14:14:18,39.131814,-8.519035,11278,39.9,14.6,-22.2,,198,1.16,204,34,R,FR24
14:14:20,39.133680,-8.517333,11385,35.8,14.8,-22.1,,197,1.12,204,35,R,FR24
14:14:22,39.135623,-8.515784,11492,32.0,14.6,-21.9,,197,1.08,202,35,R,FR24
14:14:24,39.137632,-8.514396,11593,28.3,14.0,-21.7,,197,1.04,200,36,R,FR24
14:14:26,39.139693,-8.513174,11683,24.6,13.0,-21.3,,196,1.00,198,37,R,FR24
14:14:28,39.141793,-8.512121,11755,20.9,11.5,-20.9,,197,1.06,196,38,R,FR24
14:14:30,39.143918,-8.511241,11805,17.2,9.7,-20.6,,197,1.12,194,39,R,FR24
14:14:32,39.146050,-8.510534,11830,13.1,7.5,-19.8,,197,1.18,194,39,R,FR24
14:14:34,39.148175,-8.510001,11827,8.9,5.2,-18.4,,198,1.24,194,39,R,FR24
14:14:36,39.150276,-8.509643,11800,4.6,4.2,-20.4,,198,1.30,194,39,R,FR24
14:14:38,39.152341,-8.509459,11754,0.2,3.0,-20.5,,201,1.32,194,38,R,FR24
14:14:40,39.154196,-8.509534,11695,354.4,2.6,-22.2,,204,1.34,195,38,R,FR24
14:14:42,39.156072,-8.510124,11631,346.5,2.9,-25.3,,206,1.36,195,38,R,FR24
14:14:44,39.158282,-8.511285,11571,339.0,3.5,-27.4,,209,1.38,195,38,R,FR24
14:14:46,39.160712,-8.512670,11519,333.2,4.1,-27.3,,211,1.40,195,37,R,FR24
14:14:48,39.163058,-8.514020,11482,328.8,4.8,-25.7,,213,1.40,196,37,R,FR24
14:14:50,39.165325,-8.515561,11462,324.8,5.5,-22.6,,214,1.40,196,37,R,FR24
14:14:52,39.167518,-8.517263,11460,321.5,6.2,-19.3,,215,1.40,196,37,R,FR24
14:14:54,39.169642,-8.519096,11475,318.8,6.9,-15.4,,216,1.40,196,36,R,FR24
14:14:56,39.171712,-8.521029,11504,316.8,7.4,-10.7,,218,1.40,196,36,R,FR24
14:14:58,39.173740,-8.523026,11545,315.5,7.9,-6.0,,218,1.40,197,36,R,FR24
14:15:00,39.175742,-8.525054,11593,314.9,8.2,-2.3,,218,1.40,197,36,R,FR24
14:15:02,39.177734,-8.527093,11643,314.8,8.2,1.3,,218,1.40,197,35,R,FR24
14:15:04,39.179731,-8.529125,11689,315.2,7.8,2.4,,218,1.40,197,35,R,FR24
14:15:06,39.181738,-8.531146,11727,315.5,7.1,1.8,,218,1.41,198,35,R,FR24
14:15:08,39.183757,-8.533166,11750,315.7,5.8,-0.0,,219,1.47,198,35,R,FR24
14:15:10,39.185780,-8.535208,11751,315.1,4.2,-7.8,,220,1.53,198,34,R,FR24
14:15:12,39.187769,-8.537310,11727,313.4,2.6,-15.6,,222,1.59,198,34,R,FR24
14:15:14,39.189681,-8.539516,11673,310.2,1.6,-27.1,,223,1.65,199,34,R,FR24
14:15:16,39.191444,-8.541884,11593,304.8,1.2,-38.2,,224,1.72,199,34,R,FR24
14:15:18,39.192962,-8.544460,11489,297.1,1.3,-46.5,,226,1.84,199,33,R,FR24
14:15:20,39.194132,-8.547252,11368,287.3,1.6,-52.4,,227,1.96,199,33,R,FR24
14:15:22,39.194846,-8.550208,11234,275.5,2.2,-57.0,,228,2.08,200,33,R,FR24
14:15:24,39.195009,-8.553214,11094,262.2,2.1,-58.8,,229,2.20,200,33,R,FR24
14:15:26,39.194589,-8.556102,10953,248.3,2.1,-59.9,,230,2.28,200,32,R,FR24
14:15:28,39.193608,-8.558678,10817,234.0,2.5,-59.8,,230,2.20,201,32,R,FR24
14:15:30,39.192154,-8.560786,10689,220.5,2.2,-57.4,,230,2.12,201,32,R,FR24
14:15:32,39.190353,-8.562353,10575,208.3,2.2,-54.7,,230,2.04,201,32,R,FR24
14:15:34,39.188327,-8.563370,10479,197.7,1.7,-49.0,,230,1.96,201,31,R,FR24
14:15:36,39.186184,-8.563906,10402,189.4,1.6,-41.1,,229,1.87,202,31,R,FR24
14:15:38,39.184019,-8.564065,10345,183.4,2.4,-31.1,,226,1.75,202,31,R,FR24
14:15:40,39.181880,-8.563962,10309,179.3,3.3,-20.5,,222,1.63,202,31,R,FR24
14:15:42,39.179781,-8.563703,10292,177.0,4.3,-8.9,,218,1.51,203,30,R,FR24
14:15:44,39.177723,-8.563379,10291,176.2,5.4,-2.9,,214,1.38,203,30,R,FR24
14:15:46,39.175704,-8.563040,10299,176.1,6.2,2.2,,210,1.32,203,30,R,FR24
14:15:48,39.173709,-8.562723,10314,176.7,6.6,4.1,,208,1.38,204,30,R,FR24
14:15:50,39.171731,-8.562437,10332,177.3,6.9,2.8,,206,1.44,204,29,R,FR24
14:15:52,39.169773,-8.562173,10353,177.6,7.1,1.0,,204,1.50,204,29,R,FR24
14:15:54,39.167834,-8.561908,10376,177.3,7.4,-5.4,,202,1.56,205,29,R,FR24
14:15:56,39.165916,-8.561594,10402,175.9,8.0,-11.9,,200,1.58,205,29,R,FR24
14:15:58,39.164007,-8.561175,10433,173.2,9.2,-20.6,,200,1.52,206,28,R,FR24
14:16:00,39.162115,-8.560574,10471,168.7,11.1,-30.0,,200,1.46,206,28,R,FR24
14:16:02,39.160265,-8.559706,10515,162.3,13.5,-37.7,,200,1.40,206,28,R,FR24
14:16:04,39.158504,-8.558497,10567,154.2,16.0,-43.7,,200,1.34,207,28,R,FR24
14:16:06,39.156900,-8.556892,10626,144.4,18.6,-48.6,,200,1.29,207,28,R,FR24
14:16:08,39.155544,-8.554880,10688,133.2,19.6,-50.3,,199,1.27,207,27,R,FR24
14:16:10,39.154508,-8.552511,10751,121.7,19.6,-50.5,,198,1.25,208,27,R,FR24
14:16:12,39.153845,-8.549872,10812,110.2,19.1,-49.8,,197,1.23,208,27,R,FR24
14:16:14,39.153567,-8.547070,10868,99.7,16.5,-45.2,,197,1.21,209,27,R,FR24
14:16:16,39.153632,-8.544204,10912,91.0,13.6,-39.7,,196,1.20,209,26,R,FR24
14:16:18,39.153976,-8.541338,10941,84.1,9.9,-30.3,,196,1.20,210,26,R,FR24
14:16:20,39.154511,-8.538500,10948,79.8,6.3,-17.6,,195,1.20,210,26,R,FR24
14:16:22,39.155141,-8.535691,10929,78.0,3.4,-4.3,,195,1.20,210,26,R,FR24
14:16:24,39.155852,-8.533162,10879,78.6,1.1,5.6,,194,1.20,211,26,R,FR24
14:16:26,39.156681,-8.532078,10798,84.0,-1.0,9.9,,198,1.32,211,25,R,FR24
14:16:28,39.157231,-8.531512,10687,89.2,-3.0,0.4,,207,1.62,212,25,R,FR24
14:16:30,39.157500,-8.530264,10550,90.9,-4.7,-6.7,,217,1.93,212,25,R,FR24
14:16:32,39.157684,-8.527445,10393,89.9,-6.5,-7.3,,226,2.23,213,25,R,FR24
14:16:34,39.157911,-8.524248,10221,88.7,-8.0,-6.4,,236,2.53,213,25,R,FR24
14:16:36,39.158184,-8.520962,10042,87.7,-8.4,-5.5,,244,2.75,214,24,R,FR24
14:16:38,39.158496,-8.517608,9862,86.8,-8.4,-4.5,,250,2.85,214,24,R,FR24
14:16:40,39.158840,-8.514203,9686,86.2,-8.1,-3.5,,256,2.95,215,24,R,FR24
14:16:42,39.159207,-8.510770,9519,85.5,-7.5,-2.4,,262,3.05,216,23,R,FR24
14:16:44,39.159590,-8.507330,9364,84.9,-6.8,-1.2,,268,3.15,217,21,R,FR24
14:16:46,39.159978,-8.503899,9230,84.6,-5.5,-0.1,,269,3.02,219,20,R,FR24
14:16:48,39.160362,-8.500491,9122,84.4,-3.9,1.1,,265,2.66,221,19,R,FR24
14:16:50,39.160735,-8.497121,9041,84.4,-2.4,2.4,,261,2.30,223,17,R,FR24
14:16:52,39.161086,-8.493803,8984,84.8,-0.9,3.7,,258,1.94,224,17,R,FR24
14:16:54,39.161406,-8.490549,8950,85.4,0.4,4.9,,254,1.58,225,17,R,FR24
14:16:56,39.161688,-8.487367,8933,86.2,0.9,3.4,,249,1.34,226,17,R,FR24
14:16:58,39.161926,-8.484262,8931,87.2,0.0,0.0,,242,1.22,227,17,R,FR24
14:17:00,39.162115,-8.481238,8940,88.4,3.5,7.2,,236,1.10,228,17,R,FR24
14:17:02,39.162249,-8.478297,8959,89.8,5.0,8.6,,229,0.98,227,17,R,FR24
14:17:04,39.162327,-8.475442,8986,91.5,6.3,9.2,,223,0.85,226,17,R,FR24
14:17:06,39.162346,-8.472670,9018,93.2,7.5,9.5,,216,0.82,225,17,R,FR24
14:17:08,39.162306,-8.469972,9054,95.1,8.3,9.7,,208,0.86,224,17,R,FR24
14:17:10,39.162208,-8.467340,9092,97.0,8.6,9.6,,201,0.90,223,17,R,FR24
14:17:12,39.162052,-8.464765,9128,99.2,8.6,9.4,,194,0.94,220,19,R,FR24
14:17:14,39.161842,-8.462238,9161,101.5,8.3,8.9,,186,0.98,218,20,R,FR24
14:17:16,39.161581,-8.459746,9186,103.7,7.7,8.1,,183,1.04,216,22,R,FR24
14:17:18,39.161271,-8.457275,9201,105.7,6.7,7.2,,184,1.10,215,24,R,FR24
14:17:20,39.160918,-8.454811,9203,107.4,5.5,6.2,,184,1.16,213,26,R,FR24
14:17:22,39.160525,-8.452342,9189,108.1,4.2,5.2,,185,1.22,215,24,R,FR24
14:17:24,39.160099,-8.449857,9160,108.4,2.9,4.1,,185,1.28,217,22,R,FR24
14:17:26,39.159642,-8.447347,9115,108.4,1.7,3.0,,186,1.31,219,21,R,FR24
14:17:28,39.159162,-8.444805,9057,108.3,0.8,1.9,,186,1.33,222,19,R,FR24
14:17:30,39.158664,-8.442227,8991,108.0,0.3,1.1,,187,1.35,225,18,R,FR24
14:17:32,39.158152,-8.439614,8923,107.7,0.4,0.3,,187,1.37,227,16,R,FR24
14:17:34,39.157633,-8.436967,8862,107.3,1.1,-0.4,,187,1.39,229,15,R,FR24
14:17:36,39.157110,-8.434289,8812,106.8,2.2,-1.0,,188,1.37,231,14,R,FR24
14:17:38,39.156589,-8.431588,8781,106.3,3.8,-1.5,,188,1.33,233,13,R,FR24
14:17:40,39.156074,-8.428865,8769,105.6,5.4,-1.9,,188,1.29,236,11,R,FR24
14:17:42,39.155567,-8.426126,8778,105.3,6.9,-2.1,,188,1.25,238,12,R,FR24
14:17:44,39.155072,-8.423373,8803,105.0,8.0,-2.3,,188,1.21,239,12,R,FR24
14:17:46,39.154590,-8.420612,8838,104.6,8.7,-2.5,,187,1.20,240,13,R,FR24
14:17:48,39.154122,-8.417847,8879,104.2,9.0,-2.6,,187,1.20,241,13,R,FR24
14:17:50,39.153671,-8.415083,8919,103.8,8.8,-2.6,,186,1.20,242,14,R,FR24
14:17:52,39.153237,-8.412322,8955,103.7,8.3,-2.6,,186,1.20,238,14,R,FR24
14:17:54,39.152820,-8.409565,8982,103.5,7.6,-2.6,,186,1.20,234,15,R,FR24
14:17:56,39.152419,-8.406814,8999,103.4,6.8,-2.5,,187,1.19,231,16,R,FR24
14:17:58,39.152036,-8.404071,9007,103.3,6.1,-2.5,,188,1.17,228,17,R,FR24
14:18:00,39.151669,-8.401335,9007,103.2,5.5,-2.4,,190,1.15,225,18,R,FR24
14:18:02,39.151318,-8.398605,9002,102.9,5.3,-2.4,,192,1.13,225,18,R,FR24
14:18:04,39.150982,-8.395877,8997,102.5,5.3,-2.4,,194,1.10,225,18,R,FR24
14:18:06,39.150662,-8.393149,8994,102.0,5.6,-2.6,,195,1.10,225,18,R,FR24
14:18:08,39.150357,-8.390420,8998,101.6,6.1,-2.9,,197,1.10,225,18,R,FR24
14:18:10,39.150070,-8.387686,9009,101.1,6.7,-3.3,,199,1.10,225,18,R,FR24
14:18:12,39.149803,-8.384945,9029,100.9,7.3,-3.8,,200,1.10,222,19,R,FR24
14:18:14,39.149560,-8.382194,9057,100.6,7.9,-4.4,,202,1.10,219,21,R,FR24
14:18:16,39.149343,-8.379430,9094,100.2,8.5,-5.1,,204,1.10,217,22,R,FR24
14:18:18,39.149157,-8.376650,9136,99.7,8.9,-5.9,,205,1.10,215,24,R,FR24
14:18:20,39.149008,-8.373853,9185,99.1,9.3,-6.8,,206,1.10,213,26,R,FR24
14:18:22,39.148901,-8.371037,9237,98.2,9.5,-7.7,,207,1.10,212,27,R,FR24
14:18:24,39.148841,-8.368204,9293,97.1,9.7,-8.6,,209,1.10,211,28,R,FR24
14:18:26,39.148836,-8.365352,9352,95.9,9.8,-9.4,,210,1.10,209,29,R,FR24
14:18:28,39.148889,-8.362481,9413,94.5,10.0,-10.2,,211,1.10,208,30,R,FR24
14:18:30,39.149008,-8.359592,9476,93.1,10.0,-11.0,,213,1.10,207,31,R,FR24
14:18:32,39.149197,-8.356688,9542,90.7,10.1,-11.8,,214,1.10,209,30,R,FR24
14:18:34,39.149462,-8.353769,9610,88.2,10.2,-12.5,,215,1.10,210,28,R,FR24
14:18:36,39.149807,-8.350838,9681,85.6,10.4,-13.0,,215,1.10,212,26,R,FR24
14:18:38,39.150238,-8.347894,9754,82.9,10.5,-13.5,,215,1.10,214,25,R,FR24
14:18:40,39.150757,-8.344939,9829,80.2,10.7,-13.9,,215,1.10,216,23,R,FR24
14:18:42,39.151368,-8.341975,9905,77.7,10.7,-14.3,,215,1.10,218,23,R,FR24
14:18:44,39.152074,-8.339002,9981,75.2,10.8,-14.6,,215,1.10,220,23,R,FR24
14:18:46,39.152879,-8.336024,10057,72.6,10.7,-14.9,,216,1.12,221,23,R,FR24
14:18:48,39.153785,-8.333043,10133,70.1,10.6,-15.2,,216,1.14,223,22,R,FR24
14:18:50,39.154793,-8.330062,10207,67.5,10.5,-15.5,,217,1.16,225,22,R,FR24
14:18:52,39.155908,-8.327088,10280,65.5,10.3,-15.9,,217,1.18,220,23,R,FR24
14:18:54,39.157131,-8.324127,10351,63.6,10.2,-16.3,,217,1.20,215,24,R,FR24
14:18:56,39.158464,-8.321188,10422,61.6,10.2,-16.8,,218,1.16,211,26,R,FR24
14:18:58,39.159906,-8.318279,10495,59.5,10.4,-17.3,,218,1.12,207,27,R,FR24
14:19:00,39.161460,-8.315410,10572,57.4,10.7,-17.7,,219,1.08,204,28,R,FR24
14:19:02,39.163125,-8.312593,10656,54.9,11.1,-18.2,,219,1.04,204,29,R,FR24
14:19:04,39.164900,-8.309837,10748,52.2,11.6,-18.6,,220,1.00,204,29,R,FR24
14:19:06,39.166782,-8.307156,10847,49.6,12.2,-19.1,,219,1.00,204,30,R,FR24
14:19:08,39.168766,-8.304564,10952,46.9,12.5,-19.5,,219,1.00,204,30,R,FR24
14:19:10,39.170846,-8.302077,11059,44.1,12.7,-20.0,,218,1.00,204,30,R,FR24
14:19:12,39.173018,-8.299705,11164,41.3,12.6,-20.4,,218,1.00,203,31,R,FR24
14:19:14,39.175277,-8.297460,11265,38.4,12.3,-20.7,,218,1.00,203,32,R,FR24
14:19:16,39.177615,-8.295351,11359,35.5,11.9,-20.8,,217,1.00,203,33,R,FR24
14:19:18,39.180025,-8.293387,11443,32.6,11.3,-20.9,,217,1.00,203,34,R,FR24
14:19:20,39.182502,-8.291574,11517,29.6,10.5,-21.0,,216,1.00,202,35,R,FR24
14:19:22,39.185040,-8.289914,11577,26.7,9.7,-20.8,,216,1.00,201,35,R,FR24
14:19:24,39.187638,-8.288408,11623,23.8,8.8,-20.5,,215,1.00,200,36,R,FR24
14:19:26,39.190291,-8.287054,11657,20.9,7.9,-19.9,,215,1.00,200,36,R,FR24
14:19:28,39.192998,-8.285848,11680,18.2,7.3,-19.1,,215,1.00,199,37,R,FR24
14:19:30,39.195756,-8.284785,11699,15.6,7.0,-18.2,,215,1.00,198,38,R,FR24
14:19:32,39.198567,-8.283855,11719,13.3,7.2,-17.0,,215,1.00,196,38,R,FR24
14:19:34,39.201428,-8.283050,11746,11.2,7.7,-15.7,,215,1.00,195,38,R,FR24
14:19:36,39.204336,-8.282361,11786,9.4,8.5,-14.4,,216,1.02,193,38,R,FR24
14:19:38,39.207285,-8.281779,11841,7.7,9.3,-13.1,,217,1.04,191,38,R,FR24
14:19:40,39.210268,-8.281296,11913,6.2,10.2,-12.0,,218,1.06,190,39,R,FR24
14:19:42,39.213279,-8.280904,11999,4.7,10.9,-11.0,,219,1.08,190,38,R,FR24
14:19:44,39.216309,-8.280597,12097,3.3,11.5,-10.2,,220,1.10,190,38,R,FR24
14:19:46,39.219352,-8.280369,12204,2.0,12.1,-9.6,,218,1.08,190,38,R,FR24
14:19:48,39.222397,-8.280217,12316,0.7,12.5,-9.3,,217,1.06,190,37,R,FR24
14:19:50,39.225436,-8.280138,12427,359.5,12.4,-9.2,,216,1.04,191,37,R,FR24
14:19:52,39.228467,-8.280133,12531,358.3,11.9,-9.4,,214,1.02,190,38,R,FR24
14:19:54,39.231485,-8.280204,12622,356.9,11.1,-9.7,,213,1.00,190,40,R,FR24
14:19:56,39.234485,-8.280351,12695,355.6,10.0,-10.1,,210,1.00,190,42,R,FR24
14:19:58,39.237462,-8.280577,12747,354.1,8.7,-10.6,,208,1.00,189,43,R,FR24
14:20:00,39.240412,-8.280887,12775,352.5,7.2,-11.3,,205,1.00,189,45,R,FR24
14:20:02,39.243334,-8.281285,12781,350.8,5.8,-12.0,,203,1.00,189,45,R,FR24
14:20:04,39.246228,-8.281776,12768,349.1,4.7,-12.6,,200,1.00,189,44,R,FR24
14:20:06,39.249094,-8.282364,12741,347.3,3.8,-13.0,,201,1.02,189,44,R,FR24
14:20:08,39.251931,-8.283051,12702,345.4,3.1,-13.5,,201,1.04,189,44,R,FR24
14:20:10,39.254739,-8.283843,12656,343.5,2.7,-14.0,,202,1.06,189,43,R,FR24
14:20:12,39.257518,-8.284742,12604,341.7,2.4,-14.5,,202,1.08,188,41,R,FR24
14:20:14,39.260269,-8.285752,12548,339.9,2.2,-14.8,,203,1.11,187,40,R,FR24
14:20:16,39.262993,-8.286877,12491,338.0,2.1,-14.9,,205,1.15,187,38,R,FR24
14:20:18,39.265687,-8.288116,12433,336.2,2.1,-15.0,,207,1.19,186,36,R,FR24
14:20:20,39.268351,-8.289469,12374,334.4,2.0,-15.0,,209,1.23,185,34,R,FR24
14:20:22,39.270986,-8.290939,12314,332.3,1.9,-15.0,,212,1.27,185,35,R,FR24
14:20:24,39.273591,-8.292524,12255,330.2,1.8,-14.9,,213,1.30,185,35,R,FR24
14:20:26,39.276168,-8.294225,12196,328.1,1.8,-14.7,,214,1.32,186,35,R,FR24
14:20:28,39.278715,-8.296038,12138,326.1,1.7,-14.4,,215,1.34,186,36,R,FR24
14:20:30,39.281231,-8.297963,12079,324.1,1.7,-14.1,,216,1.36,187,36,R,FR24
14:20:32,39.283719,-8.299999,12022,322.0,1.7,-13.8,,217,1.39,188,37,R,FR24
14:20:34,39.286180,-8.302145,11968,320.1,1.7,-13.5,,218,1.39,190,37,R,FR24
14:20:36,39.288614,-8.304398,11916,318.2,2.0,-13.3,,218,1.37,191,38,R,FR24
14:20:38,39.291019,-8.306757,11870,316.4,2.4,-13.1,,218,1.35,192,39,R,FR24
14:20:40,39.293392,-8.309219,11830,314.6,2.9,-13.0,,218,1.33,194,39,R,FR24
14:20:42,39.295734,-8.311782,11800,313.0,3.5,-12.8,,218,1.31,194,39,R,FR24
14:20:44,39.298042,-8.314443,11780,311.5,4.1,-12.7,,218,1.29,194,39,R,FR24
14:20:46,39.300310,-8.317196,11770,310.0,4.8,-12.7,,218,1.27,194,39,R,FR24
14:20:48,39.302531,-8.320032,11772,308.5,5.5,-12.7,,219,1.25,194,39,R,FR24
14:20:50,39.304697,-8.322941,11785,307.0,6.2,-12.6,,219,1.23,194,39,R,FR24
14:20:52,39.306805,-8.325919,11808,305.5,6.7,-12.4,,219,1.21,193,39,R,FR24
14:20:54,39.308852,-8.328958,11836,304.1,6.9,-12.0,,219,1.22,192,39,R,FR24
14:20:56,39.310832,-8.332042,11867,302.7,7.0,-11.6,,219,1.28,191,39,R,FR24
14:20:58,39.312739,-8.335157,11895,301.4,6.9,-11.1,,218,1.34,190,39,R,FR24
14:21:00,39.314568,-8.338286,11919,300.0,6.6,-10.7,,217,1.40,189,39,R,FR24
14:21:02,39.316317,-8.341422,11938,298.6,6.4,-10.4,,216,1.46,189,39,R,FR24
14:21:04,39.317987,-8.344555,11954,297.2,6.4,-10.2,,215,1.48,189,39,R,FR24
14:21:06,39.319574,-8.347675,11972,295.8,6.6,-10.1,,215,1.42,189,39,R,FR24
14:21:08,39.321075,-8.350772,11996,294.3,7.1,-10.3,,215,1.36,189,39,R,FR24
14:21:10,39.322487,-8.353842,12029,292.7,7.8,-10.7,,215,1.30,189,39,R,FR24
14:21:12,39.323809,-8.356882,12073,291.3,8.6,-11.4,,215,1.24,188,38,R,FR24
14:21:14,39.325038,-8.359895,12128,289.7,9.3,-12.3,,216,1.22,187,36,R,FR24
14:21:16,39.326169,-8.362883,12192,288.0,9.8,-13.5,,216,1.26,187,35,R,FR24
14:21:18,39.327198,-8.365847,12259,286.1,9.8,-14.9,,216,1.30,186,34,R,FR24
14:21:20,39.328116,-8.368791,12320,283.9,9.2,-16.5,,217,1.34,185,33,R,FR24
14:21:22,39.328916,-8.371718,12364,281.0,7.9,-18.1,,217,1.38,186,33,R,FR24
14:21:24,39.329591,-8.374630,12379,277.7,3.4,-12.0,,221,1.52,187,34,R,FR24
14:21:26,39.330129,-8.377530,12355,274.2,1.9,-21.3,,228,1.78,187,35,R,FR24
14:21:28,39.330524,-8.380416,12281,270.4,-2.1,-22.9,,235,2.04,188,35,R,FR24
14:21:30,39.330764,-8.383284,12151,266.3,-5.8,-24.3,,243,2.30,189,36,R,FR24
14:21:32,39.330843,-8.386126,11962,262.5,-9.3,-25.6,,250,2.56,192,35,R,FR24
14:21:34,39.330751,-8.388930,11720,258.6,-12.1,-26.8,,256,2.69,195,33,R,FR24
14:21:36,39.330483,-8.391682,11436,254.5,-14.2,-28.0,,260,2.67,198,32,R,FR24
14:21:38,39.330033,-8.394368,11124,250.2,-15.4,-28.8,,264,2.65,202,31,R,FR24
14:21:40,39.329399,-8.396972,10800,245.9,-15.8,-29.3,,267,2.63,206,30,R,FR24
14:21:42,39.328581,-8.399480,10477,241.2,-15.5,-29.3,,271,2.61,207,29,R,FR24
14:21:44,39.327586,-8.401877,10164,236.5,-14.6,-28.8,,273,2.49,207,29,R,FR24
14:21:46,39.326422,-8.404155,9890,232.0,-11.7,-28.0,,272,2.27,208,29,R,FR24
14:21:48,39.325101,-8.406304,9690,227.7,-7.2,-26.8,,271,2.04,209,28,R,FR24
14:21:50,39.323638,-8.408319,9578,223.7,-2.5,-25.1,,270,1.82,209,28,R,FR24
14:21:52,39.322051,-8.410196,9547,220.0,1.5,-23.4,,269,1.60,209,28,R,FR24
14:21:54,39.320359,-8.411933,9572,216.5,4.1,-21.8,,267,1.46,209,27,R,FR24
14:21:56,39.318582,-8.413529,9634,213.3,6.2,-20.4,,263,1.38,209,27,R,FR24
14:21:58,39.316736,-8.414984,9730,210.3,8.2,-19.1,,259,1.30,209,27,R,FR24
14:22:00,39.314395,-8.415314,9856,205.7,10.1,-18.2,,255,1.22,209,27,R,FR24
14:22:02,39.311260,-8.414052,10006,198.8,11.6,-17.2,,251,1.14,209,26,R,FR24
14:22:04,39.307830,-8.412269,10171,192.3,12.7,-14.2,,245,1.10,209,26,R,FR24
14:22:06,39.304950,-8.411479,10343,188.7,13.4,-8.2,,237,1.10,209,26,R,FR24
14:22:08,39.302718,-8.411771,10510,187.8,13.8,-2.8,,229,1.10,209,26,R,FR24
14:22:10,39.300556,-8.412035,10659,187.8,13.8,2.3,,221,1.10,209,25,R,FR24
14:22:12,39.298466,-8.412311,10781,188.5,12.8,7.0,,212,1.10,209,25,R,FR24
14:22:14,39.296442,-8.412636,10864,189.9,10.5,11.0,,207,1.10,209,25,R,FR24
14:22:16,39.294449,-8.413046,10901,191.9,7.3,13.7,,205,1.10,209,25,R,FR24
14:22:18,39.292499,-8.413561,10887,194.4,3.9,16.3,,202,1.10,209,24,R,FR24
14:22:20,39.290608,-8.414194,10821,197.1,0.1,16.6,,200,1.10,209,24,R,FR24
14:22:22,39.288791,-8.414937,10704,199.9,-3.6,16.2,,197,1.10,209,24,R,FR24
14:22:24,39.287036,-8.415792,10541,202.7,-6.8,15.0,,202,1.30,209,24,R,FR24
14:22:26,39.285259,-8.416786,10338,204.9,-9.4,11.3,,211,1.60,209,23,R,FR24
14:22:28,39.283448,-8.417896,10103,206.4,-11.8,7.2,,220,1.90,209,23,R,FR24
14:22:30,39.281588,-8.419092,9845,206.9,-13.6,-2.1,,229,2.20,209,23,R,FR24
14:22:32,39.279647,-8.420307,9572,205.7,-14.5,-13.7,,238,2.50,209,23,R,FR24
14:22:34,39.277595,-8.421453,9294,202.7,-14.0,-26.5,,244,2.61,209,22,R,FR24
14:22:36,39.275422,-8.422391,9019,197.1,-12.4,-41.5,,250,2.63,209,22,R,FR24
14:22:38,39.273106,-8.422939,8756,188.4,-9.9,-52.3,,255,2.65,208,22,R,FR24
14:22:40,39.270676,-8.422893,8514,176.8,-7.0,-59.2,,260,2.67,208,22,R,FR24
14:22:42,39.268238,-8.422066,8301,162.6,-3.8,-63.9,,265,2.69,208,21,R,FR24
14:22:44,39.266001,-8.420336,8123,146.1,-0.4,-66.9,,267,2.62,208,21,R,FR24
14:22:46,39.264241,-8.417753,7985,128.5,2.1,-67.0,,266,2.49,208,21,R,FR24
14:22:48,39.263150,-8.414536,7892,110.9,4.7,-67.0,,266,2.37,208,21,R,FR24
14:22:50,39.262849,-8.410976,7845,93.3,7.4,-67.0,,265,2.25,208,20,R,FR24
14:22:52,39.263390,-8.407403,7845,75.5,10.1,-67.0,,265,2.13,208,20,R,FR24
14:22:54,39.264726,-8.404186,7889,57.5,13.2,-67.0,,257,1.92,208,20,R,FR24
14:22:56,39.266683,-8.401690,7969,39.2,16.5,-66.9,,247,1.68,208,19,R,FR24
14:22:58,39.269039,-8.400114,8078,20.6,19.3,-66.5,,236,1.44,208,19,R,FR24
14:23:00,39.271538,-8.399541,8206,2.1,23.5,-63.8,,226,1.20,208,19,R,FR24
14:23:02,39.273936,-8.399855,8341,345.9,24.5,-58.7,,216,0.96,208,19,R,FR24
14:23:04,39.276087,-8.400824,8475,332.5,24.6,-52.0,,205,0.90,208,18,R,FR24
14:23:06,39.277942,-8.402221,8599,321.8,20.9,-42.9,,195,0.90,208,18,R,FR24
14:23:08,39.279525,-8.403852,8706,314.0,16.6,-31.4,,185,0.90,208,18,R,FR24
14:23:10,39.280891,-8.405573,8791,309.0,13.3,-19.8,,174,0.90,207,18,R,FR24
14:23:12,39.282101,-8.407292,8851,306.0,10.7,-9.7,,164,0.90,207,17,R,FR24
14:23:14,39.283222,-8.408972,8885,305.0,8.2,-0.4,,160,0.92,207,17,R,FR24
14:23:16,39.284325,-8.410628,8894,305.4,5.9,3.7,,157,0.94,207,17,R,FR24
14:23:18,39.285431,-8.412237,8880,306.6,4.0,7.1,,155,0.96,207,17,R,FR24
14:23:20,39.286554,-8.413782,8848,308.4,2.5,8.7,,152,0.98,207,16,R,FR24
14:23:22,39.287698,-8.415255,8803,310.3,1.3,8.2,,149,1.00,207,16,R,FR24
14:23:24,39.288865,-8.416668,8751,312.1,0.7,7.8,,149,1.00,207,16,R,FR24
14:23:26,39.290063,-8.418040,8696,313.7,0.6,5.7,,149,1.00,207,16,R,FR24
14:23:28,39.291486,-8.419667,8645,315.0,0.9,2.3,,149,1.00,207,15,R,FR24
14:23:30,39.293095,-8.421498,8598,315.5,1.6,-2.4,,149,1.00,207,15,R,FR24
14:23:32,39.294614,-8.423232,8560,314.6,2.5,-5.7,,149,1.00,206,15,R,FR24
14:23:34,39.295879,-8.424698,8529,313.0,3.4,-6.5,,149,1.00,206,15,R,FR24
14:23:36,39.296981,-8.426009,8508,311.7,4.3,-6.3,,150,1.00,206,14,R,FR24
14:23:38,39.298076,-8.427379,8495,310.4,5.1,-6.1,,150,1.00,206,14,R,FR24
14:23:40,39.299156,-8.428798,8491,309.1,5.9,-5.8,,151,1.00,206,14,R,FR24
14:23:42,39.300217,-8.430257,8493,307.9,6.4,-5.5,,151,1.00,206,14,R,FR24
14:23:44,39.301252,-8.431744,8497,306.6,6.5,-5.3,,153,1.00,206,14,R,FR24
14:23:46,39.302257,-8.433249,8500,305.4,6.1,-5.1,,156,1.00,206,14,R,FR24
14:23:48,39.303259,-8.434928,8497,303.4,5.5,-6.0,,159,1.00,206,14,R,FR24
14:23:50,39.304238,-8.436967,8488,299.6,5.1,-8.6,,161,1.00,206,14,R,FR24
14:23:52,39.305127,-8.439290,8477,294.8,5.2,-11.0,,164,1.00,206,14,R,FR24
14:23:54,39.305905,-8.441546,8471,291.1,5.9,-10.9,,166,1.02,206,14,R,FR24
14:23:56,39.306615,-8.443580,8475,289.0,6.8,-9.4,,168,1.04,207,14,R,FR24
14:23:58,39.307280,-8.445663,8490,287.3,7.7,-7.2,,170,1.06,207,15,R,FR24
14:24:00,39.307912,-8.447788,8516,286.1,8.3,-4.8,,173,1.08,207,15,R,FR24
14:24:02,39.308525,-8.449949,8547,285.4,8.6,-2.4,,175,1.10,207,15,R,FR24
14:24:04,39.309135,-8.452155,8581,285.1,8.6,-0.4,,179,1.08,208,15,R,FR24
14:24:06,39.309758,-8.454416,8615,285.2,8.5,1.8,,183,1.06,208,15,R,FR24
14:24:08,39.310406,-8.456728,8647,285.7,8.1,2.6,,188,1.04,208,16,R,FR24
14:24:10,39.311083,-8.459090,8674,286.2,7.5,2.7,,192,1.02,208,16,R,FR24
14:24:12,39.311791,-8.461500,8690,286.6,6.5,2.4,,196,1.00,208,16,R,FR24
14:24:14,39.312521,-8.463947,8691,286.8,5.1,-0.3,,198,1.00,208,16,R,FR24
14:24:16,39.313256,-8.466419,8671,286.5,3.5,-3.1,,200,1.00,209,16,R,FR24
14:24:18,39.313975,-8.468921,8626,285.7,1.7,-7.7,,203,1.00,209,17,R,FR24
14:24:20,39.314649,-8.471458,8554,283.9,-0.1,-13.3,,205,1.00,209,17,R,FR24
14:24:22,39.315241,-8.474033,8452,281.2,-1.7,-19.0,,207,1.00,209,17,R,FR24
14:24:24,39.315714,-8.476698,8322,277.2,-3.1,-27.0,,217,1.08,209,17,R,FR24
14:24:26,39.316011,-8.479494,8165,271.8,-5.1,-34.6,,226,1.17,209,18,R,FR24
14:24:28,39.316056,-8.482396,7986,265.0,-6.9,-42.0,,236,1.25,210,18,R,FR24
14:24:30,39.315765,-8.485353,7788,256.4,-7.3,-48.8,,245,1.33,210,18,R,FR24
14:24:32,39.315053,-8.488274,7579,246.1,-7.0,-54.4,,254,1.43,210,18,R,FR24
14:24:34,39.313864,-8.490980,7364,234.2,-6.4,-58.5,,259,1.75,210,18,R,FR24
14:24:36,39.312189,-8.493264,7149,220.6,-5.4,-61.9,,264,2.07,210,19,R,FR24
14:24:38,39.310067,-8.494911,6940,205.5,-4.2,-64.2,,269,2.39,210,19,R,FR24
14:24:40,39.307614,-8.495720,6746,189.5,-2.9,-65.5,,273,2.71,210,19,R,FR24
14:24:42,39.305015,-8.495546,6572,172.8,-1.2,-66.8,,278,2.99,211,19,R,FR24
14:24:44,39.302515,-8.494330,6426,155.8,0.4,-67.0,,280,2.91,211,19,R,FR24
14:24:46,39.300359,-8.492147,6316,138.8,2.4,-67.0,,282,2.83,211,20,R,FR24
14:24:48,39.298755,-8.489166,6249,122.0,4.8,-67.0,,284,2.75,211,20,R,FR24
14:24:50,39.297862,-8.485625,6231,105.3,7.5,-67.0,,286,2.67,211,20,R,FR24
14:24:52,39.297781,-8.481815,6269,88.6,10.5,-67.0,,287,2.58,211,20,R,FR24
14:24:54,39.298526,-8.478147,6366,71.7,14.7,-67.0,,277,2.44,211,20,R,FR24
14:24:56,39.300014,-8.474987,6526,54.1,19.4,-67.0,,268,2.30,211,21,R,FR24
14:24:58,39.302081,-8.472607,6749,35.8,24.3,-67.0,,258,2.15,212,21,R,FR24
14:25:00,39.304497,-8.471191,7022,16.9,28.3,-66.7,,249,2.01,212,21,R,FR24
14:25:02,39.307013,-8.470808,7315,357.5,30.3,-66.4,,238,1.86,212,21,R,FR24
14:25:04,39.309337,-8.471404,7592,338.0,33.6,-64.1,,222,1.68,212,21,R,FR24
14:25:06,39.311247,-8.472743,7847,319.8,33.3,-60.5,,205,1.50,212,22,R,FR24
14:25:08,39.312649,-8.474531,8076,303.2,32.5,-56.0,,189,1.32,212,22,R,FR24
14:25:10,39.313550,-8.476500,8276,288.7,31.0,-49.0,,173,1.14,212,22,R,FR24
14:25:12,39.314041,-8.478444,8446,276.7,26.2,-40.4,,159,1.00,212,22,R,FR24
14:25:14,39.314233,-8.480369,8583,267.4,21.1,-32.5,,157,0.98,212,22,R,FR24
14:25:16,39.314211,-8.482275,8688,260.7,16.4,-23.2,,155,0.96,212,23,R,FR24
14:25:18,39.314051,-8.484140,8761,256.6,12.5,-12.6,,153,0.94,212,23,R,FR24
14:25:20,39.313825,-8.485965,8808,254.7,9.7,-4.0,,151,0.92,213,23,R,FR24
14:25:22,39.313587,-8.487761,8832,254.8,7.8,4.5,,149,0.91,213,23,R,FR24
14:25:24,39.313381,-8.489581,8841,256.6,6.8,10.5,,152,0.95,213,23,R,FR24
14:25:26,39.313237,-8.491448,8844,259.4,6.7,14.3,,154,0.99,213,24,R,FR24
14:25:28,39.313184,-8.493363,8848,263.0,7.4,17.8,,156,1.03,213,24,R,FR24
14:25:30,39.313242,-8.495321,8860,267.0,8.3,17.5,,158,1.07,213,24,R,FR24
14:25:32,39.313384,-8.497012,8885,271.3,9.3,14.9,,160,1.09,213,24,R,FR24
14:25:34,39.313635,-8.498285,8925,274.8,10.3,8.3,,162,1.07,213,25,R,FR24
14:25:36,39.313959,-8.499493,8982,276.1,11.5,2.0,,164,1.05,213,25,R,FR24
14:25:38,39.314309,-8.501098,9052,276.1,12.6,-0.4,,165,1.03,213,25,R,FR24
14:25:40,39.314681,-8.503083,9134,276.0,13.4,-1.1,,167,1.01,213,25,R,FR24
14:25:42,39.315051,-8.505103,9224,275.7,13.9,-1.8,,169,1.00,213,25,R,FR24
14:25:44,39.315414,-8.507150,9317,275.3,14.0,-2.3,,171,1.00,213,26,R,FR24
14:25:46,39.315767,-8.509221,9410,274.8,13.8,-2.7,,173,1.00,213,26,R,FR24
14:25:48,39.316106,-8.511313,9502,274.2,13.4,-2.9,,175,1.00,212,26,R,FR24
14:25:50,39.316430,-8.513422,9588,273.6,12.8,-3.0,,178,1.00,212,26,R,FR24
14:25:52,39.316737,-8.515545,9669,273.4,12.3,-3.0,,179,1.00,214,25,R,FR24
14:25:54,39.317027,-8.517682,9745,273.1,11.8,-3.0,,180,1.00,215,24,R,FR24
14:25:56,39.317299,-8.519831,9817,272.9,11.6,-3.1,,181,1.00,217,23,R,FR24
14:25:58,39.317554,-8.521995,9888,272.7,11.6,-3.2,,182,1.00,218,22,R,FR24
14:26:00,39.317791,-8.524175,9962,272.4,11.8,-3.2,,183,1.00,220,21,R,FR24
14:26:02,39.318010,-8.526372,10042,271.5,12.3,-3.3,,184,1.01,218,22,R,FR24
14:26:04,39.318210,-8.528585,10129,270.6,12.9,-3.5,,184,1.03,215,23,R,FR24
14:26:06,39.318389,-8.530815,10225,269.5,13.6,-3.7,,185,1.05,213,24,R,FR24
14:26:08,39.318547,-8.533064,10328,268.5,14.1,-4.0,,186,1.07,211,25,R,FR24
14:26:10,39.318681,-8.535332,10437,267.4,14.3,-4.4,,187,1.09,210,26,R,FR24
14:26:12,39.318788,-8.537617,10547,266.4,14.2,-4.7,,187,1.09,209,27,R,FR24
14:26:14,39.318867,-8.539917,10653,265.3,13.9,-5.1,,186,1.07,208,28,R,FR24
14:26:16,39.318914,-8.542231,10751,264.1,13.2,-5.5,,185,1.05,207,28,R,FR24
14:26:18,39.318926,-8.544557,10838,262.9,12.2,-5.9,,185,1.03,206,29,R,FR24
14:26:20,39.318902,-8.546892,10910,261.6,11.0,-6.3,,184,1.01,205,30,R,FR24
14:26:22,39.318837,-8.549234,10967,260.3,9.9,-6.7,,183,1.00,205,30,R,FR24
14:26:24,39.318731,-8.551579,11013,259.0,9.2,-7.0,,184,1.00,204,30,R,FR24
14:26:26,39.318582,-8.553921,11052,257.7,8.9,-7.1,,184,1.00,203,30,R,FR24
14:26:28,39.318389,-8.556257,11093,256.3,9.1,-7.2,,185,1.00,202,31,R,FR24
14:26:30,39.318153,-8.558581,11140,254.9,9.8,-7.2,,185,1.00,202,31,R,FR24
14:26:32,39.317873,-8.560886,11199,253.7,10.8,-7.1,,186,1.02,202,30,R,FR24
14:26:34,39.317539,-8.563296,11272,252.1,11.8,-7.8,,187,1.06,202,30,R,FR24
14:26:36,39.317085,-8.565848,11358,249.7,12.8,-8.7,,188,1.10,202,30,R,FR24
14:26:38,39.316481,-8.568402,11453,246.9,13.3,-7.0,,188,1.14,203,29,R,FR24
14:26:40,39.315825,-8.570803,11554,245.6,13.4,-0.5,,189,1.18,203,29,R,FR24
14:26:42,39.315219,-8.573081,11655,246.0,13.3,6.1,,191,1.20,203,29,R,FR24
14:26:44,39.314633,-8.575421,11753,247.5,13.1,11.7,,194,1.20,204,28,R,FR24
14:26:46,39.314102,-8.577844,11844,250.0,12.8,17.0,,197,1.20,204,28,R,FR24
14:26:48,39.313660,-8.580362,11924,253.2,12.0,19.5,,200,1.20,205,27,R,FR24
14:26:50,39.313322,-8.582974,11987,256.3,10.3,18.2,,203,1.20,205,27,R,FR24
14:26:52,39.313083,-8.585665,12024,259.2,8.0,16.3,,206,1.22,205,27,R,FR24
14:26:54,39.312928,-8.588407,12026,261.0,4.8,6.3,,207,1.26,206,26,R,FR24
14:26:56,39.312795,-8.591175,11986,261.1,1.6,-5.3,,209,1.30,206,26,R,FR24
14:26:58,39.312615,-8.593942,11899,259.3,-0.8,-18.8,,211,1.34,207,26,R,FR24
14:27:00,39.312299,-8.596670,11764,255.0,-2.2,-32.6,,213,1.38,207,25,R,FR24
14:27:02,39.311747,-8.599319,11584,248.0,-3.3,-43.4,,219,1.57,208,25,R,FR24
14:27:04,39.310842,-8.601876,11363,238.6,-6.3,-51.1,,230,1.85,208,25,R,FR24
14:27:06,39.309511,-8.604201,11110,227.1,-8.4,-57.1,,240,2.13,208,24,R,FR24
14:27:08,39.307721,-8.606096,10833,213.6,-8.8,-60.8,,250,2.41,209,24,R,FR24
14:27:10,39.305518,-8.607355,10542,199.2,-9.0,-62.8,,261,2.69,209,24,R,FR24
14:27:12,39.303026,-8.607802,10246,184.0,-8.7,-64.3,,268,2.84,210,23,R,FR24
14:27:14,39.300453,-8.607322,9954,168.9,-8.7,-63.8,,273,2.90,211,23,R,FR24
14:27:16,39.297983,-8.605939,9674,154.6,-8.3,-63.0,,278,2.96,211,23,R,FR24
14:27:18,39.295772,-8.603738,9413,141.0,-7.6,-61.9,,283,3.02,212,22,R,FR24
14:27:20,39.293937,-8.600847,9177,128.5,-6.7,-60.5,,289,3.08,212,22,R,FR24
14:27:22,39.292561,-8.597429,8969,116.9,-5.7,-59.0,,291,2.94,213,21,R,FR24
14:27:24,39.291710,-8.593671,8790,105.5,-4.0,-59.8,,291,2.70,213,21,R,FR24
14:27:26,39.291445,-8.589714,8638,93.7,-2.4,-60.8,,292,2.46,214,21,R,FR24
14:27:28,39.291810,-8.585720,8511,81.5,-0.9,-62.2,,292,2.22,215,21,R,FR24
14:27:30,39.292832,-8.581875,8403,68.4,0.5,-63.7,,292,1.97,215,20,R,FR24
14:27:32,39.294501,-8.578405,8310,54.5,1.6,-64.6,,289,1.89,216,20,R,FR24
14:27:34,39.296717,-8.575554,8231,40.5,2.3,-63.7,,284,1.87,217,20,R,FR24
14:27:36,39.299330,-8.573448,8164,26.8,2.8,-62.6,,279,1.85,218,19,R,FR24
14:27:38,39.302178,-8.572147,8110,13.7,3.2,-60.5,,273,1.83,218,19,R,FR24
14:27:40,39.305102,-8.571622,8071,1.9,3.6,-57.2,,268,1.81,219,19,R,FR24
14:27:42,39.307962,-8.571780,8051,351.3,4.4,-53.3,,259,1.81,220,18,R,FR24
14:27:44,39.310629,-8.572500,8051,341.6,5.8,-50.5,,248,1.83,221,18,R,FR24
14:27:46,39.313044,-8.573677,8072,332.4,7.4,-47.6,,236,1.85,222,18,R,FR24
14:27:48,39.315170,-8.575212,8109,323.5,10.9,-46.9,,225,1.87,223,17,R,FR24
14:27:50,39.316971,-8.577036,8159,314.0,15.5,-47.6,,214,1.89,224,17,R,FR24
14:27:52,39.318421,-8.579112,8215,303.8,17.7,-48.7,,209,1.79,225,17,R,FR24
14:27:54,39.319513,-8.581440,8273,292.9,19.1,-50.6,,207,1.65,226,17,R,FR24
14:27:56,39.320190,-8.583943,8331,281.1,19.2,-52.3,,205,1.51,227,16,R,FR24
14:27:58,39.320411,-8.586514,8386,268.5,19.0,-53.1,,203,1.37,228,16,R,FR24
14:28:00,39.320160,-8.589027,8438,255.7,18.8,-53.6,,201,1.23,229,16,R,FR24
14:28:02,39.319454,-8.591342,8486,242.5,18.5,-53.8,,198,1.17,230,16,R,FR24
14:28:04,39.318342,-8.593326,8531,229.2,18.3,-53.4,,195,1.13,231,15,R,FR24
14:28:06,39.316899,-8.594876,8572,215.9,18.1,-52.9,,192,1.09,233,15,R,FR24
14:28:08,39.315216,-8.595915,8610,202.7,18.0,-52.3,,189,1.05,234,15,R,FR24
14:28:10,39.313395,-8.596399,8646,189.6,17.8,-51.7,,186,1.01,235,15,R,FR24
14:28:12,39.311537,-8.596315,8680,176.5,17.6,-50.9,,183,1.03,237,14,R,FR24
14:28:14,39.309738,-8.595690,8710,164.0,16.9,-48.9,,181,1.07,238,14,R,FR24
14:28:16,39.308080,-8.594585,8736,152.1,15.6,-46.8,,178,1.11,239,14,R,FR24
14:28:18,39.306620,-8.593085,8756,141.2,13.6,-43.2,,175,1.15,241,14,R,FR24
14:28:20,39.305384,-8.591286,8768,131.6,11.3,-38.6,,173,1.19,242,14,R,FR24
14:28:22,39.304364,-8.589272,8771,123.5,9.0,-33.6,,173,1.23,244,13,R,FR24
14:28:24,39.303533,-8.587101,8761,116.8,6.7,-27.7,,173,1.27,246,13,R,FR24
14:28:26,39.302858,-8.584829,8738,111.7,4.6,-21.1,,173,1.32,247,13,R,FR24
14:28:28,39.302304,-8.582497,8701,108.0,2.9,-16.6,,173,1.36,249,13,R,FR24
14:28:30,39.301844,-8.580130,8653,105.0,1.8,-13.0,,173,1.40,251,13,R,FR24
14:28:32,39.301456,-8.577731,8598,102.8,1.3,-10.7,,174,1.38,252,13,R,FR24
14:28:34,39.301128,-8.575291,8545,100.6,1.8,-12.0,,176,1.36,254,13,R,FR24
14:28:36,39.300868,-8.572811,8502,98.1,3.0,-13.5,,177,1.34,256,13,R,FR24
14:28:38,39.300689,-8.570291,8476,95.1,5.2,-17.6,,179,1.32,258,13,R,FR24
14:28:40,39.300621,-8.567735,8476,91.2,8.0,-22.3,,181,1.30,260,12,R,FR24
14:28:42,39.300698,-8.565150,8505,86.3,11.1,-27.0,,184,1.26,261,12,R,FR24
14:28:44,39.300958,-8.562548,8564,80.4,14.3,-31.7,,187,1.22,263,12,R,FR24
14:28:46,39.301439,-8.559966,8652,73.5,17.4,-36.0,,190,1.18,265,12,R,FR24
14:28:48,39.302168,-8.557452,8765,65.8,19.5,-37.7,,193,1.14,267,12,R,FR24
14:28:50,39.303155,-8.555057,8896,57.8,20.9,-38.9,,196,1.10,269,12,R,FR24
14:28:52,39.304402,-8.552845,9041,49.8,21.6,-38.5,,196,1.08,252,13,R,FR24
14:28:54,39.305891,-8.550864,9191,42.3,21.0,-35.4,,195,1.06,238,15,R,FR24
14:28:56,39.307580,-8.549116,9342,35.6,20.1,-31.9,,195,1.04,228,18,R,FR24
14:28:58,39.309430,-8.547585,9488,30.1,18.4,-26.0,,194,1.02,220,21,R,FR24
14:29:00,39.311403,-8.546230,9622,25.9,16.5,-19.0,,194,1.00,215,24,R,FR24
14:29:02,39.313446,-8.545001,9742,23.1,14.6,-12.1,,194,1.00,217,24,R,FR24
14:29:04,39.315532,-8.543867,9843,21.7,12.9,-6.5,,193,1.00,219,23,R,FR24
14:29:06,39.317658,-8.542816,9926,22.3,11.6,-3.4,,193,1.00,221,23,R,FR24
14:29:08,39.319715,-8.541722,9995,22.7,10.8,-7.8,,192,1.00,223,22,R,FR24
14:29:10,39.321734,-8.540604,10055,21.6,10.4,-11.0,,192,1.00,225,22,R,FR24
14:29:12,39.323787,-8.539512,10112,20.0,10.4,-11.7,,192,1.00,221,22,R,FR24
14:29:14,39.325896,-8.538489,10173,18.3,10.8,-11.9,,193,1.00,217,23,R,FR24
14:29:16,39.328058,-8.537543,10241,16.6,11.5,-12.1,,193,1.00,213,23,R,FR24
14:29:18,39.330270,-8.536678,10321,14.9,12.4,-12.2,,194,1.00,210,24,R,FR24
14:29:20,39.332532,-8.535896,10414,13.2,13.4,-12.3,,194,1.00,206,24,R,FR24
14:29:22,39.334842,-8.535200,10518,11.1,14.1,-12.4,,194,0.98,206,26,R,FR24
14:29:24,39.337197,-8.534594,10629,9.1,14.5,-12.5,,195,0.96,205,27,R,FR24
14:29:26,39.339593,-8.534080,10742,7.0,14.4,-12.6,,195,0.94,205,28,R,FR24
14:29:28,39.342028,-8.533661,10850,4.9,13.7,-12.7,,196,0.92,204,29,R,FR24
14:29:30,39.344496,-8.533339,10942,2.9,12.3,-12.8,,196,0.90,204,30,R,FR24
14:29:32,39.346989,-8.533118,11010,0.8,10.1,-13.0,,198,0.92,204,30,R,FR24
14:29:34,39.349500,-8.533000,11043,358.7,7.4,-13.3,,199,0.94,204,30,R,FR24
14:29:36,39.352018,-8.532989,11036,356.5,4.5,-13.8,,200,0.96,205,30,R,FR24
14:29:38,39.354533,-8.533090,10989,354.2,1.8,-14.5,,201,0.98,205,30,R,FR24
14:29:40,39.357031,-8.533308,10907,351.8,-0.5,-15.4,,203,1.02,205,30,R,FR24
14:29:42,39.359500,-8.533648,10797,349.2,-2.0,-16.3,,209,1.24,208,28,R,FR24
14:29:44,39.361925,-8.534115,10670,346.4,-3.1,-17.5,,215,1.47,211,27,R,FR24
14:29:46,39.364292,-8.534715,10537,343.4,-3.6,-18.8,,221,1.69,214,25,R,FR24
14:29:48,39.366584,-8.535453,10409,340.1,-3.5,-20.3,,227,1.91,218,24,R,FR24
14:29:50,39.368784,-8.536333,10296,336.5,-2.9,-22.0,,233,2.09,222,23,R,FR24
14:29:52,39.370873,-8.537359,10207,332.5,-1.3,-23.8,,234,2.03,222,23,R,FR24
14:29:54,39.372836,-8.538535,10148,327.9,0.6,-25.6,,236,1.97,223,22,R,FR24
14:29:56,39.374659,-8.539865,10121,322.8,2.4,-26.2,,238,1.91,224,22,R,FR24
14:29:58,39.376333,-8.541353,10122,317.3,3.3,-21.9,,240,1.85,224,22,R,FR24
14:30:00,39.377851,-8.543004,10147,311.6,5.4,-29.8,,241,1.80,225,22,R,FR24
14:30:02,39.379209,-8.544818,10186,305.5,6.2,-30.3,,241,1.78,221,22,R,FR24
14:30:04,39.380404,-8.546795,10234,299.5,6.5,-30.2,,241,1.76,218,22,R,FR24
14:30:06,39.381438,-8.548933,10283,293.6,6.4,-29.4,,241,1.74,214,23,R,FR24
14:30:08,39.382313,-8.551226,10328,288.1,5.9,-28.1,,241,1.72,210,23,R,FR24
14:30:10,39.383034,-8.553664,10364,283.0,5.3,-26.5,,241,1.70,207,23,R,FR24
14:30:12,39.383605,-8.556232,10390,278.6,4.6,-24.7,,240,1.68,207,24,R,FR24
14:30:14,39.384032,-8.558909,10406,274.6,4.0,-22.9,,238,1.66,207,24,R,FR24
14:30:16,39.384321,-8.561675,10413,271.0,3.5,-21.4,,237,1.64,206,24,R,FR24
14:30:18,39.384477,-8.564503,10414,267.7,3.3,-20.0,,236,1.61,206,24,R,FR24
14:30:20,39.384507,-8.567370,10413,264.7,3.4,-19.0,,233,1.58,206,24,R,FR24
14:30:22,39.384417,-8.570248,10412,261.7,4.1,-18.3,,228,1.50,206,25,R,FR24
14:30:24,39.384210,-8.573111,10416,258.8,5.1,-17.9,,223,1.42,205,25,R,FR24
14:30:26,39.383893,-8.575935,10424,255.9,6.2,-17.8,,218,1.34,204,26,R,FR24
14:30:28,39.383468,-8.578699,10440,253.0,7.2,-18.0,,213,1.26,204,26,R,FR24
14:30:30,39.382940,-8.581386,10462,249.9,8.1,-18.4,,208,1.19,203,27,R,FR24
14:30:32,39.382309,-8.583981,10491,246.7,8.7,-18.9,,207,1.15,203,27,R,FR24
14:30:34,39.381578,-8.586474,10526,243.4,9.1,-19.4,,205,1.11,202,28,R,FR24
14:30:36,39.380747,-8.588856,10565,240.0,9.4,-19.6,,203,1.07,201,28,R,FR24
14:30:38,39.379820,-8.591124,10605,236.5,9.5,-19.7,,202,1.03,200,29,R,FR24
14:30:40,39.378799,-8.593277,10645,233.0,9.5,-19.6,,200,1.00,199,29,R,FR24
14:30:42,39.377684,-8.595318,10684,229.8,9.4,-19.3,,198,1.00,200,29,R,FR24
14:30:44,39.376480,-8.597251,10721,226.7,9.2,-18.6,,196,1.00,202,29,R,FR24
14:30:46,39.375188,-8.599082,10754,223.8,8.9,-17.6,,195,1.00,203,29,R,FR24
14:30:48,39.373813,-8.600819,10785,221.1,8.5,-16.5,,193,1.00,205,29,R,FR24
14:30:50,39.372360,-8.602468,10812,218.7,8.2,-15.4,,191,1.00,206,30,R,FR24
14:30:52,39.370833,-8.604036,10836,216.3,7.9,-14.2,,191,1.00,206,30,R,FR24
14:30:54,39.369238,-8.605528,10857,214.1,7.7,-13.0,,190,1.00,206,30,R,FR24
14:30:56,39.367582,-8.606949,10876,212.1,7.4,-11.9,,189,1.00,206,30,R,FR24
14:30:58,39.365870,-8.608304,10892,210.3,7.2,-10.9,,188,1.00,205,30,R,FR24
14:31:00,39.364107,-8.609597,10908,208.7,7.1,-10.0,,187,1.00,205,30,R,FR24
14:31:02,39.362297,-8.610834,10922,207.2,7.0,-9.2,,186,1.00,205,30,R,FR24
14:31:04,39.360443,-8.612018,10936,205.8,7.0,-8.5,,185,1.00,205,31,R,FR24
14:31:06,39.358550,-8.613152,10950,204.6,7.0,-8.0,,185,1.00,204,31,R,FR24
14:31:08,39.356626,-8.614235,10965,203.4,7.0,-7.6,,184,1.00,204,31,R,FR24
14:31:10,39.354674,-8.615267,10981,202.2,7.1,-7.4,,183,1.00,204,32,R,FR24
14:31:12,39.352698,-8.616248,10998,201.1,7.2,-7.3,,183,1.00,204,32,R,FR24
14:31:14,39.350699,-8.617179,11015,200.0,7.2,-7.3,,183,1.00,204,31,R,FR24
14:31:16,39.348681,-8.618058,11032,199.0,7.1,-7.4,,183,1.00,204,31,R,FR24
14:31:18,39.346650,-8.618880,11046,197.9,6.9,-7.6,,183,1.00,204,31,R,FR24
14:31:20,39.344608,-8.619643,11057,196.7,6.6,-8.0,,183,1.01,204,30,R,FR24
14:31:22,39.342557,-8.620343,11063,195.4,6.3,-8.5,,183,1.03,203,30,R,FR24
14:31:24,39.340496,-8.620976,11066,194.1,6.1,-9.0,,182,1.05,202,30,R,FR24
14:31:26,39.338429,-8.621537,11068,192.6,6.1,-9.7,,182,1.07,202,30,R,FR24
14:31:28,39.336360,-8.622018,11071,191.0,6.3,-10.5,,181,1.09,201,30,R,FR24
14:31:30,39.334295,-8.622414,11077,189.3,6.6,-11.3,,181,1.11,201,30,R,FR24
14:31:32,39.332233,-8.622717,11087,187.6,7.1,-12.0,,181,1.13,201,30,R,FR24
14:31:34,39.330175,-8.622922,11104,185.8,7.6,-12.7,,181,1.15,202,30,R,FR24
14:31:36,39.328123,-8.623025,11126,183.9,8.1,-13.2,,181,1.17,203,30,R,FR24
14:31:38,39.326080,-8.623022,11154,181.9,8.5,-13.7,,181,1.19,204,30,R,FR24
14:31:40,39.324046,-8.622908,11185,179.9,8.8,-14.0,,181,1.18,204,31,R,FR24
14:31:42,39.322022,-8.622682,11218,177.7,8.9,-14.2,,181,1.14,205,31,R,FR24
14:31:44,39.320009,-8.622343,11252,175.5,8.9,-14.3,,181,1.10,205,31,R,FR24
14:31:46,39.318007,-8.621889,11284,173.2,8.8,-14.4,,181,1.06,205,31,R,FR24
14:31:48,39.316019,-8.621321,11313,170.9,8.5,-14.4,,181,1.02,205,31,R,FR24
14:31:50,39.314048,-8.620639,11338,168.7,8.1,-14.2,,181,1.01,205,31,R,FR24
14:31:52,39.312093,-8.619845,11358,166.4,7.6,-13.9,,182,1.03,205,31,R,FR24
14:31:54,39.310155,-8.618941,11372,164.2,7.2,-13.6,,182,1.05,206,30,R,FR24
14:31:56,39.308238,-8.617930,11381,162.1,6.8,-13.2,,183,1.07,206,30,R,FR24
14:31:58,39.306342,-8.616816,11386,160.0,6.4,-12.8,,183,1.09,206,30,R,FR24
14:32:00,39.304471,-8.615605,11388,158.0,6.2,-12.2,,184,1.11,206,30,R,FR24
14:32:02,39.302626,-8.614301,11388,156.1,6.1,-11.5,,185,1.13,206,30,R,FR24
14:32:04,39.300808,-8.612912,11389,154.4,6.1,-10.9,,185,1.15,206,30,R,FR24
14:32:06,39.299019,-8.611445,11393,152.7,6.4,-10.4,,186,1.17,206,30,R,FR24
14:32:08,39.297263,-8.609906,11401,151.1,6.7,-10.0,,187,1.19,206,30,R,FR24
14:32:10,39.295542,-8.608301,11414,149.6,7.1,-9.6,,188,1.20,206,30,R,FR24
14:32:12,39.293857,-8.606636,11433,148.1,7.5,-9.2,,188,1.20,206,30,R,FR24
14:32:14,39.292205,-8.604912,11456,146.7,7.7,-8.9,,189,1.20,206,30,R,FR24
14:32:16,39.290588,-8.603133,11481,145.3,7.8,-8.7,,189,1.20,206,30,R,FR24
14:32:18,39.289005,-8.601302,11506,143.9,7.7,-8.5,,190,1.20,206,30,R,FR24
14:32:20,39.287455,-8.599417,11531,142.6,7.7,-8.4,,190,1.20,206,30,R,FR24
14:32:22,39.285936,-8.597477,11556,141.2,7.8,-8.4,,190,1.20,205,30,R,FR24
14:32:24,39.284446,-8.595480,11583,139.9,8.0,-8.4,,190,1.20,204,30,R,FR24
14:32:26,39.282984,-8.593425,11614,138.6,8.3,-8.4,,190,1.20,203,31,R,FR24
14:32:28,39.281552,-8.591311,11650,137.2,8.6,-8.5,,190,1.20,202,31,R,FR24
14:32:30,39.280150,-8.589138,11689,135.9,8.8,-8.6,,190,1.19,201,31,R,FR24
14:32:32,39.278778,-8.586904,11729,134.5,9.0,-8.7,,190,1.17,200,32,R,FR24
14:32:34,39.277439,-8.584611,11771,133.1,9.1,-8.9,,190,1.15,199,32,R,FR24
14:32:36,39.276137,-8.582261,11815,131.7,9.2,-9.2,,190,1.13,197,32,R,FR24
14:32:38,39.274874,-8.579857,11861,130.2,9.5,-9.5,,190,1.11,196,32,R,FR24
14:32:40,39.273657,-8.577403,11911,128.8,9.8,-9.8,,189,1.10,195,32,R,FR24
14:32:42,39.272488,-8.574900,11966,127.3,10.3,-10.1,,188,1.10,195,32,R,FR24
14:32:44,39.271370,-8.572348,12027,125.7,10.8,-10.5,,187,1.10,196,32,R,FR24
14:32:46,39.270307,-8.569752,12095,124.2,11.3,-11.0,,186,1.10,196,32,R,FR24
14:32:48,39.269305,-8.567116,12169,122.5,11.9,-11.5,,186,1.10,197,32,R,FR24
14:32:50,39.268370,-8.564440,12250,120.7,12.5,-12.0,,185,1.10,197,32,R,FR24
14:32:52,39.267503,-8.561727,12337,119.5,12.9,-12.5,,184,1.10,198,35,R,FR24
14:32:54,39.266709,-8.558976,12427,118.3,13.2,-12.9,,183,1.10,199,39,R,FR24
14:32:56,39.265992,-8.556191,12520,117.0,13.4,-13.4,,182,1.10,200,42,R,FR24
14:32:58,39.265356,-8.553375,12612,115.6,13.3,-13.8,,181,1.10,201,45,R,FR24
14:33:00,39.264804,-8.550534,12700,114.2,12.9,-14.0,,180,1.08,201,48,R,FR24
14:33:02,39.264338,-8.547670,12781,112.2,12.3,-14.1,,180,1.06,200,49,R,FR24
14:33:04,39.263960,-8.544787,12851,110.2,11.5,-14.2,,179,1.04,199,49,R,FR24
14:33:06,39.263670,-8.541888,12911,108.1,10.7,-14.2,,178,1.02,197,50,R,FR24
14:33:08,39.263469,-8.538978,12960,106.1,9.8,-14.1,,177,1.00,196,51,R,FR24
14:33:10,39.263356,-8.536060,12998,104.0,9.0,-13.8,,177,1.00,195,51,R,FR24
14:33:12,39.263328,-8.533135,13027,102.0,8.3,-13.3,,177,1.00,194,52,R,FR24
14:33:14,39.263384,-8.530203,13049,99.9,7.8,-12.8,,177,1.00,194,52,R,FR24
14:33:16,39.263520,-8.527265,13066,98.0,7.4,-12.3,,177,1.00,194,52,R,FR24
14:33:18,39.263733,-8.524323,13080,96.1,7.3,-11.8,,177,1.00,194,53,R,FR24
14:33:20,39.264020,-8.521377,13096,94.3,7.3,-11.3,,178,1.00,193,53,R,FR24
14:33:22,39.264378,-8.518428,13113,92.4,7.5,-10.8,,180,1.00,192,53,R,FR24
14:33:24,39.264805,-8.515475,13135,90.6,7.9,-10.4,,182,1.00,191,52,R,FR24
14:33:26,39.265297,-8.512521,13163,88.8,8.3,-10.3,,183,1.00,190,52,R,FR24
14:33:28,39.265855,-8.509568,13198,87.1,8.8,-10.2,,185,1.00,188,51,R,FR24
14:33:30,39.266477,-8.506622,13239,85.5,9.2,-10.4,,186,1.00,187,51,R,FR24
14:33:32,39.267165,-8.503685,13284,83.4,9.4,-10.6,,186,1.00,188,49,R,FR24
14:33:34,39.267919,-8.500761,13329,81.2,9.3,-11.1,,187,1.00,190,48,R,FR24
14:33:36,39.268740,-8.497858,13370,79.0,8.9,-11.7,,187,1.00,191,46,R,FR24
14:33:38,39.269633,-8.494982,13401,76.6,8.1,-12.5,,187,1.00,193,45,R,FR24
14:33:40,39.270599,-8.492141,13420,74.0,7.1,-13.4,,188,1.08,195,44,R,FR24
14:33:42,39.271644,-8.489342,13424,71.9,6.2,-14.3,,188,1.16,194,44,R,FR24
14:33:44,39.272773,-8.486589,13417,69.6,5.5,-15.2,,188,1.24,193,45,R,FR24
14:33:46,39.273990,-8.483886,13402,67.2,5.1,-16.0,,188,1.32,192,45,R,FR24
14:33:48,39.275301,-8.481236,13386,64.6,5.3,-16.6,,188,1.40,192,46,R,FR24
14:33:50,39.276712,-8.478639,13376,61.9,6.0,-17.0,,188,1.36,191,46,R,FR24
14:33:52,39.278227,-8.476093,13379,58.6,7.2,-17.2,,188,1.32,192,44,R,FR24
14:33:54,39.279851,-8.473597,13401,55.3,8.7,-17.1,,188,1.28,193,42,R,FR24
14:33:56,39.281586,-8.471149,13444,52.0,10.2,-17.0,,188,1.24,194,40,R,FR24
14:33:58,39.283434,-8.468747,13506,48.8,11.5,-16.6,,188,1.20,196,38,R,FR24
14:34:00,39.285395,-8.466394,13583,45.8,12.3,-16.3,,189,1.18,197,36,R,FR24
14:34:02,39.287466,-8.464089,13665,43.5,12.4,-15.9,,190,1.16,194,35,R,FR24
14:34:04,39.289644,-8.461839,13745,41.4,11.9,-15.7,,191,1.14,191,34,R,FR24
14:34:06,39.291920,-8.459651,13815,39.4,10.9,-15.7,,193,1.12,188,34,R,FR24
14:34:08,39.294286,-8.457537,13868,37.5,9.6,-15.9,,194,1.10,184,33,R,FR24
14:34:10,39.296733,-8.455510,13903,35.5,8.3,-16.2,,195,1.10,181,33,R,FR24
14:34:12,39.299253,-8.453579,13918,33.3,7.0,-16.7,,197,1.10,181,33,R,FR24
14:34:14,39.301838,-8.451757,13918,31.1,6.0,-17.4,,198,1.10,181,33,R,FR24
14:34:16,39.304480,-8.450058,13902,28.7,5.1,-18.3,,199,1.10,180,33,R,FR24
14:34:18,39.307164,-8.448499,13874,26.1,4.4,-19.5,,200,1.11,180,33,R,FR24
14:34:20,39.309880,-8.447098,13835,23.4,3.8,-20.7,,202,1.21,180,33,R,FR24
14:34:22,39.312618,-8.445871,13785,20.1,3.3,-22.1,,204,1.31,184,34,R,FR24
14:34:24,39.315365,-8.444834,13729,16.4,3.1,-23.5,,206,1.41,187,34,R,FR24
14:34:26,39.318110,-8.444003,13671,12.3,3.3,-25.0,,207,1.51,191,35,R,FR24
14:34:28,39.320839,-8.443392,13617,7.9,3.9,-26.4,,209,1.60,194,35,R,FR24
14:34:30,39.323539,-8.443015,13574,3.2,5.0,-27.7,,210,1.60,197,36,R,FR24
14:34:32,39.326194,-8.442881,13547,358.4,6.3,-28.9,,211,1.60,197,36,R,FR24
14:34:34,39.328792,-8.442997,13540,353.4,1.1,-4.2,,212,1.60,197,36,R,FR24
14:34:36,39.331317,-8.443369,13551,348.0,8.6,-29.8,,212,1.60,197,36,R,FR24
14:34:38,39.333759,-8.443996,13577,342.4,9.8,-31.4,,213,1.59,197,36,R,FR24
14:34:40,39.336103,-8.444877,13615,336.6,10.6,-31.8,,213,1.55,197,36,R,FR24
14:34:42,39.338338,-8.446005,13660,331.1,11.1,-32.0,,212,1.51,194,35,R,FR24
14:34:44,39.340452,-8.447374,13710,325.6,11.4,-32.0,,212,1.47,191,34,R,FR24
14:34:46,39.342436,-8.448972,13762,320.1,11.4,-31.8,,211,1.43,188,34,R,FR24
14:34:48,39.344282,-8.450787,13813,314.7,11.3,-31.4,,211,1.39,184,33,R,FR24
14:34:50,39.345983,-8.452805,13861,309.3,11.0,-30.8,,211,1.31,181,33,R,FR24
14:34:52,39.347534,-8.455009,13905,304.0,10.6,-29.9,,210,1.23,181,32,R,FR24
14:34:54,39.348932,-8.457382,13943,299.0,10.1,-28.9,,210,1.15,181,31,R,FR24
14:34:56,39.350175,-8.459905,13977,294.3,9.6,-27.7,,209,1.06,182,30,R,FR24
14:34:58,39.351266,-8.462561,14007,289.9,9.2,-26.4,,209,1.00,182,29,R,FR24
14:35:00,39.352207,-8.465332,14035,285.9,8.9,-24.9,,209,1.02,182,28,R,FR24
14:35:02,39.353004,-8.468201,14063,282.5,8.7,-23.4,,209,1.04,188,25,R,FR24
14:35:04,39.353661,-8.471151,14092,279.5,8.7,-21.9,,209,1.06,194,23,R,FR24
14:35:06,39.354188,-8.474168,14123,276.8,8.6,-20.4,,209,1.08,201,21,R,FR24
14:35:08,39.354589,-8.477241,14156,274.5,8.6,-19.0,,209,1.10,209,20,R,FR24
14:35:10,39.354875,-8.480361,14191,272.4,8.5,-17.7,,210,1.13,219,19,R,FR24
14:35:12,39.355051,-8.483521,14224,270.2,8.2,-16.5,,210,1.15,224,19,R,FR24
14:35:14,39.355125,-8.486718,14254,268.3,7.8,-15.2,,210,1.17,229,19,R,FR24
14:35:16,39.355104,-8.489948,14280,266.5,7.4,-13.9,,211,1.19,233,19,R,FR24
14:35:18,39.354997,-8.493210,14302,265.0,7.0,-12.7,,211,1.21,238,20,R,FR24
14:35:20,39.354810,-8.496505,14320,263.7,6.8,-11.5,,212,1.23,242,20,R,FR24
14:35:22,39.354548,-8.499836,14335,262.3,6.6,-10.5,,212,1.25,242,21,R,FR24
14:35:24,39.354219,-8.503203,14351,261.0,6.5,-9.4,,212,1.27,241,21,R,FR24
14:35:26,39.353829,-8.506602,14368,259.9,6.6,-8.4,,213,1.29,241,21,R,FR24
14:35:28,39.353384,-8.510027,14387,258.9,6.7,-7.5,,213,1.29,240,21,R,FR24
14:35:30,39.352889,-8.513472,14411,258.0,6.9,-6.9,,214,1.27,240,22,R,FR24
14:35:32,39.352348,-8.516937,14440,257.1,7.2,-6.4,,214,1.25,238,21,R,FR24
14:35:34,39.351764,-8.520420,14472,256.2,7.4,-6.1,,215,1.23,235,21,R,FR24
14:35:36,39.351140,-8.523916,14509,255.4,7.6,-5.8,,215,1.21,233,21,R,FR24
14:35:38,39.350477,-8.527417,14549,254.5,7.8,-5.8,,215,1.19,230,21,R,FR24
14:35:40,39.349778,-8.530919,14591,253.7,7.9,-5.9,,215,1.15,228,21,R,FR24
14:35:42,39.349039,-8.534424,14636,253.0,8.0,-6.2,,215,1.11,228,21,R,FR24
14:35:44,39.348260,-8.537930,14682,252.2,8.1,-6.6,,215,1.06,227,21,R,FR24
14:35:46,39.347439,-8.541435,14728,251.3,8.1,-7.1,,215,1.02,227,21,R,FR24
14:35:48,39.346573,-8.544929,14773,250.5,8.0,-7.7,,215,1.01,227,22,R,FR24
14:35:50,39.345661,-8.548407,14815,249.5,7.8,-8.5,,215,1.03,226,22,R,FR24
14:35:52,39.344697,-8.551867,14851,248.4,7.3,-9.3,,215,1.05,226,22,R,FR24
14:35:54,39.343677,-8.555307,14879,247.3,6.8,-10.1,,215,1.07,226,22,R,FR24
14:35:56,39.342597,-8.558719,14898,246.1,6.4,-11.1,,215,1.09,226,22,R,FR24
14:35:58,39.341454,-8.562092,14910,244.7,6.1,-12.1,,215,1.11,226,22,R,FR24
14:36:00,39.340243,-8.565418,14921,243.3,6.2,-13.2,,215,1.13,226,22,R,FR24
14:36:02,39.338960,-8.568692,14936,241.7,6.7,-14.2,,214,1.15,227,21,R,FR24
14:36:04,39.337599,-8.571907,14960,240.0,7.5,-15.3,,214,1.17,228,21,R,FR24
14:36:06,39.336157,-8.575050,14997,238.2,8.6,-16.4,,213,1.19,229,20,R,FR24
14:36:08,39.334635,-8.578105,15051,236.2,9.8,-17.6,,213,1.19,230,20,R,FR24
14:36:10,39.333031,-8.581056,15120,234.1,10.9,-18.8,,212,1.17,230,19,R,FR24
14:36:12,39.331345,-8.583888,15199,231.8,11.6,-19.9,,211,1.15,233,18,R,FR24
14:36:14,39.329580,-8.586585,15282,229.4,11.8,-21.0,,210,1.13,236,17,R,FR24
14:36:16,39.327737,-8.589130,15360,226.7,11.6,-22.2,,209,1.11,239,16,R,FR24
14:36:18,39.325823,-8.591502,15427,223.9,10.8,-23.4,,209,1.10,243,15,R,FR24
14:36:20,39.323843,-8.593685,15474,220.7,9.6,-24.5,,208,1.10,247,14,R,FR24
14:36:22,39.321804,-8.595663,15499,217.2,8.1,-25.2,,208,1.10,247,14,R,FR24
14:36:24,39.319712,-8.597422,15500,213.5,2.7,-10.5,,207,1.10,247,14,R,FR24
14:36:26,39.317574,-8.598951,15482,209.5,6.1,-27.5,,207,1.10,247,14,R,FR24
14:36:28,39.315397,-8.600239,15454,205.3,5.8,-28.3,,207,1.12,247,14,R,FR24
14:36:30,39.313188,-8.601281,15426,200.8,6.1,-28.8,,207,1.16,247,14,R,FR24
14:36:32,39.310954,-8.602071,15405,196.2,6.8,-29.0,,207,1.20,247,14,R,FR24
14:36:34,39.308699,-8.602611,15395,191.5,7.6,-28.9,,207,1.24,247,14,R,FR24
14:36:36,39.306429,-8.602902,15399,186.8,8.3,-28.4,,207,1.28,247,14,R,FR24
14:36:38,39.304148,-8.602950,15412,182.2,8.8,-27.6,,207,1.27,247,14,R,FR24
14:36:40,39.301861,-8.602763,15435,177.8,9.1,-26.5,,206,1.21,247,14,R,FR24
14:36:42,39.299571,-8.602351,15461,173.6,9.1,-25.2,,206,1.15,246,14,R,FR24
14:36:44,39.297285,-8.601726,15490,169.7,9.0,-23.7,,205,1.08,246,14,R,FR24
14:36:46,39.295008,-8.600901,15518,166.1,8.7,-22.1,,205,1.02,246,14,R,FR24
14:36:48,39.292745,-8.599892,15543,162.7,8.2,-20.6,,205,1.00,246,14,R,FR24
14:36:50,39.290501,-8.598713,15563,159.7,7.7,-19.0,,205,1.00,246,14,R,FR24
14:36:52,39.288279,-8.597378,15578,156.9,7.2,-17.5,,205,1.00,247,14,R,FR24
14:36:54,39.286084,-8.595902,15588,154.3,6.8,-16.1,,205,1.00,248,14,R,FR24
14:36:56,39.283917,-8.594300,15593,152.0,6.4,-14.8,,205,1.00,249,14,R,FR24
14:36:58,39.281781,-8.592583,15595,149.9,6.1,-13.6,,205,1.00,250,13,R,FR24
14:37:00,39.279678,-8.590764,15594,147.9,5.8,-12.6,,205,1.00,251,13,R,FR24
14:37:02,39.277607,-8.588852,15591,146.3,5.6,-11.6,,205,1.00,250,13,R,FR24
14:37:04,39.275568,-8.586857,15586,144.7,5.5,-10.7,,205,1.00,249,14,R,FR24
14:37:06,39.273561,-8.584785,15579,143.3,5.3,-10.0,,205,1.00,248,14,R,FR24
14:37:08,39.271586,-8.582646,15569,142.0,5.1,-9.3,,205,1.00,247,14,R,FR24
14:37:10,39.269643,-8.580444,15557,140.8,4.9,-8.8,,205,1.00,246,14,R,FR24
14:37:12,39.267729,-8.578183,15543,139.7,4.8,-8.3,,206,1.00,246,14,R,FR24
14:37:14,39.265843,-8.575865,15530,138.5,4.9,-7.8,,206,1.00,246,14,R,FR24
14:37:16,39.263983,-8.573494,15521,137.5,5.2,-7.3,,207,1.00,246,14,R,FR24
14:37:18,39.262146,-8.571071,15519,136.5,5.7,-6.9,,207,1.00,246,14,R,FR24
14:37:20,39.260332,-8.568600,15526,135.6,6.4,-6.5,,207,1.00,246,14,R,FR24
14:37:22,39.258537,-8.566080,15544,134.7,6.9,-6.1,,207,1.00,246,14,R,FR24
14:37:24,39.256759,-8.563513,15568,133.8,7.3,-5.7,,207,1.00,247,14,R,FR24
14:37:26,39.254998,-8.560904,15596,133.1,7.4,-5.3,,207,1.00,248,14,R,FR24
14:37:28,39.253254,-8.558257,15624,132.4,7.4,-4.8,,207,1.00,249,14,R,FR24
14:37:30,39.251527,-8.555576,15650,131.7,7.2,-4.4,,206,1.00,250,14,R,FR24
14:37:32,39.249814,-8.552864,15674,131.1,7.1,-3.9,,206,1.00,250,14,R,FR24
14:37:34,39.248113,-8.550123,15696,130.7,6.9,-3.3,,205,1.00,250,14,R,FR24
14:37:36,39.246425,-8.547361,15713,130.2,6.5,-2.8,,205,1.00,250,14,R,FR24
14:37:38,39.244749,-8.544585,15723,129.9,6.0,-2.2,,205,1.00,250,14,R,FR24
14:37:40,39.243086,-8.541802,15724,129.7,5.4,-1.6,,205,1.00,250,14,R,FR24
14:37:42,39.241435,-8.539018,15716,129.5,4.9,-1.0,,205,1.00,250,14,R,FR24
14:37:44,39.239793,-8.536237,15703,129.4,4.5,-0.5,,205,1.00,250,14,R,FR24
14:37:46,39.238159,-8.533466,15686,129.4,4.5,0.0,,205,1.00,250,14,R,FR24
14:37:48,39.236536,-8.530713,15673,129.4,4.8,0.4,,205,1.02,250,14,R,FR24
14:37:50,39.234922,-8.527981,15666,129.5,5.3,0.7,,205,1.04,250,14,R,FR24
14:37:52,39.233316,-8.525272,15669,129.7,6.0,0.8,,205,1.06,249,14,R,FR24
14:37:54,39.231717,-8.522584,15683,129.8,6.7,0.7,,205,1.08,249,14,R,FR24
14:37:56,39.230126,-8.519917,15707,130.0,7.3,0.5,,205,1.10,248,14,R,FR24
14:37:58,39.228541,-8.517268,15739,130.1,7.8,0.1,,204,1.08,247,14,R,FR24
14:38:00,39.226965,-8.514633,15776,130.1,8.1,-0.4,,203,1.06,246,15,R,FR24
14:38:02,39.225398,-8.512006,15817,130.1,8.3,-1.0,,202,1.04,246,15,R,FR24
14:38:04,39.223841,-8.509383,15858,130.1,8.3,-1.7,,201,1.02,245,16,R,FR24
14:38:06,39.222297,-8.506758,15899,130.0,8.3,-2.5,,201,1.00,244,17,R,FR24
14:38:08,39.220770,-8.504128,15937,129.8,8.1,-3.5,,200,1.02,243,18,R,FR24
14:38:10,39.219266,-8.501488,15970,129.4,7.7,-4.4,,200,1.04,242,18,R,FR24
14:38:12,39.217789,-8.498835,15997,128.8,7.3,-5.5,,200,1.06,241,19,R,FR24
14:38:14,39.216344,-8.496165,16017,128.0,6.8,-6.5,,200,1.08,241,19,R,FR24
14:38:16,39.214940,-8.493475,16029,127.0,6.3,-7.7,,200,1.10,240,19,R,FR24
14:38:18,39.213583,-8.490766,16033,125.9,5.9,-8.8,,200,1.14,239,19,R,FR24
14:38:20,39.212281,-8.488036,16029,124.6,5.4,-9.9,,199,1.18,238,19,R,FR24
14:38:22,39.211042,-8.485285,16019,123.0,5.1,-10.9,,198,1.22,240,19,R,FR24
14:38:24,39.209873,-8.482514,16003,121.2,4.8,-11.9,,197,1.26,242,18,R,FR24
14:38:26,39.208781,-8.479721,15984,119.2,4.7,-12.8,,196,1.30,244,18,R,FR24
14:38:28,39.207771,-8.476908,15965,117.0,4.8,-13.6,,196,1.30,247,18,R,FR24
14:38:30,39.206846,-8.474073,15948,114.7,5.1,-14.0,,195,1.30,249,18,R,FR24
14:38:32,39.206010,-8.471216,15938,112.5,5.7,-14.3,,195,1.30,248,18,R,FR24
14:38:34,39.205262,-8.468334,15937,110.3,6.4,-14.5,,194,1.30,247,18,R,FR24
14:38:36,39.204603,-8.465425,15948,108.1,7.3,-14.4,,194,1.30,245,18,R,FR24
14:38:38,39.204032,-8.462489,15972,105.9,8.2,-14.1,,194,1.26,244,18,R,FR24
14:38:40,39.203547,-8.459524,16009,103.8,9.0,-13.6,,193,1.22,242,18,R,FR24
14:38:42,39.203144,-8.456532,16057,101.8,9.6,-13.0,,193,1.18,242,19,R,FR24
14:38:44,39.202819,-8.453513,16109,99.9,9.7,-12.3,,192,1.14,241,20,R,FR24
14:38:46,39.202570,-8.450470,16159,98.1,9.4,-11.6,,192,1.10,240,21,R,FR24
14:38:48,39.202391,-8.447405,16202,96.5,8.6,-10.9,,192,1.06,240,22,R,FR24
14:38:50,39.202278,-8.444322,16232,95.0,7.6,-10.1,,192,1.02,239,22,R,FR24
14:38:52,39.202228,-8.441222,16247,93.5,6.6,-9.4,,192,0.98,239,23,R,FR24
14:38:54,39.202235,-8.438107,16248,92.1,5.6,-8.6,,192,0.94,239,23,R,FR24
14:38:56,39.202295,-8.434980,16237,90.8,4.7,-7.9,,192,0.90,239,23,R,FR24
14:38:58,39.202404,-8.431841,16216,89.6,4.1,-7.2,,193,0.92,239,23,R,FR24
14:39:00,39.202557,-8.428691,16188,88.6,3.7,-6.6,,194,0.94,239,23,R,FR24
14:39:02,39.202751,-8.425530,16156,87.5,3.5,-5.9,,196,0.96,239,23,R,FR24
14:39:04,39.202982,-8.422358,16123,86.6,3.5,-5.3,,197,0.98,238,22,R,FR24
14:39:06,39.203247,-8.419173,16094,85.7,3.8,-4.7,,198,1.00,238,21,R,FR24
14:39:08,39.203541,-8.415975,16069,85.0,4.2,-4.1,,200,1.00,238,20,R,FR24
14:39:10,39.203861,-8.412761,16052,84.3,4.7,-3.5,,202,1.00,238,19,R,FR24
14:39:12,39.204204,-8.409528,16044,83.9,5.3,-2.9,,203,1.00,238,20,R,FR24
14:39:14,39.204567,-8.406274,16044,83.5,5.8,-2.3,,205,1.00,239,20,R,FR24
14:39:16,39.204947,-8.402995,16051,83.2,6.1,-1.7,,207,1.00,239,21,R,FR24
14:39:18,39.205339,-8.399690,16062,83.1,6.2,-1.0,,210,1.00,239,22,R,FR24
14:39:20,39.205741,-8.396357,16075,83.0,6.1,-0.4,,212,1.00,240,22,R,FR24
14:39:22,39.206149,-8.392996,16087,82.9,5.9,0.1,,215,1.00,240,22,R,FR24
14:39:24,39.206558,-8.389607,16097,83.0,5.4,0.7,,217,1.00,240,22,R,FR24
14:39:26,39.206966,-8.386189,16102,83.1,4.9,1.3,,220,1.00,240,22,R,FR24
14:39:28,39.207369,-8.382744,16103,83.3,4.5,1.9,,221,1.00,240,22,R,FR24
14:39:30,39.207762,-8.379272,16099,83.6,4.0,2.4,,222,1.00,240,22,R,FR24
14:39:32,39.208143,-8.375774,16090,83.9,3.6,2.9,,224,1.00,239,22,R,FR24
14:39:34,39.208508,-8.372254,16077,84.3,3.3,3.4,,225,1.00,239,21,R,FR24
14:39:36,39.208853,-8.368712,16061,84.8,3.0,3.9,,226,1.00,239,20,R,FR24
14:39:38,39.209175,-8.365149,16043,85.3,2.7,4.4,,228,1.00,238,20,R,FR24
14:39:40,39.209472,-8.361565,16026,85.9,2.6,4.8,,230,1.00,238,19,R,FR24
14:39:42,39.209740,-8.357961,16011,86.5,2.6,5.1,,232,1.00,239,19,R,FR24
14:39:44,39.209978,-8.354338,16000,87.1,2.7,5.4,,233,1.00,240,19,R,FR24
14:39:46,39.210183,-8.350697,15996,87.7,2.9,5.7,,235,1.01,241,19,R,FR24
14:39:48,39.210353,-8.347036,16000,88.4,3.4,5.9,,235,1.05,241,19,R,FR24
14:39:50,39.210488,-8.343358,16014,89.1,3.9,6.1,,236,1.09,242,18,R,FR24
14:39:52,39.210586,-8.339663,16037,90.0,4.4,6.2,,236,1.13,241,19,R,FR24
14:39:54,39.210645,-8.335951,16070,91.0,4.9,6.2,,236,1.17,240,20,R,FR24
14:39:56,39.210667,-8.332224,16109,91.9,5.3,6.2,,237,1.19,239,21,R,FR24
14:39:58,39.210650,-8.328483,16155,92.9,5.5,6.2,,237,1.15,238,22,R,FR24
14:40:00,39.210596,-8.324729,16203,93.8,5.7,6.1,,237,1.11,238,23,R,FR24
14:40:02,39.210503,-8.320961,16253,94.7,5.7,6.0,,237,1.07,238,25,R,FR24
14:40:04,39.210373,-8.317181,16302,95.6,5.6,5.8,,237,1.03,239,26,R,FR24
14:40:06,39.210206,-8.313391,16349,96.4,5.4,5.6,,237,1.00,239,28,R,FR24
14:40:08,39.210005,-8.309590,16391,97.3,5.1,5.4,,237,1.00,240,29,R,FR24
14:40:10,39.209770,-8.305780,16427,98.1,4.8,5.1,,237,1.00,240,31,R,FR24
14:40:12,39.209503,-8.301963,16457,98.7,4.4,4.8,,237,1.00,240,31,R,FR24
14:40:14,39.209206,-8.298139,16479,99.3,3.9,4.5,,237,1.00,240,31,R,FR24
14:40:16,39.208881,-8.294310,16493,99.8,3.5,4.1,,237,1.01,241,31,R,FR24
14:40:18,39.208531,-8.290476,16500,100.3,3.1,3.7,,238,1.03,241,31,R,FR24
14:40:20,39.208157,-8.286636,16502,100.8,2.7,3.3,,239,1.05,241,31,R,FR24
14:40:22,39.207763,-8.282792,16498,101.1,2.5,2.8,,240,1.07,241,31,R,FR24
14:40:24,39.207351,-8.278944,16493,101.4,2.4,2.3,,240,1.09,241,31,R,FR24
14:40:26,39.206925,-8.275090,16489,101.7,2.4,1.8,,241,1.11,241,31,R,FR24
14:40:28,39.206488,-8.271229,16489,101.9,2.7,1.2,,241,1.13,241,31,R,FR24
14:40:30,39.206043,-8.267363,16496,102.0,3.2,0.7,,241,1.15,241,31,R,FR24
14:40:32,39.205593,-8.263488,16512,102.1,3.7,0.2,,241,1.17,240,32,R,FR24
14:40:34,39.205141,-8.259606,16538,102.2,4.2,-0.2,,241,1.19,240,32,R,FR24
14:40:36,39.204690,-8.255716,16573,102.3,4.7,-0.6,,241,1.19,239,33,R,FR24
14:40:38,39.204242,-8.251817,16614,102.3,5.0,-1.0,,241,1.15,239,34,R,FR24
14:40:40,39.203800,-8.247910,16660,102.3,5.2,-1.3,,241,1.11,239,35,R,FR24
14:40:42,39.203365,-8.243994,16706,102.1,5.2,-1.6,,241,1.06,239,35,R,FR24
14:40:44,39.202939,-8.240069,16753,101.9,5.1,-1.8,,241,1.02,239,35,R,FR24
14:40:46,39.202524,-8.236137,16797,101.6,5.0,-2.1,,241,1.00,239,35,R,FR24
14:40:48,39.202120,-8.232195,16840,101.3,4.9,-2.2,,241,1.00,240,35,R,FR24
14:40:50,39.201731,-8.228245,16879,101.0,4.8,-2.4,,241,1.00,240,35,R,FR24
14:40:52,39.201355,-8.224287,16917,100.8,4.7,-2.5,,241,1.00,239,35,R,FR24
14:40:54,39.200994,-8.220321,16955,100.7,4.7,-2.6,,241,1.00,238,36,R,FR24
14:40:56,39.200649,-8.216346,16993,100.5,4.7,-2.7,,241,1.00,237,37,R,FR24
14:40:58,39.200321,-8.212364,17033,100.3,4.9,-2.8,,241,1.00,236,37,R,FR24
14:41:00,39.200009,-8.208375,17076,100.1,5.1,-2.8,,240,1.00,235,38,R,FR24
14:41:02,39.199714,-8.204378,17123,99.9,5.3,-2.9,,240,1.00,234,38,R,FR24
14:41:04,39.199436,-8.200375,17173,99.7,5.5,-2.9,,239,1.00,233,39,R,FR24
14:41:06,39.199176,-8.196365,17225,99.5,5.6,-2.9,,239,1.00,232,39,R,FR24
14:41:08,39.198934,-8.192351,17278,99.3,5.8,-2.9,,238,1.00,231,40,R,FR24
14:41:10,39.198709,-8.188330,17332,99.1,5.8,-2.9,,237,1.00,230,41,R,FR24
14:41:12,39.198502,-8.184302,17386,98.9,5.8,-2.9,,236,1.00,231,42,R,FR24
14:41:14,39.198312,-8.180266,17438,98.6,5.8,-2.8,,235,1.00,232,43,R,FR24
14:41:16,39.198140,-8.176222,17489,98.3,5.8,-2.8,,234,1.00,233,45,R,FR24
14:41:18,39.197984,-8.172170,17538,98.0,5.7,-2.8,,234,1.00,235,46,R,FR24
14:41:20,39.197846,-8.168110,17584,97.7,5.6,-2.8,,234,1.00,236,48,R,FR24
14:41:22,39.197725,-8.164045,17628,97.3,5.6,-2.8,,233,1.00,236,48,R,FR24
14:41:24,39.197621,-8.159974,17670,96.9,5.5,-2.8,,233,1.00,237,48,R,FR24
14:41:26,39.197535,-8.155899,17709,96.5,5.4,-2.8,,233,1.00,238,48,R,FR24
14:41:28,39.197466,-8.151821,17745,96.1,5.2,-2.9,,233,1.00,238,48,R,FR24
14:41:30,39.197415,-8.147742,17777,95.6,4.9,-2.9,,233,1.00,239,48,R,FR24
14:41:32,39.197381,-8.143662,17804,95.3,4.7,-2.9,,233,1.00,239,48,R,FR24
14:41:34,39.197365,-8.139581,17828,94.9,4.4,-2.9,,233,1.00,239,48,R,FR24
14:41:36,39.197367,-8.135497,17848,94.5,4.3,-2.8,,233,1.00,239,48,R,FR24
14:41:38,39.197386,-8.131411,17865,94.1,4.1,-2.8,,233,1.00,239,48,R,FR24
14:41:40,39.197422,-8.127321,17881,93.8,3.9,-2.8,,234,1.00,239,48,R,FR24
14:41:42,39.197476,-8.123225,17895,93.4,3.8,-2.7,,234,1.00,239,48,R,FR24
14:41:44,39.197546,-8.119122,17908,93.1,3.7,-2.7,,235,1.00,239,48,R,FR24
14:41:46,39.197633,-8.115009,17921,92.7,3.7,-2.6,,235,1.00,239,49,R,FR24
14:41:48,39.197736,-8.110885,17934,92.4,3.7,-2.6,,235,1.00,240,49,R,FR24
14:41:50,39.197856,-8.106748,17948,92.1,3.7,-2.5,,236,1.00,240,49,R,FR24
14:41:52,39.197992,-8.102595,17965,91.7,3.9,-2.5,,236,1.00,240,49,R,FR24
14:41:54,39.198144,-8.098423,17984,91.4,4.0,-2.4,,237,1.00,240,49,R,FR24
14:41:56,39.198311,-8.094232,18009,91.1,4.2,-2.4,,238,1.00,240,49,R,FR24
14:41:58,39.198494,-8.090018,18036,90.8,4.3,-2.3,,240,1.00,240,49,R,FR24
14:42:00,39.198692,-8.085780,18068,90.5,4.3,-2.3,,241,1.00,240,49,R,FR24
14:42:02,39.198906,-8.081517,18101,90.2,4.3,-2.2,,243,1.00,240,49,R,FR24
14:42:04,39.199135,-8.077228,18136,89.9,4.3,-2.2,,245,1.00,240,50,R,FR24
14:42:06,39.199379,-8.072911,18172,89.6,4.3,-2.2,,246,1.00,240,50,R,FR24
14:42:08,39.199638,-8.068569,18208,89.3,4.3,-2.2,,246,1.00,240,50,R,FR24
14:42:10,39.199911,-8.064201,18246,89.0,4.3,-2.1,,247,1.00,240,50,R,FR24
14:42:12,39.200200,-8.059809,18284,88.8,4.3,-2.1,,247,1.00,240,50,R,FR24
14:42:14,39.200503,-8.055395,18322,88.5,4.3,-2.1,,247,1.00,240,50,R,FR24
14:42:16,39.200821,-8.050963,18360,88.3,4.3,-2.1,,248,1.00,240,50,R,FR24
14:42:18,39.201153,-8.046516,18397,88.0,4.2,-2.2,,248,1.00,240,50,R,FR24
14:42:20,39.201500,-8.042056,18433,87.8,4.1,-2.2,,249,1.00,240,50,R,FR24
14:42:22,39.201861,-8.037585,18466,87.5,3.9,-2.2,,249,1.00,240,51,R,FR24
14:42:24,39.202236,-8.033105,18497,87.3,3.7,-2.2,,250,1.00,240,51,R,FR24
14:42:26,39.202626,-8.028619,18524,87.0,3.6,-2.3,,250,1.00,240,51,R,FR24
14:42:28,39.203030,-8.024129,18547,86.8,3.3,-2.3,,250,1.00,240,51,R,FR24
14:42:30,39.203449,-8.019636,18566,86.5,3.1,-2.3,,250,1.00,240,51,R,FR24
14:42:32,39.203883,-8.015143,18581,86.2,2.9,-2.4,,250,1.00,240,51,R,FR24
14:42:34,39.204331,-8.010648,18591,86.0,2.6,-2.4,,250,1.00,240,51,R,FR24
14:42:36,39.204795,-8.006154,18596,85.7,2.4,-2.5,,250,1.00,240,51,R,FR24
14:42:38,39.205273,-8.001662,18598,85.4,2.2,-2.5,,250,1.00,240,51,R,FR24
14:42:40,39.205767,-7.997172,18597,85.1,2.1,-2.5,,250,1.00,240,51,R,FR24
14:42:42,39.206276,-7.992685,18594,84.8,2.1,-2.5,,250,1.00,240,51,R,FR24
14:42:44,39.206801,-7.988199,18591,84.5,2.1,-2.6,,250,1.00,240,51,R,FR24
14:42:46,39.207341,-7.983714,18592,84.3,2.3,-2.6,,250,1.00,240,51,R,FR24
14:42:48,39.207898,-7.979231,18598,84.0,2.7,-2.6,,250,1.00,240,51,R,FR24
14:42:50,39.208471,-7.974749,18612,83.7,3.2,-2.6,,250,1.00,240,51,R,FR24
14:42:52,39.209059,-7.970267,18637,83.4,3.8,-2.6,,250,1.00,240,51,R,FR24
14:42:54,39.209665,-7.965782,18675,83.1,4.4,-2.6,,250,1.00,240,51,R,FR24
14:42:56,39.210286,-7.961293,18727,82.8,5.1,-2.5,,250,1.00,240,51,R,FR24
14:42:58,39.210925,-7.956800,18789,82.5,5.5,-2.5,,250,1.00,240,51,R,FR24
14:43:00,39.211579,-7.952300,18858,82.2,5.8,-2.4,,251,1.00,240,51,R,FR24
14:43:02,39.212251,-7.947791,18929,81.8,5.8,-2.4,,251,1.00,241,51,R,FR24
14:43:04,39.212938,-7.943271,18997,81.5,5.5,-2.3,,252,1.00,241,51,R,FR24
14:43:06,39.213642,-7.938738,19057,81.2,4.9,-2.2,,253,1.00,241,50,R,FR24
14:43:08,39.214362,-7.934190,19105,80.9,4.2,-2.0,,255,1.00,242,50,R,FR24
14:43:10,39.215096,-7.929628,19139,80.6,3.3,-1.9,,257,1.00,242,50,R,FR24
14:43:12,39.215845,-7.925048,19156,80.4,2.4,-1.7,,258,1.00,242,50,R,FR24
14:43:14,39.216608,-7.920450,19158,80.2,1.6,-1.5,,260,1.00,242,50,R,FR24
14:43:16,39.217383,-7.915834,19145,80.0,0.9,-1.3,,262,1.00,242,50,R,FR24
14:43:18,39.218169,-7.911200,19120,79.9,0.2,-1.1,,264,1.00,242,50,R,FR24
14:43:20,39.218966,-7.906549,19085,79.8,-0.3,-0.9,,265,1.00,242,50,R,FR24
14:43:22,39.219770,-7.901881,19042,79.7,-0.7,-0.7,,267,1.00,242,50,R,FR24
14:43:24,39.220582,-7.897197,18993,79.7,-0.9,-0.5,,269,1.00,241,50,R,FR24
14:43:26,39.221398,-7.892499,18941,79.8,-1.1,-0.2,,269,1.00,241,51,R,FR24
14:43:28,39.222219,-7.887787,18887,79.8,-1.1,0.0,,270,1.00,240,51,R,FR24
14:43:30,39.223041,-7.883063,18835,79.9,-1.0,0.2,,270,1.00,240,51,R,FR24
14:43:32,39.223863,-7.878327,18785,79.9,-0.9,0.5,,271,1.00,240,51,R,FR24
14:43:34,39.224685,-7.873580,18739,80.0,-0.7,0.7,,271,1.00,240,51,R,FR24
14:43:36,39.225504,-7.868822,18698,80.0,-0.5,0.9,,272,1.00,240,51,R,FR24
14:43:38,39.226318,-7.864056,18662,80.1,-0.2,1.1,,273,1.00,240,51,R,FR24
14:43:40,39.227127,-7.859281,18632,80.2,0.0,1.3,,274,1.00,240,51,R,FR24
14:43:42,39.227929,-7.854498,18609,80.4,0.3,1.4,,275,1.00,240,51,R,FR24
14:43:44,39.228724,-7.849708,18593,80.5,0.6,1.6,,275,1.00,240,51,R,FR24
14:43:46,39.229509,-7.844913,18585,80.7,1.0,1.7,,275,1.02,240,51,R,FR24
14:43:48,39.230285,-7.840113,18583,80.9,1.3,1.7,,275,1.04,240,51,R,FR24
14:43:50,39.231050,-7.835310,18589,81.1,1.7,1.8,,275,1.06,240,51,R,FR24
14:43:52,39.231804,-7.830506,18602,81.3,2.0,1.8,,275,1.08,240,51,R,FR24
14:43:54,39.232546,-7.825702,18623,81.5,2.3,1.8,,275,1.10,240,51,R,FR24
14:43:56,39.233276,-7.820900,18649,81.6,2.6,1.8,,274,1.08,240,51,R,FR24
14:43:58,39.233995,-7.816102,18681,81.8,2.9,1.7,,274,1.06,240,51,R,FR24
14:44:00,39.234703,-7.811310,18717,82.0,3.1,1.6,,273,1.04,240,51,R,FR24
14:44:02,39.235399,-7.806525,18754,82.2,3.1,1.4,,272,1.02,240,51,R,FR24
14:44:04,39.236085,-7.801750,18790,82.3,3.1,1.2,,271,1.00,240,51,R,FR24
14:44:06,39.236762,-7.796985,18823,82.4,2.9,1.0,,270,1.00,240,51,R,FR24
14:44:08,39.237431,-7.792235,18850,82.5,2.6,0.7,,268,1.00,240,51,R,FR24
14:44:10,39.238094,-7.787500,18868,82.6,2.2,0.4,,267,1.00,240,51,R,FR24
14:44:12,39.238752,-7.782784,18876,82.6,1.8,-0.0,,266,1.00,240,51,R,FR24
14:44:14,39.239408,-7.778088,18875,82.6,1.4,-0.4,,264,1.00,240,51,R,FR24
14:44:16,39.240063,-7.773416,18867,82.6,1.2,-0.9,,262,1.00,240,51,R,FR24
14:44:18,39.240721,-7.768770,18855,82.5,1.1,-1.4,,259,1.00,240,51,R,FR24
14:44:20,39.241384,-7.764151,18840,82.3,1.2,-1.9,,257,1.00,240,51,R,FR24
14:44:22,39.242056,-7.759561,18826,82.1,1.4,-2.5,,254,1.00,240,51,R,FR24
14:44:24,39.242739,-7.754998,18816,81.8,1.7,-3.0,,252,1.00,240,51,R,FR24
14:44:26,39.243438,-7.750465,18810,81.5,2.1,-3.6,,250,1.00,240,51,R,FR24
14:44:28,39.244155,-7.745962,18812,81.0,2.5,-4.2,,248,1.00,240,51,R,FR24
14:44:30,39.244895,-7.741487,18823,80.6,3.1,-4.7,,246,1.00,240,51,R,FR24
14:44:32,39.245660,-7.737040,18844,80.0,3.7,-5.3,,245,1.00,240,51,R,FR24
14:44:34,39.246454,-7.732619,18875,79.3,4.4,-5.8,,243,1.00,241,51,R,FR24
14:44:36,39.247281,-7.728224,18915,78.5,4.9,-6.3,,243,1.00,241,51,R,FR24
14:44:38,39.248143,-7.723856,18963,77.7,5.2,-6.7,,242,1.00,241,50,R,FR24
14:44:40,39.249043,-7.719514,19016,76.9,5.4,-7.2,,242,1.00,242,50,R,FR24
14:44:42,39.249983,-7.715199,19069,76.0,5.4,-7.5,,241,1.00,242,50,R,FR24
14:44:44,39.250966,-7.710912,19120,75.1,5.2,-7.8,,241,1.00,242,50,R,FR24
14:44:46,39.251993,-7.706653,19164,74.1,4.9,-8.0,,241,1.02,242,50,R,FR24
14:44:48,39.253063,-7.702425,19198,73.2,4.3,-8.0,,240,1.04,242,50,R,FR24
14:44:50,39.254178,-7.698229,19221,72.2,3.7,-8.0,,240,1.06,242,50,R,FR24
14:44:52,39.255336,-7.694067,19230,71.3,3.0,-7.9,,239,1.08,242,50,R,FR24
14:44:54,39.256536,-7.689938,19226,70.4,2.3,-7.6,,239,1.10,242,50,R,FR24
14:44:56,39.257776,-7.685842,19209,69.5,1.7,-7.1,,239,1.08,242,50,R,FR24
14:44:58,39.259053,-7.681777,19185,68.7,1.3,-6.5,,239,1.06,242,50,R,FR24
14:45:00,39.260364,-7.677741,19157,68.0,1.3,-5.7,,239,1.04,242,50,R,FR24
14:45:02,39.261704,-7.673729,19131,67.3,1.4,-4.8,,239,1.02,242,50,R,FR24
14:45:04,39.263069,-7.669736,19111,66.8,1.8,-3.8,,239,1.01,242,50,R,FR24
14:45:06,39.264452,-7.665760,19097,66.5,2.1,-2.7,,239,1.03,242,50,R,FR24
14:45:08,39.265849,-7.661795,19090,66.2,2.4,-1.5,,239,1.05,242,50,R,FR24
14:45:10,39.267253,-7.657837,19085,66.1,2.5,-0.4,,239,1.07,242,50,R,FR24
14:45:12,39.268656,-7.653883,19082,66.1,2.5,0.8,,239,1.09,242,50,R,FR24
14:45:14,39.270054,-7.649927,19078,66.3,2.4,2.0,,239,1.10,242,50,R,FR24
14:45:16,39.271439,-7.645967,19071,66.7,2.3,3.2,,238,1.10,242,50,R,FR24
14:45:18,39.272804,-7.641998,19061,67.1,2.2,4.3,,238,1.10,242,50,R,FR24
14:45:20,39.274144,-7.638015,19048,67.7,2.0,5.3,,238,1.10,242,50,R,FR24
14:45:22,39.275453,-7.634018,19032,68.4,1.9,6.3,,237,1.10,242,50,R,FR24
14:45:24,39.276725,-7.630003,19013,69.3,1.8,7.2,,237,1.10,241,50,R,FR24
14:45:26,39.277954,-7.625969,18993,70.2,1.7,8.1,,237,1.10,241,50,R,FR24
14:45:28,39.279134,-7.621917,18972,71.3,1.7,8.9,,238,1.10,241,50,R,FR24
14:45:30,39.280260,-7.617847,18949,72.5,1.6,9.7,,238,1.10,241,50,R,FR24
14:45:32,39.281326,-7.613762,18927,73.7,1.6,10.4,,239,1.10,241,51,R,FR24
14:45:34,39.282327,-7.609663,18904,75.1,1.6,11.1,,239,1.10,241,51,R,FR24
14:45:36,39.283257,-7.605554,18883,76.5,1.7,11.8,,237,1.10,241,51,R,FR24
14:45:38,39.284112,-7.601438,18861,78.1,1.9,12.5,,236,1.10,240,51,R,FR24
14:45:40,39.284886,-7.597321,18841,79.7,2.1,13.1,,235,1.10,240,51,R,FR24
14:45:42,39.285574,-7.593206,18822,81.5,2.3,13.8,,233,1.10,240,51,R,FR24
14:45:44,39.286172,-7.589099,18805,83.3,2.5,14.4,,232,1.10,240,51,R,FR24
14:45:46,39.286677,-7.585006,18789,85.2,2.6,15.0,,232,1.10,240,51,R,FR24
14:45:48,39.287083,-7.580930,18774,87.2,2.8,15.5,,231,1.10,240,51,R,FR24
14:45:50,39.287389,-7.576878,18761,89.3,3.0,16.0,,231,1.10,240,51,R,FR24
14:45:52,39.287591,-7.572854,18751,91.5,3.2,16.4,,231,1.10,240,51,R,FR24
14:45:54,39.287686,-7.568863,18742,93.8,3.4,16.8,,230,1.10,240,51,R,FR24
14:45:56,39.287675,-7.564906,18737,96.1,3.6,17.1,,230,1.10,240,51,R,FR24
14:45:58,39.287555,-7.560987,18735,98.5,3.9,17.3,,229,1.10,240,51,R,FR24
14:46:00,39.287326,-7.557107,18736,100.9,4.1,17.4,,229,1.10,240,51,R,FR24
14:46:02,39.286990,-7.553269,18740,103.3,4.3,17.3,,228,1.10,240,51,R,FR24
14:46:04,39.286548,-7.549475,18747,105.8,4.6,17.2,,228,1.09,240,51,R,FR24
14:46:06,39.286001,-7.545727,18756,108.1,4.9,16.9,,226,1.07,240,51,R,FR24
14:46:08,39.285352,-7.542025,18766,110.5,5.1,16.6,,225,1.05,240,51,R,FR24
14:46:10,39.284604,-7.538371,18777,112.7,5.3,16.2,,224,1.03,240,51,R,FR24
14:46:12,39.283761,-7.534766,18788,114.9,5.4,15.7,,222,1.01,240,51,R,FR24
14:46:14,39.282827,-7.531212,18797,117.1,5.4,15.3,,221,1.00,240,51,R,FR24
14:46:16,39.281807,-7.527713,18806,119.1,5.5,14.8,,220,1.00,240,51,R,FR24
14:46:18,39.280704,-7.524272,18815,121.2,5.6,14.4,,220,1.00,240,51,R,FR24
14:46:20,39.279523,-7.520891,18826,123.1,5.9,14.0,,219,1.00,240,51,R,FR24
14:46:22,39.278269,-7.517577,18842,125.0,6.3,13.8,,218,1.00,240,51,R,FR24
14:46:24,39.276947,-7.514336,18863,126.9,6.7,13.6,,217,1.00,240,51,R,FR24
14:46:26,39.275561,-7.511171,18890,128.8,7.1,13.5,,216,1.00,241,51,R,FR24
14:46:28,39.274114,-7.508087,18919,130.7,7.2,13.5,,215,1.00,241,51,R,FR24
14:46:30,39.272608,-7.505089,18947,132.6,7.2,13.6,,214,1.00,241,50,R,FR24
14:46:32,39.271046,-7.502179,18972,134.5,7.0,13.7,,214,1.00,241,50,R,FR24
14:46:34,39.269427,-7.499359,18991,136.5,6.7,13.8,,213,1.00,241,50,R,FR24
14:46:36,39.267753,-7.496628,19005,138.5,6.3,13.8,,214,1.00,241,50,R,FR24
14:46:38,39.266023,-7.493984,19014,140.4,6.0,13.9,,214,1.00,242,50,R,FR24
14:46:40,39.264234,-7.491424,19018,142.3,5.7,13.8,,215,1.00,242,50,R,FR24
14:46:42,39.262385,-7.488944,19016,144.3,5.3,13.6,,215,1.00,242,50,R,FR24
14:46:44,39.260473,-7.486539,19010,146.1,4.9,13.4,,216,1.00,241,50,R,FR24
14:46:46,39.258496,-7.484201,18998,147.8,4.5,13.0,,217,1.00,241,50,R,FR24
14:46:48,39.256451,-7.481925,18981,149.5,4.2,12.6,,218,1.00,241,50,R,FR24
14:46:50,39.254335,-7.479704,18963,151.0,4.0,12.1,,219,1.00,241,50,R,FR24
14:46:52,39.252147,-7.477532,18947,152.4,4.2,11.6,,219,1.00,241,50,R,FR24
14:46:54,39.249887,-7.475405,18938,153.7,4.4,11.0,,222,1.00,241,50,R,FR24
14:46:56,39.247556,-7.473321,18941,154.9,4.7,10.5,,225,1.00,241,50,R,FR24
14:46:58,39.245157,-7.471277,18959,156.0,5.1,10.0,,229,1.00,242,50,R,FR24
14:47:00,39.242694,-7.469275,18989,157.1,5.3,9.6,,232,1.00,242,50,R,FR24
14:47:02,39.240171,-7.467315,19030,158.1,5.4,9.2,,236,1.00,242,50,R,FR24
14:47:04,39.237595,-7.465398,19075,159.1,5.4,8.9,,237,1.00,242,50,R,FR24
14:47:06,39.234972,-7.463529,19121,160.1,5.2,8.7,,238,1.00,242,50,R,FR24
14:47:08,39.232309,-7.461711,19163,161.0,4.8,8.5,,239,1.00,242,50,R,FR24
14:47:10,39.229612,-7.459946,19195,162.0,4.2,8.4,,240,1.00,242,50,R,FR24
14:47:12,39.226888,-7.458238,19216,162.9,3.6,8.4,,241,1.00,242,50,R,FR24
14:47:14,39.224139,-7.456589,19228,163.9,3.2,8.4,,241,1.00,242,50,R,FR24
14:47:16,39.221371,-7.455002,19234,164.8,2.9,8.4,,241,1.00,242,50,R,FR24
14:47:18,39.218587,-7.453479,19238,165.8,2.9,8.4,,241,1.00,242,50,R,FR24
14:47:20,39.215791,-7.452022,19243,166.8,3.0,8.5,,241,1.00,242,50,R,FR24
14:47:22,39.212981,-7.450631,19252,167.8,3.2,8.6,,241,1.00,243,50,R,FR24
14:47:24,39.210160,-7.449308,19262,168.8,3.3,8.7,,241,1.00,243,50,R,FR24
14:47:26,39.207327,-7.448052,19273,169.8,3.2,8.7,,241,1.00,243,50,R,FR24
14:47:28,39.204482,-7.446864,19279,170.8,2.9,8.6,,241,1.00,243,50,R,FR24
14:47:30,39.201626,-7.445743,19279,171.8,2.5,8.4,,241,1.00,243,50,R,FR24
14:47:32,39.198757,-7.444687,19273,172.7,2.2,8.2,,241,1.00,243,50,R,FR24
14:47:34,39.195876,-7.443693,19262,173.6,2.0,7.9,,241,1.00,243,50,R,FR24
14:47:36,39.192984,-7.442761,19249,174.5,2.0,7.6,,241,1.00,243,50,R,FR24
14:47:38,39.190084,-7.441887,19239,175.3,2.2,7.2,,241,1.00,243,50,R,FR24
14:47:40,39.187179,-7.441071,19233,176.1,2.5,6.9,,241,1.00,242,50,R,FR24
14:47:42,39.184273,-7.440310,19234,176.9,2.8,6.6,,241,1.00,242,50,R,FR24
14:47:44,39.181365,-7.439601,19239,177.7,2.9,6.3,,241,0.98,242,50,R,FR24
14:47:46,39.178459,-7.438943,19243,178.4,2.7,5.9,,241,0.96,242,50,R,FR24
14:47:48,39.175557,-7.438334,19240,179.0,2.3,5.6,,241,0.94,242,50,R,FR24
14:47:50,39.172659,-7.437770,19228,179.7,1.7,5.4,,241,0.92,242,50,R,FR24
14:47:52,39.169764,-7.437249,19203,180.3,1.1,5.1,,241,0.90,242,50,R,FR24
14:47:54,39.166871,-7.436769,19167,180.9,0.4,4.9,,242,0.90,242,50,R,FR24
14:47:56,39.163978,-7.436328,19118,181.4,-0.3,4.7,,243,0.90,242,50,R,FR24
14:47:58,39.161086,-7.435924,19056,181.9,-1.0,4.4,,244,0.90,242,50,R,FR24
14:48:00,39.158195,-7.435556,18984,182.4,-1.5,4.3,,244,0.90,242,50,R,FR24
14:48:02,39.155303,-7.435221,18905,182.9,-1.8,4.2,,245,0.90,241,50,R,FR24
14:48:04,39.152411,-7.434919,18822,183.3,-2.0,4.0,,246,0.92,241,51,R,FR24
14:48:06,39.149517,-7.434648,18737,183.8,-2.0,3.8,,246,0.94,241,51,R,FR24
14:48:08,39.146625,-7.434407,18654,184.2,-1.9,3.7,,247,0.96,240,51,R,FR24
14:48:10,39.143735,-7.434196,18577,184.6,-1.6,3.5,,247,0.98,240,51,R,FR24
14:48:12,39.140848,-7.434012,18508,185.0,-1.1,3.4,,247,1.00,240,51,R,FR24
14:48:14,39.137962,-7.433856,18447,185.3,-0.6,3.3,,247,1.02,240,50,R,FR24
14:48:16,39.135081,-7.433725,18397,185.7,-0.1,3.2,,247,1.04,240,50,R,FR24
14:48:18,39.132205,-7.433620,18357,186.0,0.4,3.1,,246,1.06,240,50,R,FR24
14:48:20,39.129335,-7.433540,18326,186.4,0.9,3.1,,246,1.08,240,50,R,FR24
14:48:22,39.126473,-7.433485,18304,186.7,1.4,3.1,,245,1.10,240,50,R,FR24
14:48:24,39.123617,-7.433454,18289,187.1,1.8,3.1,,245,1.10,240,50,R,FR24
14:48:26,39.120769,-7.433447,18280,187.5,2.1,3.0,,244,1.10,240,50,R,FR24
14:48:28,39.117929,-7.433463,18276,187.8,2.4,3.1,,243,1.10,240,50,R,FR24
14:48:30,39.115098,-7.433504,18277,188.2,2.7,3.1,,242,1.10,240,50,R,FR24
14:48:32,39.112274,-7.433570,18280,188.6,2.9,3.2,,241,1.10,240,50,R,FR24
14:48:34,39.109458,-7.433661,18286,189.0,3.0,3.3,,241,1.08,240,50,R,FR24
14:48:36,39.106649,-7.433778,18293,189.3,3.0,3.4,,241,1.06,240,50,R,FR24
14:48:38,39.103848,-7.433921,18300,189.8,3.0,3.5,,241,1.04,240,50,R,FR24
14:48:40,39.101056,-7.434091,18306,190.2,2.9,3.6,,241,1.02,240,50,R,FR24
14:48:42,39.098273,-7.434288,18310,190.6,2.8,3.7,,241,1.00,240,50,R,FR24
14:48:44,39.095500,-7.434515,18311,191.1,2.7,3.8,,241,1.00,240,50,R,FR24
14:48:46,39.092737,-7.434770,18310,191.5,2.5,3.9,,241,1.00,240,50,R,FR24
14:48:48,39.089988,-7.435056,18307,192.0,2.4,4.1,,241,1.00,240,50,R,FR24
14:48:50,39.087255,-7.435373,18301,192.5,2.3,4.2,,241,1.00,240,50,R,FR24
14:48:52,39.084538,-7.435721,18294,193.1,2.2,4.4,,241,1.00,240,50,R,FR24
14:48:54,39.081838,-7.436102,18286,193.6,2.2,4.6,,241,1.00,240,50,R,FR24
14:48:56,39.079157,-7.436518,18277,194.2,2.2,4.7,,241,1.00,240,50,R,FR24
14:48:58,39.076495,-7.436968,18269,194.8,2.2,4.9,,241,1.00,240,50,R,FR24
14:49:00,39.073851,-7.437454,18262,195.4,2.3,5.1,,241,1.00,240,50,R,FR24
14:49:02,39.071225,-7.437977,18256,196.1,2.4,5.2,,241,1.00,240,50,R,FR24
14:49:04,39.068615,-7.438539,18252,196.7,2.5,5.3,,241,1.00,240,50,R,FR24
14:49:06,39.066021,-7.439140,18250,197.4,2.5,5.4,,241,1.00,240,50,R,FR24
14:49:08,39.063441,-7.439781,18249,198.1,2.6,5.5,,241,1.00,240,50,R,FR24
14:49:10,39.060876,-7.440463,18250,198.7,2.7,5.6,,241,1.00,240,50,R,FR24
14:49:12,39.058323,-7.441187,18251,199.4,2.7,5.6,,241,1.00,240,50,R,FR24
14:49:14,39.055784,-7.441952,18253,200.1,2.7,5.6,,241,1.00,240,50,R,FR24
14:49:16,39.053257,-7.442758,18254,200.8,2.7,5.6,,241,1.00,240,50,R,FR24
14:49:18,39.050743,-7.443606,18254,201.4,2.6,5.5,,241,1.00,240,50,R,FR24
14:49:20,39.048241,-7.444495,18251,202.1,2.4,5.4,,241,1.00,240,50,R,FR24
14:49:22,39.045752,-7.445423,18246,202.7,2.3,5.3,,241,1.00,240,50,R,FR24
14:49:24,39.043276,-7.446391,18236,203.4,2.0,5.2,,241,1.00,240,50,R,FR24
14:49:26,39.040812,-7.447396,18223,204.0,1.8,5.1,,241,1.00,240,50,R,FR24
14:49:28,39.038363,-7.448438,18204,204.6,1.5,4.9,,241,1.00,240,50,R,FR24
14:49:30,39.035927,-7.449514,18181,205.2,1.3,4.7,,241,1.00,240,50,R,FR24
14:49:32,39.033506,-7.450623,18155,205.7,1.1,4.5,,241,1.00,240,50,R,FR24
14:49:34,39.031099,-7.451763,18125,206.3,1.0,4.2,,241,1.00,240,49,R,FR24
14:49:36,39.028707,-7.452931,18093,206.8,0.9,4.0,,241,1.00,240,49,R,FR24
14:49:38,39.026331,-7.454125,18062,207.2,1.0,3.7,,241,1.00,240,49,R,FR24
14:49:40,39.023970,-7.455342,18034,207.7,1.2,3.4,,241,1.00,240,49,R,FR24
14:49:42,39.021626,-7.456580,18010,208.1,1.5,3.1,,241,1.00,240,49,R,FR24
14:49:44,39.019297,-7.457835,17994,208.4,1.9,2.7,,241,1.02,240,49,R,FR24
14:49:46,39.016982,-7.459106,17985,208.8,2.3,2.3,,241,1.04,240,49,R,FR24
14:49:48,39.014682,-7.460388,17983,209.0,2.7,1.9,,241,1.06,240,49,R,FR24
14:49:50,39.012394,-7.461679,17989,209.3,3.0,1.4,,241,1.08,240,49,R,FR24
14:49:52,39.010117,-7.462974,18000,209.4,3.3,0.8,,241,1.09,240,49,R,FR24
14:49:54,39.007850,-7.464271,18014,209.5,3.5,0.2,,241,1.07,240,49,R,FR24
14:49:56,39.005588,-7.465565,18030,209.5,3.5,-0.5,,240,1.05,240,49,R,FR24
14:49:58,39.003331,-7.466852,18046,209.4,3.5,-1.2,,240,1.03,240,49,R,FR24
14:50:00,39.001075,-7.468128,18060,209.2,3.4,-1.9,,239,1.01,240,49,R,FR24
14:50:02,38.998817,-7.469387,18072,208.9,3.3,-2.6,,239,1.01,240,49,R,FR24
14:50:04,38.996555,-7.470626,18081,208.6,3.2,-3.3,,239,1.03,240,49,R,FR24
14:50:06,38.994288,-7.471839,18088,208.1,3.1,-4.1,,239,1.05,240,49,R,FR24
14:50:08,38.992013,-7.473020,18095,207.6,3.1,-4.9,,239,1.07,240,49,R,FR24
14:50:10,38.989728,-7.474164,18104,206.9,3.2,-5.6,,239,1.09,240,49,R,FR24
14:50:12,38.987433,-7.475264,18115,206.2,3.5,-6.4,,239,1.11,240,49,R,FR24
14:50:14,38.985128,-7.476314,18132,205.4,3.8,-7.2,,239,1.13,240,50,R,FR24
14:50:16,38.982812,-7.477308,18155,204.4,4.1,-7.9,,239,1.15,240,50,R,FR24
14:50:18,38.980485,-7.478239,18184,203.4,4.6,-8.7,,239,1.17,240,50,R,FR24
14:50:20,38.978149,-7.479102,18222,202.3,5.0,-9.4,,239,1.19,240,50,R,FR24
14:50:22,38.975804,-7.479889,18266,201.1,5.3,-10.1,,239,1.19,240,50,R,FR24
14:50:24,38.973452,-7.480596,18316,199.8,5.7,-10.7,,239,1.15,240,50,R,FR24
14:50:26,38.971095,-7.481215,18372,198.4,5.9,-11.3,,239,1.11,240,50,R,FR24
14:50:28,38.968733,-7.481744,18430,196.9,6.0,-11.8,,239,1.06,240,50,R,FR24
14:50:30,38.966367,-7.482178,18489,195.4,6.0,-12.2,,239,1.02,240,50,R,FR24
14:50:32,38.963999,-7.482513,18546,193.8,5.9,-12.5,,239,1.00,240,51,R,FR24
14:50:34,38.961629,-7.482748,18600,192.2,5.7,-12.7,,239,1.00,240,51,R,FR24
14:50:36,38.959255,-7.482882,18649,190.5,5.4,-12.7,,239,1.00,240,51,R,FR24
14:50:38,38.956875,-7.482914,18693,188.8,5.1,-12.6,,239,1.00,240,51,R,FR24
14:50:40,38.954488,-7.482846,18731,187.1,4.8,-12.3,,239,1.00,240,51,R,FR24
14:50:42,38.952092,-7.482679,18766,185.4,4.7,-12.0,,239,1.00,240,51,R,FR24
14:50:44,38.949688,-7.482415,18800,183.8,4.6,-11.6,,239,1.00,240,51,R,FR24
14:50:46,38.947273,-7.482058,18834,182.2,4.7,-11.1,,239,1.00,241,51,R,FR24
14:50:48,38.944844,-7.481610,18870,180.7,4.8,-10.5,,239,1.00,241,51,R,FR24
14:50:50,38.942402,-7.481075,18908,179.3,4.9,-9.9,,239,1.00,241,50,R,FR24
14:50:52,38.939945,-7.480457,18948,177.9,4.9,-9.4,,239,1.00,241,50,R,FR24
14:50:54,38.937477,-7.479759,18986,176.6,4.7,-8.9,,239,1.00,241,50,R,FR24
14:50:56,38.934996,-7.478986,19018,175.4,4.4,-8.4,,239,1.00,241,50,R,FR24
14:50:58,38.932503,-7.478140,19042,174.3,3.8,-8.1,,239,1.00,242,50,R,FR24
14:51:00,38.929998,-7.477223,19054,173.2,3.2,-7.9,,239,1.00,242,50,R,FR24
14:51:02,38.927484,-7.476237,19056,172.1,2.7,-7.9,,239,1.01,242,50,R,FR24
14:51:04,38.924965,-7.475184,19050,171.0,2.3,-8.0,,240,1.03,242,50,R,FR24
14:51:06,38.922444,-7.474062,19038,169.9,2.0,-8.3,,240,1.05,242,50,R,FR24
14:51:08,38.919922,-7.472869,19022,168.8,1.8,-8.6,,240,1.07,242,50,R,FR24
14:51:10,38.917402,-7.471604,19004,167.6,1.7,-9.1,,241,1.09,242,50,R,FR24
14:51:12,38.914887,-7.470263,18982,166.4,1.5,-9.6,,241,1.11,241,50,R,FR24
14:51:14,38.912380,-7.468842,18957,165.1,1.2,-10.1,,242,1.13,241,50,R,FR24
14:51:16,38.909882,-7.467338,18927,163.8,1.0,-10.5,,242,1.15,241,51,R,FR24
14:51:18,38.907396,-7.465747,18892,162.4,0.8,-10.9,,243,1.17,241,51,R,FR24
14:51:20,38.904921,-7.464066,18857,161.0,0.8,-11.2,,243,1.19,240,51,R,FR24
14:51:22,38.902462,-7.462294,18824,159.5,1.0,-11.4,,243,1.20,240,51,R,FR24
14:51:24,38.900020,-7.460430,18795,158.1,1.2,-11.4,,243,1.20,240,51,R,FR24
14:51:26,38.897597,-7.458473,18771,156.6,1.4,-11.2,,243,1.20,240,51,R,FR24
14:51:28,38.895194,-7.456428,18747,155.2,1.4,-10.9,,243,1.20,240,51,R,FR24
14:51:30,38.892811,-7.454296,18722,153.9,1.1,-10.4,,243,1.20,240,51,R,FR24
14:51:32,38.890451,-7.452083,18690,152.5,0.8,-9.9,,243,1.19,240,51,R,FR24
14:51:34,38.888112,-7.449793,18651,151.3,0.4,-9.2,,243,1.17,240,51,R,FR24
14:51:36,38.885794,-7.447431,18605,150.2,-0.0,-8.5,,243,1.15,240,51,R,FR24
14:51:38,38.883495,-7.445004,18552,149.1,-0.3,-7.7,,243,1.13,240,51,R,FR24
14:51:40,38.881213,-7.442517,18495,148.2,-0.5,-6.9,,243,1.11,240,50,R,FR24
14:51:42,38.878947,-7.439976,18436,147.4,-0.6,-6.1,,243,1.10,240,50,R,FR24
14:51:44,38.876695,-7.437389,18378,146.7,-0.5,-5.2,,243,1.10,240,50,R,FR24
14:51:46,38.874457,-7.434763,18323,146.0,-0.3,-4.4,,243,1.10,240,50,R,FR24
14:51:48,38.872232,-7.432107,18274,145.5,0.0,-3.5,,243,1.10,240,50,R,FR24
14:51:50,38.870018,-7.429427,18231,145.1,0.4,-2.7,,243,1.10,240,50,R,FR24
14:51:52,38.867814,-7.426732,18198,144.9,0.9,-1.8,,243,1.10,240,50,R,FR24
14:51:54,38.865618,-7.424028,18174,144.7,1.5,-0.9,,242,1.10,240,50,R,FR24
14:51:56,38.863428,-7.421323,18160,144.7,2.0,-0.0,,242,1.10,240,50,R,FR24
14:51:58,38.861243,-7.418626,18154,144.7,2.4,0.9,,242,1.10,240,50,R,FR24
14:52:00,38.859061,-7.415942,18155,144.9,2.7,1.7,,241,1.10,240,50,R,FR24
14:52:02,38.856881,-7.413280,18159,145.2,2.9,2.5,,240,1.10,240,50,R,FR24
14:52:04,38.854699,-7.410646,18163,145.6,2.9,3.4,,238,1.10,240,50,R,FR24
14:52:06,38.852515,-7.408046,18165,146.1,2.9,4.2,,236,1.10,240,50,R,FR24
14:52:08,38.850327,-7.405487,18162,146.7,2.7,4.9,,235,1.10,240,50,R,FR24
14:52:10,38.848132,-7.402974,18153,147.4,2.5,5.7,,233,1.10,240,50,R,FR24
14:52:12,38.845929,-7.400513,18138,148.2,2.3,6.4,,232,1.10,240,50,R,FR24
14:52:14,38.843716,-7.398107,18116,149.1,2.0,7.0,,232,1.10,240,49,R,FR24
14:52:16,38.841490,-7.395762,18088,150.0,1.7,7.6,,231,1.10,240,49,R,FR24
14:52:18,38.839253,-7.393482,18053,151.1,1.4,8.1,,231,1.10,240,49,R,FR24
14:52:20,38.837004,-7.391273,18014,152.2,1.2,8.5,,231,1.10,240,49,R,FR24
14:52:22,38.834743,-7.389137,17971,153.3,1.1,8.8,,230,1.08,240,49,R,FR24
14:52:24,38.832472,-7.387079,17927,154.5,1.1,9.1,,229,1.06,240,49,R,FR24
14:52:26,38.830193,-7.385102,17882,155.7,1.3,9.3,,228,1.04,239,49,R,FR24
14:52:28,38.827908,-7.383209,17839,157.0,1.5,9.4,,227,1.02,239,49,R,FR24
14:52:30,38.825619,-7.381401,17799,158.3,1.9,9.4,,226,1.00,239,48,R,FR24
14:52:32,38.823328,-7.379680,17765,159.6,2.3,9.4,,225,1.00,238,48,R,FR24
14:52:34,38.821039,-7.378046,17735,160.9,2.7,9.2,,224,1.00,238,48,R,FR24
14:52:36,38.818754,-7.376497,17711,162.3,3.2,9.0,,223,1.00,237,49,R,FR24
14:52:38,38.816474,-7.375032,17691,163.5,3.5,8.8,,221,1.00,237,49,R,FR24
14:52:40,38.814200,-7.373649,17675,164.8,3.8,8.5,,220,1.00,236,49,R,FR24
14:52:42,38.811934,-7.372343,17660,166.0,4.0,8.1,,219,1.00,236,48,R,FR24
14:52:44,38.809676,-7.371112,17645,167.2,4.0,7.8,,218,1.00,236,48,R,FR24
14:52:46,38.807426,-7.369952,17628,168.3,4.0,7.5,,217,1.00,236,48,R,FR24
14:52:48,38.805185,-7.368860,17611,169.4,4.0,7.2,,216,1.00,236,48,R,FR24
14:52:50,38.802954,-7.367833,17592,170.4,4.0,7.0,,216,1.00,236,48,R,FR24
14:52:52,38.800735,-7.366869,17572,171.4,4.0,6.8,,215,1.00,235,47,R,FR24
14:52:54,38.798529,-7.365969,17552,172.3,4.1,6.8,,214,1.00,235,47,R,FR24
14:52:56,38.796338,-7.365130,17533,173.3,4.2,6.9,,213,1.00,234,46,R,FR24
14:52:58,38.794162,-7.364354,17514,174.2,4.3,7.1,,212,1.00,234,46,R,FR24
14:53:00,38.792002,-7.363642,17497,175.2,4.4,7.3,,211,1.00,233,45,R,FR24
14:53:02,38.789859,-7.362994,17480,176.3,4.5,7.5,,211,1.00,233,45,R,FR24
14:53:04,38.787731,-7.362413,17465,177.5,4.7,7.8,,210,1.00,233,45,R,FR24
14:53:06,38.785618,-7.361898,17452,178.7,4.8,8.1,,210,1.00,233,44,R,FR24
14:53:08,38.783514,-7.361451,17440,179.9,4.9,8.3,,209,1.00,233,44,R,FR24
14:53:10,38.781417,-7.361071,17430,181.2,5.0,8.4,,209,1.00,233,44,R,FR24
14:53:12,38.779325,-7.360760,17419,182.3,5.0,8.5,,208,1.00,233,43,R,FR24
14:53:14,38.777236,-7.360516,17407,183.5,4.9,8.5,,207,1.00,232,43,R,FR24
14:53:16,38.775147,-7.360340,17394,184.7,4.8,8.5,,205,1.00,232,42,R,FR24
14:53:18,38.773055,-7.360232,17378,185.8,4.7,8.5,,204,1.00,231,42,R,FR24
14:53:20,38.770961,-7.360191,17361,186.9,4.6,8.4,,203,1.00,231,42,R,FR24
14:53:22,38.768862,-7.360216,17342,188.2,4.5,8.4,,203,1.00,231,41,R,FR24
14:53:24,38.766762,-7.360308,17321,189.4,4.3,8.3,,203,1.00,231,41,R,FR24
14:53:26,38.764661,-7.360466,17297,190.6,4.2,8.3,,203,1.00,232,41,R,FR24
14:53:28,38.762561,-7.360690,17272,191.9,4.1,8.2,,203,1.00,232,40,R,FR24
14:53:30,38.760464,-7.360979,17244,193.1,3.9,8.2,,203,1.00,233,40,R,FR24
14:53:32,38.758373,-7.361332,17215,194.3,3.8,8.2,,202,1.00,233,40,R,FR24
14:53:34,38.756290,-7.361749,17184,195.5,3.7,8.1,,202,1.00,234,39,R,FR24
14:53:36,38.754217,-7.362229,17150,196.7,3.5,8.0,,201,1.00,234,39,R,FR24
14:53:38,38.752157,-7.362771,17115,197.9,3.4,8.0,,201,1.00,235,38,R,FR24
14:53:40,38.750110,-7.363373,17078,199.1,3.3,7.8,,200,1.00,235,38,R,FR24
14:53:42,38.748079,-7.364035,17040,200.3,3.2,7.7,,200,1.00,236,37,R,FR24
14:53:44,38.746065,-7.364753,17002,201.5,3.2,7.4,,200,1.00,237,37,R,FR24
14:53:46,38.744069,-7.365525,16964,202.6,3.2,7.1,,200,1.00,238,36,R,FR24
14:53:48,38.742091,-7.366349,16927,203.7,3.3,6.7,,200,1.00,239,35,R,FR24
14:53:50,38.740131,-7.367220,16892,204.7,3.4,6.3,,200,1.00,240,35,R,FR24
14:53:52,38.738190,-7.368135,16859,205.7,3.6,5.9,,200,1.00,240,35,R,FR24
14:53:54,38.736269,-7.369090,16827,206.5,3.6,5.5,,200,1.00,240,35,R,FR24
14:53:56,38.734367,-7.370082,16796,207.3,3.5,5.1,,200,1.00,240,35,R,FR24
14:53:58,38.732484,-7.371107,16761,208.1,3.3,4.7,,200,1.00,240,35,R,FR24
14:54:00,38.730617,-7.372163,16721,208.8,2.9,4.4,,200,1.00,239,35,R,FR24
14:54:02,38.728768,-7.373246,16676,209.4,2.5,4.0,,201,1.00,240,34,R,FR24
14:54:04,38.726936,-7.374354,16624,209.9,2.1,3.7,,201,1.00,240,33,R,FR24
14:54:06,38.725120,-7.375484,16567,210.4,1.8,3.4,,202,1.00,240,32,R,FR24
14:54:08,38.723317,-7.376635,16509,210.8,1.8,3.2,,202,1.00,240,32,R,FR24
14:54:10,38.721528,-7.377806,16451,211.3,1.9,2.9,,203,1.00,240,31,R,FR24
14:54:12,38.719752,-7.378994,16397,211.5,2.2,2.6,,203,1.00,240,29,R,FR24
14:54:14,38.717987,-7.380197,16348,211.7,2.4,2.4,,203,1.00,239,28,R,FR24
14:54:16,38.716231,-7.381415,16302,211.8,2.7,2.1,,203,1.00,239,26,R,FR24
14:54:18,38.714481,-7.382647,16259,211.9,2.8,1.8,,203,1.00,238,25,R,FR24
14:54:20,38.712734,-7.383893,16217,212.0,2.8,1.5,,202,1.00,238,23,R,FR24
14:54:22,38.710988,-7.385150,16174,212.1,2.7,1.2,,202,1.00,238,22,R,FR24
14:54:24,38.709244,-7.386417,16129,212.2,2.5,0.9,,202,1.00,239,21,R,FR24
14:54:26,38.707499,-7.387693,16081,212.3,2.3,0.6,,201,1.00,240,20,R,FR24
14:54:28,38.705749,-7.388977,16029,212.3,2.1,0.4,,201,1.00,241,19,R,FR24
14:54:30,38.703993,-7.390269,15975,212.3,1.9,0.1,,201,1.00,242,18,R,FR24
14:54:32,38.702229,-7.391567,15917,212.3,1.7,-0.1,,202,1.00,244,18,R,FR24
14:54:34,38.700458,-7.392869,15857,212.2,1.6,-0.3,,203,1.00,245,17,R,FR24
14:54:36,38.698677,-7.394176,15796,212.1,1.5,-0.4,,205,1.00,247,16,R,FR24
14:54:38,38.696885,-7.395487,15734,212.0,1.5,-0.5,,206,1.00,248,15,R,FR24
14:54:40,38.695081,-7.396802,15673,211.9,1.5,-0.6,,207,1.00,250,14,R,FR24
14:54:42,38.693267,-7.398120,15612,211.7,1.6,-0.6,,208,1.02,250,14,R,FR24
14:54:44,38.691443,-7.399438,15553,211.6,1.7,-0.6,,210,1.04,249,14,R,FR24
14:54:46,38.689610,-7.400758,15495,211.4,1.7,-0.6,,211,1.06,249,14,R,FR24
14:54:48,38.687766,-7.402081,15439,211.3,1.8,-0.5,,212,1.08,248,14,R,FR24
14:54:50,38.685911,-7.403407,15385,211.2,1.8,-0.4,,213,1.10,247,14,R,FR24
14:54:52,38.684047,-7.404736,15330,211.1,1.7,-0.2,,214,1.10,247,14,R,FR24
14:54:54,38.682178,-7.406068,15276,211.1,1.6,-0.0,,215,1.10,246,14,R,FR24
14:54:56,38.680302,-7.407404,15219,211.1,1.4,0.2,,216,1.10,245,14,R,FR24
14:54:58,38.678420,-7.408746,15160,211.1,1.2,0.4,,217,1.10,245,14,R,FR24
14:55:00,38.676533,-7.410095,15097,211.1,0.9,0.6,,218,1.09,244,14,R,FR24
14:55:02,38.674643,-7.411452,15031,211.2,0.6,0.8,,219,1.07,243,14,R,FR24
14:55:04,38.672752,-7.412817,14963,211.2,0.4,1.0,,219,1.05,242,14,R,FR24
14:55:06,38.670861,-7.414191,14892,211.3,0.2,1.3,,220,1.03,241,14,R,FR24
14:55:08,38.668971,-7.415577,14821,211.5,0.1,1.5,,221,1.01,239,14,R,FR24
14:55:10,38.667081,-7.416976,14750,211.6,0.1,1.7,,222,1.00,238,14,R,FR24
14:55:12,38.665194,-7.418388,14680,212.0,0.2,1.8,,221,1.00,240,14,R,FR24
14:55:14,38.663314,-7.419812,14611,212.4,0.4,2.0,,221,1.00,242,14,R,FR24
14:55:16,38.661440,-7.421250,14545,212.8,0.5,2.1,,220,1.00,244,14,R,FR24
14:55:18,38.659574,-7.422702,14479,213.2,0.6,2.2,,220,1.00,246,14,R,FR24
14:55:20,38.657714,-7.424168,14415,213.7,0.7,2.2,,220,1.00,248,14,R,FR24
14:55:22,38.655864,-7.425647,14351,212.6,0.7,2.2,,220,1.00,216,12,R,FR24
14:55:24,38.654027,-7.427137,14288,211.2,0.7,2.2,,221,1.00,187,15,R,FR24
14:55:26,38.652204,-7.428636,14225,209.9,0.6,2.3,,221,1.00,168,19,R,FR24
14:55:28,38.650397,-7.430143,14164,208.6,0.7,2.3,,222,1.00,158,25,R,FR24
14:55:30,38.648608,-7.431657,14104,207.3,0.8,2.4,,222,1.00,152,32,R,FR24
14:55:32,38.646843,-7.433173,14047,203.6,1.0,2.5,,222,1.00,141,49,R,FR24
14:55:34,38.645103,-7.434691,13993,199.6,1.1,2.6,,222,1.00,136,68,R,FR24
14:55:36,38.643392,-7.436208,13940,195.6,1.2,2.6,,222,1.00,134,86,R,FR24
14:55:38,38.641709,-7.437727,13887,191.8,1.2,2.6,,222,1.00,132,105,R,FR24
14:55:40,38.640051,-7.439246,13833,188.1,1.0,2.7,,222,1.00,130,124,R,FR24
14:55:42,38.638419,-7.440769,13777,188.1,0.8,2.7,,223,1.00,131,122,R,FR24
14:55:44,38.636810,-7.442297,13719,188.7,0.6,2.6,,224,1.00,132,121,R,FR24
14:55:46,38.635221,-7.443830,13658,189.4,0.3,2.5,,225,1.00,133,120,R,FR24
14:55:48,38.633650,-7.445371,13593,190.1,-0.0,2.4,,226,1.00,134,119,R,FR24
14:55:50,38.632095,-7.446921,13526,190.7,-0.3,2.3,,227,1.00,135,118,R,FR24
14:55:52,38.630556,-7.448478,13455,196.3,-0.6,2.3,,228,1.00,143,95,R,FR24
14:55:54,38.629032,-7.450041,13383,202.7,-0.8,2.1,,229,1.00,155,75,R,FR24
14:55:56,38.627523,-7.451611,13311,208.9,-1.0,1.9,,231,1.00,175,61,R,FR24
14:55:58,38.626025,-7.453187,13237,215.0,-1.1,1.6,,232,1.00,201,56,R,FR24
14:56:00,38.624537,-7.454769,13165,220.6,-1.2,1.4,,233,1.00,226,64,R,FR24
14:56:02,38.623058,-7.456357,13092,221.4,-1.2,1.2,,234,1.00,226,65,R,FR24
14:56:04,38.621585,-7.457950,13020,221.6,-1.3,0.9,,235,1.00,226,67,R,FR24
14:56:06,38.620116,-7.459547,12947,221.7,-1.5,0.7,,236,1.00,225,68,R,FR24
14:56:08,38.618650,-7.461149,12873,221.7,-1.6,0.4,,236,1.00,225,69,R,FR24
14:56:10,38.617182,-7.462756,12797,221.7,-1.7,0.2,,237,1.01,225,70,R,FR24
14:56:12,38.615712,-7.464368,12720,221.4,-1.9,-0.0,,238,1.03,224,69,R,FR24
14:56:14,38.614236,-7.465984,12641,221.1,-1.9,-0.3,,239,1.05,223,68,R,FR24
14:56:16,38.612753,-7.467606,12562,220.7,-2.0,-0.5,,240,1.07,221,68,R,FR24
14:56:18,38.611260,-7.469233,12484,220.3,-2.0,-0.8,,241,1.09,220,67,R,FR24
14:56:20,38.609755,-7.470865,12406,219.8,-1.9,-1.0,,241,1.10,218,66,R,FR24
14:56:22,38.608235,-7.472501,12330,218.7,-1.9,-1.2,,242,1.10,214,65,R,FR24
14:56:24,38.606701,-7.474140,12255,217.5,-1.8,-1.4,,242,1.10,209,64,R,FR24
14:56:26,38.605150,-7.475782,12181,216.3,-1.8,-1.6,,243,1.10,205,63,R,FR24
14:56:28,38.603580,-7.477427,12107,215.1,-1.8,-1.7,,243,1.10,200,63,R,FR24
14:56:30,38.601991,-7.479076,12033,213.8,-1.9,-1.7,,243,1.09,195,63,R,FR24
14:56:32,38.600382,-7.480728,11958,211.6,-1.9,-1.5,,244,1.07,185,65,R,FR24
14:56:34,38.598754,-7.482385,11882,209.1,-2.0,-1.3,,244,1.05,175,68,R,FR24
14:56:36,38.597107,-7.484048,11804,206.7,-2.1,-0.9,,245,1.03,167,73,R,FR24
14:56:38,38.595442,-7.485721,11726,204.4,-2.2,-0.4,,245,1.01,160,80,R,FR24
14:56:40,38.593760,-7.487407,11647,202.2,-2.2,0.3,,246,1.00,154,87,R,FR24
14:56:42,38.592064,-7.489112,11569,200.7,-2.1,1.2,,246,1.00,150,92,R,FR24
14:56:44,38.590357,-7.490842,11493,199.4,-2.0,2.0,,247,1.00,146,97,R,FR24
14:56:46,38.588641,-7.492602,11419,198.2,-1.9,2.7,,247,1.00,142,103,R,FR24
14:56:48,38.586918,-7.494397,11348,197.1,-1.7,3.4,,247,1.00,139,109,R,FR24
14:56:50,38.585190,-7.496233,11281,196.1,-1.5,4.2,,248,1.00,136,115,R,FR24
14:56:52,38.583459,-7.498116,11219,197.3,-1.3,4.8,,249,1.00,137,112,R,FR24
14:56:54,38.581729,-7.500049,11160,198.8,-1.0,5.2,,250,1.00,138,109,R,FR24
14:56:56,38.579998,-7.502036,11106,200.4,-0.9,5.3,,251,1.00,139,106,R,FR24
14:56:58,38.578267,-7.504080,11055,201.9,-0.7,5.1,,252,1.00,139,103,R,FR24
14:57:00,38.576533,-7.506183,11006,203.5,-0.7,4.9,,252,1.00,140,100,R,FR24
14:57:02,38.574794,-7.508344,10957,205.4,-0.7,4.4,,253,1.00,141,95,R,FR24
14:57:04,38.573048,-7.510563,10907,207.3,-0.9,3.9,,253,1.00,142,89,R,FR24
14:57:06,38.571291,-7.512839,10853,209.1,-1.1,3.2,,253,1.00,144,84,R,FR24
14:57:08,38.569518,-7.515169,10793,210.8,-1.5,2.4,,254,1.00,145,79,R,FR24
14:57:10,38.567726,-7.517553,10726,212.3,-2.0,1.7,,254,1.00,147,73,R,FR24
14:57:12,38.565909,-7.519986,10650,214.4,-2.6,1.0,,255,1.00,150,64,R,FR24
14:57:14,38.564068,-7.522463,10564,216.4,-3.1,0.5,,255,1.00,153,55,R,FR24
14:57:16,38.562203,-7.524977,10469,218.3,-3.6,0.1,,256,1.00,157,46,R,FR24
14:57:18,38.560318,-7.527519,10369,220.1,-3.9,-0.1,,256,1.00,164,38,R,FR24
14:57:20,38.558419,-7.530080,10265,221.9,-4.0,-0.2,,256,1.00,174,31,R,FR24
14:57:22,38.556508,-7.532652,10161,223.3,-3.9,-0.1,,257,1.00,184,24,R,FR24
14:57:24,38.554593,-7.535230,10062,224.7,-3.7,0.0,,257,1.00,201,20,R,FR24
14:57:26,38.552680,-7.537806,9969,226.2,-3.3,0.3,,258,1.00,224,17,R,FR24
14:57:28,38.550777,-7.540373,9885,227.7,-2.7,0.6,,258,1.00,250,18,R,FR24
14:57:30,38.548890,-7.542925,9811,229.2,-2.1,1.1,,258,1.00,269,22,R,FR24
14:57:32,38.547025,-7.545463,9748,230.0,-1.5,1.6,,258,1.00,275,23,R,FR24
14:57:34,38.545183,-7.547986,9695,230.7,-1.0,2.0,,258,1.00,281,25,R,FR24
14:57:36,38.543368,-7.550497,9647,231.5,-0.8,2.4,,258,1.00,286,26,R,FR24
14:57:38,38.541580,-7.552997,9603,232.4,-0.7,2.7,,258,1.00,290,28,R,FR24
14:57:40,38.539821,-7.555489,9558,233.3,-0.7,2.9,,258,1.00,294,30,R,FR24
14:57:42,38.538091,-7.557974,9511,234.0,-0.9,3.0,,258,1.00,296,31,R,FR24
14:57:44,38.536390,-7.560453,9462,234.7,-1.1,3.0,,258,1.00,298,32,R,FR24
14:57:46,38.534717,-7.562927,9408,235.5,-1.3,3.0,,258,1.00,299,33,R,FR24
14:57:48,38.533072,-7.565397,9349,236.2,-1.7,2.8,,258,1.00,301,35,R,FR24
14:57:50,38.531452,-7.567861,9284,236.9,-2.0,2.5,,258,1.00,302,36,R,FR24
14:57:52,38.529856,-7.570318,9214,236.7,-2.3,2.2,,257,1.00,298,33,R,FR24
14:57:54,38.528283,-7.572767,9139,236.4,-2.5,1.8,,257,1.00,294,31,R,FR24
14:57:56,38.526730,-7.575206,9060,236.0,-2.7,1.4,,257,1.00,289,29,R,FR24
14:57:58,38.525194,-7.577636,8980,235.6,-2.7,1.1,,256,1.00,284,27,R,FR24
14:58:00,38.523671,-7.580058,8902,235.1,-2.6,0.6,,256,1.02,277,26,R,FR24
14:58:02,38.522159,-7.582469,8827,234.8,-2.3,0.2,,256,1.04,273,26,R,FR24
14:58:04,38.520656,-7.584870,8760,234.5,-1.8,-0.2,,256,1.06,268,26,R,FR24
14:58:06,38.519157,-7.587259,8701,234.1,-1.3,-0.6,,256,1.08,264,26,R,FR24
14:58:08,38.517660,-7.589638,8652,233.7,-0.7,-0.9,,256,1.10,259,27,R,FR24
14:58:10,38.516162,-7.592006,8611,233.2,-0.3,-1.3,,256,1.08,255,27,R,FR24
14:58:12,38.514661,-7.594362,8577,232.9,0.1,-1.7,,256,1.06,254,27,R,FR24
14:58:14,38.513155,-7.596704,8546,232.5,0.2,-2.0,,256,1.04,252,27,R,FR24
14:58:16,38.511642,-7.599031,8515,232.0,0.1,-2.3,,256,1.02,251,27,R,FR24
14:58:18,38.510121,-7.601342,8481,231.6,-0.2,-2.6,,256,1.00,249,26,R,FR24
14:58:20,38.508591,-7.603635,8441,231.0,-0.5,-2.9,,256,1.00,247,26,R,FR24
14:58:22,38.507050,-7.605908,8394,230.4,-1.0,-3.2,,255,1.00,245,27,R,FR24
14:58:24,38.505499,-7.608160,8339,229.8,-1.4,-3.4,,255,1.00,242,28,R,FR24
14:58:26,38.503935,-7.610387,8277,229.1,-1.8,-3.6,,254,1.00,239,29,R,FR24
14:58:28,38.502360,-7.612590,8210,228.4,-2.1,-3.8,,254,1.00,237,30,R,FR24
14:58:30,38.500770,-7.614767,8138,227.7,-2.3,-3.9,,253,1.02,235,31,R,FR24
14:58:32,38.499166,-7.616919,8064,226.5,-2.3,-4.1,,251,1.04,228,32,R,FR24
14:58:34,38.497548,-7.619044,7989,225.1,-2.3,-4.2,,250,1.06,221,33,R,FR24
14:58:36,38.495916,-7.621139,7914,223.8,-2.3,-4.3,,249,1.08,215,34,R,FR24
14:58:38,38.494272,-7.623203,7841,222.4,-2.1,-4.4,,247,1.10,209,36,R,FR24
14:58:40,38.492616,-7.625233,7771,221.1,-1.8,-4.5,,247,1.10,204,38,R,FR24
14:58:42,38.490948,-7.627227,7707,220.3,-1.4,-4.6,,247,1.10,204,38,R,FR24
14:58:44,38.489269,-7.629184,7650,219.5,-1.0,-4.7,,246,1.10,203,39,R,FR24
14:58:46,38.487579,-7.631104,7601,218.8,-0.4,-4.8,,246,1.10,202,39,R,FR24
14:58:48,38.485880,-7.632984,7560,218.0,0.0,-4.8,,245,1.10,202,39,R,FR24
14:58:50,38.484171,-7.634826,7525,217.3,0.4,-4.7,,244,1.08,201,39,R,FR24
14:58:52,38.482452,-7.636630,7494,216.5,0.6,-4.7,,244,1.06,201,39,R,FR24
14:58:54,38.480722,-7.638398,7464,215.8,0.7,-4.6,,243,1.04,200,39,R,FR24
14:58:56,38.478982,-7.640130,7434,215.1,0.6,-4.5,,242,1.02,199,38,R,FR24
14:58:58,38.477230,-7.641828,7400,214.4,0.4,-4.4,,241,1.00,199,38,R,FR24
14:59:00,38.475469,-7.643493,7362,213.7,0.1,-4.2,,241,1.00,198,38,R,FR24
14:59:02,38.473698,-7.645126,7318,213.0,-0.2,-4.1,,240,1.00,197,37,R,FR24
14:59:04,38.471917,-7.646728,7270,212.3,-0.5,-4.0,,240,1.00,196,37,R,FR24
14:59:06,38.470127,-7.648299,7218,211.6,-0.7,-3.9,,239,1.00,194,36,R,FR24
14:59:08,38.468330,-7.649840,7162,210.9,-0.9,-3.9,,239,1.00,193,36,R,FR24
14:59:10,38.466526,-7.651350,7104,210.2,-1.0,-3.8,,239,1.02,192,35,R,FR24
14:59:12,38.464715,-7.652829,7046,209.3,-1.0,-3.8,,239,1.04,188,35,R,FR24
14:59:14,38.462899,-7.654278,6989,208.4,-0.9,-3.8,,239,1.06,185,35,R,FR24
14:59:16,38.461078,-7.655696,6934,207.4,-0.7,-3.8,,239,1.08,182,35,R,FR24
14:59:18,38.459253,-7.657081,6882,206.5,-0.5,-3.8,,239,1.10,179,35,R,FR24
14:59:20,38.457424,-7.658434,6834,205.5,-0.3,-3.8,,239,1.08,176,35,R,FR24
14:59:22,38.455594,-7.659754,6789,204.4,-0.1,-3.8,,239,1.06,173,36,R,FR24
14:59:24,38.453763,-7.661040,6747,203.3,0.0,-3.8,,239,1.04,169,37,R,FR24
14:59:26,38.451930,-7.662293,6705,202.2,0.0,-3.7,,239,1.02,166,38,R,FR24
14:59:28,38.450095,-7.663514,6662,201.1,-0.2,-3.6,,239,1.00,163,39,R,FR24
14:59:30,38.448257,-7.664706,6615,200.1,-0.4,-3.4,,240,1.00,160,40,R,FR24
14:59:32,38.446415,-7.665870,6564,199.5,-0.7,-3.1,,240,1.00,160,40,R,FR24
14:59:34,38.444569,-7.667010,6508,199.0,-1.0,-2.8,,240,1.00,160,40,R,FR24
14:59:36,38.442718,-7.668129,6450,198.7,-1.1,-2.4,,241,1.00,160,40,R,FR24
14:59:38,38.440859,-7.669232,6392,198.3,-1.1,-1.9,,241,1.00,160,40,R,FR24
14:59:40,38.438993,-7.670324,6337,198.1,-0.8,-1.4,,241,1.00,160,40,R,FR24
14:59:42,38.437119,-7.671408,6287,197.9,-0.4,-0.8,,241,1.00,160,40,R,FR24
14:59:44,38.435239,-7.672490,6244,197.7,-0.0,-0.3,,241,1.00,160,41,R,FR24
14:59:46,38.433354,-7.673572,6207,197.7,0.4,0.2,,241,1.00,159,41,R,FR24
14:59:48,38.431464,-7.674660,6176,197.7,0.7,0.8,,241,1.00,159,41,R,FR24
14:59:50,38.429572,-7.675756,6148,197.8,0.9,1.3,,240,1.00,159,42,R,FR24
14:59:52,38.427679,-7.676864,6122,198.0,1.1,1.9,,239,1.00,159,42,R,FR24
14:59:54,38.425787,-7.677989,6097,198.2,1.1,2.4,,238,1.00,159,42,R,FR24
14:59:56,38.423899,-7.679134,6071,198.6,1.0,2.9,,237,1.00,158,42,R,FR24
14:59:58,38.422014,-7.680302,6042,199.0,0.9,3.4,,237,1.00,158,43,R,FR24
15:00:00,38.420132,-7.681500,6010,199.5,0.6,4.0,,236,1.00,158,43,R,FR24
15:00:02,38.418254,-7.682730,5973,200.0,0.4,4.5,,236,1.00,158,43,R,FR24
15:00:04,38.416381,-7.683998,5931,200.7,0.1,5.0,,235,1.00,157,44,R,FR24
15:00:06,38.414512,-7.685308,5884,201.4,-0.2,5.6,,235,1.00,157,44,R,FR24
15:00:08,38.412650,-7.686665,5834,202.2,-0.4,6.1,,235,1.00,157,45,R,FR24
15:00:10,38.410795,-7.688073,5780,203.0,-0.6,6.7,,235,1.00,157,45,R,FR24
15:00:12,38.408948,-7.689537,5725,203.9,-0.7,7.2,,236,1.00,156,46,R,FR24
15:00:14,38.407112,-7.691061,5669,204.9,-0.8,7.7,,236,1.00,155,46,R,FR24
15:00:16,38.405287,-7.692649,5613,205.9,-0.8,8.1,,237,1.00,154,47,R,FR24
15:00:18,38.403477,-7.694303,5557,206.9,-0.8,8.5,,237,1.01,154,48,R,FR24
15:00:20,38.401683,-7.696026,5503,208.1,-0.7,8.8,,237,1.03,153,48,R,FR24
15:00:22,38.399906,-7.697819,5449,209.2,-0.6,9.0,,237,1.05,152,49,R,FR24
15:00:24,38.398150,-7.699684,5397,210.4,-0.5,9.2,,237,1.07,151,49,R,FR24
15:00:26,38.396418,-7.701619,5347,211.5,-0.4,9.2,,237,1.09,150,50,R,FR24
15:00:28,38.394711,-7.703622,5299,212.7,-0.2,9.2,,237,1.10,149,50,R,FR24
15:00:30,38.393035,-7.705689,5254,213.8,0.0,9.0,,236,1.10,148,51,R,FR24
15:00:32,38.391391,-7.707816,5213,225.8,0.3,8.7,,236,1.10,,,R,FR24
15:00:34,38.389782,-7.709995,5175,227.1,0.6,8.3,,235,1.10,,,R,FR24
15:00:36,38.388211,-7.712217,5141,228.3,0.8,7.9,,235,1.10,,,R,FR24
15:00:38,38.386682,-7.714471,5110,229.5,1.1,7.4,,234,1.09,,,R,FR24
15:00:40,38.385201,-7.716744,5082,230.6,1.3,6.8,,233,1.07,,,R,FR24
15:00:42,38.383770,-7.719022,5055,231.6,1.4,6.3,,233,1.05,,,R,FR24
15:00:44,38.382393,-7.721292,5028,232.5,1.5,5.7,,232,1.03,,,R,FR24
15:00:46,38.381074,-7.723538,5001,233.4,1.4,5.2,,231,1.01,,,R,FR24
15:00:48,38.379816,-7.725746,4970,234.2,1.3,4.6,,230,1.00,,,R,FR24
15:00:50,38.378623,-7.727900,4936,235.0,1.0,4.1,,230,1.00,,,R,FR24
15:00:52,38.377499,-7.729985,4898,235.6,0.7,3.7,,230,1.00,,,R,FR24
15:00:54,38.376445,-7.731988,4855,236.3,0.4,3.3,,230,1.00,,,R,FR24
15:00:56,38.375465,-7.733895,4808,236.9,0.1,2.9,,230,1.00,,,R,FR24
15:00:58,38.374561,-7.735694,4758,237.5,0.0,2.6,,230,1.00,,,R,FR24
15:01:00,38.373734,-7.737376,4709,238.0,0.1,2.4,,230,1.00,,,R,FR24
15:01:02,38.372983,-7.738936,4662,238.6,0.4,2.2,,229,1.00,,,R,FR24
15:01:04,38.372308,-7.740371,4620,239.1,0.8,1.9,,229,1.00,,,R,FR24
15:01:06,38.371703,-7.741684,4583,239.7,1.2,1.7,,228,1.00,,,R,FR24
15:01:08,38.371163,-7.742879,4552,240.2,1.7,1.4,,228,1.00,,,R,FR24
15:01:10,38.370680,-7.743968,4528,240.6,2.2,1.0,,228,1.00,,,R,FR24
15:01:12,38.370246,-7.744963,4511,240.9,2.7,0.6,,228,1.00,,,R,FR24
15:01:14,38.369850,-7.745879,4502,241.1,0.2,0.0,,228,1.00,,,R,FR24
15:01:16,38.369480,-7.746733,4499,241.0,0.4,-0.1,,228,1.00,,,R,FR24
15:01:18,38.369125,-7.747546,4502,240.7,3.6,-0.9,,228,1.00,,,R,FR24
15:01:20,38.368773,-7.748337,4506,240.0,4.0,-1.5,,228,1.00,,,R,FR24
15:01:22,38.368409,-7.749129,4510,239.2,3.9,-1.9,,228,1.00,,,R,FR24
15:01:24,38.368021,-7.749943,4509,238.3,3.5,-2.1,,228,1.00,,,R,FR24
15:01:26,38.367596,-7.750801,4501,237.3,2.9,-2.3,,228,1.00,,,R,FR24
15:01:28,38.367121,-7.751726,4485,236.3,2.3,-2.3,,228,1.00,,,R,FR24
15:01:30,38.366584,-7.752736,4460,235.5,1.7,-2.2,,229,1.00,,,R,FR24
15:01:32,38.365973,-7.753852,4428,234.8,1.2,-2.0,,229,1.00,,,R,FR24
15:01:34,38.365280,-7.755091,4391,234.2,0.8,-1.9,,230,1.00,,,R,FR24
15:01:36,38.364495,-7.756467,4350,233.7,0.6,-1.7,,230,1.00,,,R,FR24
15:01:38,38.363612,-7.757993,4308,233.3,0.4,-1.5,,230,1.01,,,R,FR24
15:01:40,38.362625,-7.759677,4265,233.0,0.4,-1.3,,230,1.03,,,R,FR24
15:01:42,38.361533,-7.761525,4222,232.8,0.5,-1.1,,230,1.05,,,R,FR24
15:01:44,38.360335,-7.763536,4180,232.6,0.5,-0.9,,230,1.07,,,R,FR24
15:01:46,38.359034,-7.765708,4136,232.5,0.3,-0.8,,230,1.09,,,R,FR24
15:01:48,38.357637,-7.768031,4088,232.4,-0.0,-0.6,,230,1.09,,,R,FR24
15:01:50,38.356153,-7.770491,4033,232.3,-0.7,-0.5,,230,1.07,,,R,FR24
15:01:52,38.354596,-7.773066,3964,232.2,-1.6,-0.4,,229,1.05,,,R,FR24
15:01:54,38.352982,-7.775730,3882,232.2,-2.5,-0.2,,229,1.03,,,R,FR24
15:01:56,38.351333,-7.778450,3789,232.2,-3.2,-0.1,,228,1.01,,,R,FR24
15:01:58,38.349671,-7.781189,3689,232.2,-3.5,-0.0,,228,1.00,,,R,FR24
15:02:00,38.348021,-7.783909,3588,232.2,-3.3,0.1,,227,1.00,,,R,FR24
15:02:02,38.346405,-7.786574,3493,232.2,-2.7,0.3,,227,1.00,,,R,FR24
15:02:04,38.344848,-7.789147,3409,232.3,-1.8,0.5,,227,1.00,,,R,FR24
15:02:06,38.343368,-7.791599,3339,232.4,-0.6,0.8,,226,1.00,,,R,FR24
15:02:08,38.341981,-7.793906,3287,232.5,0.6,1.1,,226,1.00,,,R,FR24
15:02:10,38.340702,-7.796050,3251,232.7,1.9,1.5,,225,1.00,,,R,FR24
15:02:12,38.339538,-7.798018,3231,233.0,3.0,1.9,,225,1.00,,,R,FR24
15:02:14,38.338497,-7.799805,3224,233.5,0.0,0.0,,225,1.00,,,R,FR24
15:02:16,38.337582,-7.801406,3228,234.1,0.4,0.3,,224,1.00,,,R,FR24
15:02:18,38.336794,-7.802824,3239,235.0,5.1,3.7,,223,1.00,,,R,FR24
15:02:20,38.336132,-7.804064,3255,236.2,5.6,4.6,,222,1.00,,,R,FR24
15:02:22,38.335594,-7.805134,3272,238.0,5.8,5.6,,222,1.00,,,R,FR24
15:02:24,38.335175,-7.806045,3289,240.6,5.8,6.8,,221,1.00,,,R,FR24
15:02:26,38.334869,-7.806808,3302,244.5,5.1,7.5,,220,1.00,,,R,FR24
15:02:28,38.334670,-7.807437,3311,250.5,0.2,0.4,,219,1.02,,,R,FR24
15:02:30,38.334570,-7.807946,3313,260.0,0.0,0.0,,219,1.04,,,R,FR24
15:02:32,38.334560,-7.808351,3308,274.6,0.9,2.8,,218,1.06,,,R,FR24
15:02:34,38.334634,-7.808665,3296,295.0,4.2,14.9,,218,1.08,,,R,FR24
15:02:36,38.334783,-7.808901,3277,316.7,3.8,13.4,,218,1.10,,,R,FR24
15:02:38,38.334999,-7.809073,3256,333.7,3.5,10.4,,216,1.10,,,R,FR24
15:02:40,38.335274,-7.809191,3233,344.9,3.5,7.5,,215,1.10,,,R,FR24
15:02:42,38.335601,-7.809268,3212,351.8,3.7,5.2,,214,1.10,,,R,FR24
15:02:44,38.335971,-7.809312,3194,356.0,4.0,3.4,,213,1.10,,,R,FR24
15:02:46,38.336379,-7.809334,3180,358.4,4.4,2.1,,211,1.10,,,R,FR24
15:02:48,38.336816,-7.809342,3171,359.6,4.8,0.9,,210,1.08,,,R,FR24
15:02:50,38.337275,-7.809343,3167,359.9,5.2,-0.0,,209,1.06,,,R,FR24
15:02:52,38.337750,-7.809346,3167,359.6,5.6,-0.8,,209,1.04,,,R,FR24
15:02:54,38.338234,-7.809356,3171,358.7,5.9,-1.6,,208,1.02,,,R,FR24
15:02:56,38.338720,-7.809379,3178,357.3,6.1,-2.3,,207,1.00,,,R,FR24
15:02:58,38.339203,-7.809421,3186,355.3,6.3,-3.0,,207,1.00,,,R,FR24
15:03:00,38.339676,-7.809487,3196,352.8,6.3,-3.7,,207,1.00,,,R,FR24
15:03:02,38.340133,-7.809579,3206,349.8,6.3,-4.4,,207,1.00,,,R,FR24
15:03:04,38.340568,-7.809703,3216,346.0,6.2,-5.0,,207,1.00,,,R,FR24
15:03:06,38.340976,-7.809861,3226,341.4,5.9,-5.6,,207,1.00,,,R,FR24
15:03:08,38.341352,-7.810055,3236,335.8,5.7,-6.2,,206,1.00,,,R,FR24
15:03:10,38.341691,-7.810288,3244,329.2,5.8,-7.1,,206,1.00,,,R,FR24
15:03:12,38.341988,-7.810560,3250,321.2,6.1,-8.6,,206,1.00,,,R,FR24
15:03:14,38.342238,-7.810874,3254,312.0,6.1,-9.5,,205,1.00,,,R,FR24
15:03:16,38.342438,-7.811230,3256,301.7,5.9,-10.2,,205,1.00,,,R,FR24
15:03:18,38.342582,-7.811628,3256,290.9,5.7,-10.6,,203,1.00,,,R,FR24
15:03:20,38.342668,-7.812069,3253,280.1,5.6,-10.7,,202,1.00,,,R,FR24
15:03:22,38.342692,-7.812551,3248,270.0,5.4,-10.4,,201,1.00,,,R,FR24
15:03:24,38.342650,-7.813075,3242,261.0,5.3,-10.0,,200,1.00,,,R,FR24
15:03:26,38.342540,-7.813639,3234,253.3,5.2,-9.5,,198,1.00,,,R,FR24
15:03:28,38.342359,-7.814243,3226,246.7,5.1,-8.9,,197,1.00,,,R,FR24
15:03:30,38.342104,-7.814884,3217,241.2,5.1,-8.4,,197,1.00,,,R,FR24
15:03:32,38.341775,-7.815562,3208,236.5,5.0,-7.9,,196,1.00,,,R,FR24
15:03:34,38.341368,-7.816274,3199,232.4,4.9,-7.5,,195,1.00,,,R,FR24
15:03:36,38.340882,-7.817019,3188,228.9,4.9,-7.2,,194,1.00,,,R,FR24
15:03:38,38.340317,-7.817794,3177,225.9,4.8,-6.8,,192,1.00,,,R,FR24
15:03:40,38.339671,-7.818597,3165,223.2,4.7,-6.6,,190,1.00,,,R,FR24
15:03:42,38.338944,-7.819426,3153,220.9,4.7,-6.3,,189,1.00,,,R,FR24
15:03:44,38.338136,-7.820279,3140,218.8,4.6,-6.1,,187,1.00,,,R,FR24
15:03:46,38.337247,-7.821153,3126,216.9,4.5,-5.9,,185,1.00,,,R,FR24
15:03:48,38.336278,-7.822045,3111,215.1,4.5,-5.7,,184,1.00,,,R,FR24
15:03:50,38.335229,-7.822954,3095,213.5,4.4,-5.5,,184,1.00,,,R,FR24
15:03:52,38.334102,-7.823877,3079,212.1,4.2,-5.3,,183,1.00,,,R,FR24
15:03:54,38.332899,-7.824811,3060,210.8,4.1,-5.1,,182,1.00,,,R,FR24
15:03:56,38.331621,-7.825754,3040,209.6,3.9,-5.0,,181,1.00,,,R,FR24
15:03:58,38.330272,-7.826705,3018,208.4,3.7,-4.8,,181,1.00,,,R,FR24
15:04:00,38.328853,-7.827661,2994,207.4,3.5,-4.6,,180,1.00,,,R,FR24
15:04:02,38.327368,-7.828621,2968,206.5,3.3,-4.3,,180,1.00,,,R,FR24
15:04:04,38.325821,-7.829582,2939,205.6,3.1,-4.1,,179,1.00,,,R,FR24
15:04:06,38.324215,-7.830543,2907,204.8,2.8,-3.8,,179,1.00,,,R,FR24
15:04:08,38.322556,-7.831504,2873,204.1,2.6,-3.5,,178,1.00,,,R,FR24
15:04:10,38.320847,-7.832462,2838,203.4,2.6,-3.2,,178,1.00,,,R,FR24
15:04:12,38.319095,-7.833418,2803,202.9,2.6,-2.8,,178,1.00,,,R,FR24
15:04:14,38.317305,-7.834371,2769,202.4,2.7,-2.4,,177,1.00,,,R,FR24
15:04:16,38.315482,-7.835320,2739,202.0,3.0,-1.9,,177,1.00,,,R,GPIAAF:p.23
15:04:18,38.313635,-7.836267,2712,201.7,3.4,-1.5,,177,1.00,,,R,GPIAAF:p.23
15:04:20,38.311769,-7.837211,2688,201.5,3.6,-1.0,,177,1.00,,,R,GPIAAF:p.23
15:04:22,38.309891,-7.838153,2663,201.4,3.5,-0.5,,177,1.00,,,R,GPIAAF:p.23
15:04:24,38.308007,-7.839095,2637,201.3,3.2,-0.2,,177,1.00,,,R,GPIAAF:p.23
15:04:26,38.306120,-7.840037,2608,201.3,3.2,0.1,,177,1.00,,,R,GPIAAF:p.23
15:04:28,38.304234,-7.840979,2584,201.3,3.8,0.2,,177,1.00,,,R,GPIAAF:p.23
15:04:30,38.302350,-7.841922,2568,201.4,4.5,0.2,,177,1.00,,,R,GPIAAF:p.23
15:04:32,38.300468,-7.842866,2557,201.4,4.8,0.2,,177,1.00,,,R,GPIAAF:p.23
15:04:34,38.298588,-7.843811,2547,201.5,4.8,0.2,,177,1.00,,,R,GPIAAF:p.23
15:04:36,38.296710,-7.844756,2538,201.5,5.1,0.1,,177,1.00,,,R,GPIAAF:p.23
15:04:38,38.294832,-7.845703,2535,201.5,5.6,0.1,,177,1.00,,,R,GPIAAF:p.23
15:04:40,38.292954,-7.846650,2537,201.5,6.2,0.1,,177,1.00,,,R,GPIAAF:p.23
15:04:42,38.291077,-7.847598,2544,201.5,6.5,0.1,,177,1.00,,,R,GPIAAF:p.23
15:04:44,38.289199,-7.848547,2553,201.5,6.6,0.1,,177,1.00,,,R,GPIAAF:p.23
15:04:46,38.287321,-7.849496,2559,201.6,6.3,0.1,,176,1.00,,,R,GPIAAF:p.23
15:04:48,38.285443,-7.850446,2562,201.6,5.9,0.1,,175,1.00,,,R,GPIAAF:p.23
15:04:50,38.283565,-7.851396,2563,201.6,5.8,0.1,,174,1.00,,,R,GPIAAF:p.23
15:04:52,38.281687,-7.852347,2563,201.6,5.7,0.1,,173,1.00,,,R,GPIAAF:p.23
15:04:54,38.279810,-7.853299,2562,201.6,5.7,0.1,,171,1.00,,,R,GPIAAF:p.23
15:04:56,38.277932,-7.854252,2559,201.6,5.5,0.1,,170,1.00,,,R,GPIAAF:p.23
15:04:58,38.276055,-7.855205,2554,201.7,5.2,0.1,,169,1.00,,,R,GPIAAF:p.23
15:05:00,38.274178,-7.856160,2545,201.7,4.8,0.1,,167,1.00,,,R,GPIAAF:p.23
15:05:02,38.272302,-7.857115,2532,201.7,4.5,0.1,,166,1.00,,,R,GPIAAF:p.23
15:05:04,38.270426,-7.858071,2516,201.7,4.1,0.1,,165,1.00,,,R,GPIAAF:p.23
15:05:06,38.268550,-7.859028,2498,201.7,4.0,0.1,,164,1.00,,,R,GPIAAF:p.23
15:05:08,38.266674,-7.859985,2481,201.8,4.4,0.1,,165,1.00,,,R,GPIAAF:p.23
15:05:10,38.264799,-7.860944,2469,201.8,4.9,0.1,,165,1.00,,,R,GPIAAF:p.23
15:05:12,38.262924,-7.861904,2463,201.8,5.4,0.1,,165,1.00,,,R,GPIAAF:p.23
15:05:14,38.261049,-7.862865,2461,201.8,5.7,0.1,,166,1.00,,,R,GPIAAF:p.23
15:05:16,38.259175,-7.863827,2460,201.9,5.7,0.2,,166,1.00,,,R,GPIAAF:p.23
15:05:18,38.257301,-7.864790,2457,201.9,5.4,0.2,,166,1.00,,,R,GPIAAF:p.23
15:05:20,38.255428,-7.865754,2450,201.9,5.1,0.2,,166,1.00,,,R,GPIAAF:p.23
15:05:22,38.253554,-7.866720,2443,202.0,5.1,0.2,,166,1.00,,,R,GPIAAF:p.23
15:05:24,38.251682,-7.867687,2436,202.0,5.2,0.2,,166,1.00,,,R,GPIAAF:p.23
15:05:26,38.249809,-7.868655,2428,202.0,5.0,0.2,,166,1.00,,,R,GPIAAF:p.23
15:05:28,38.247938,-7.869626,2417,202.1,4.6,0.2,,166,1.00,,,R,GPIAAF:p.23
15:05:30,38.246067,-7.870597,2403,202.1,4.3,0.3,,166,1.00,,,R,GPIAAF:p.23
15:05:32,38.244196,-7.871571,2387,202.2,4.2,0.3,,166,1.00,,,R,GPIAAF:p.23
15:05:34,38.242326,-7.872547,2371,202.2,4.3,0.3,,166,1.00,,,R,GPIAAF:p.23
15:05:36,38.240457,-7.873525,2357,202.3,4.5,0.3,,166,1.00,,,R,GPIAAF:p.23
15:05:38,38.238588,-7.874505,2344,202.3,4.5,0.3,,165,1.00,,,R,GPIAAF:p.23
15:05:40,38.236720,-7.875487,2330,202.4,4.4,0.3,,165,1.00,,,R,GPIAAF:p.23
15:05:42,38.234853,-7.876471,2313,202.4,3.9,0.4,,165,1.00,,,R,GPIAAF:p.23
15:05:44,38.232987,-7.877459,2290,202.5,3.3,0.4,,164,1.00,,,R,GPIAAF:p.23
15:05:46,38.231121,-7.878449,2260,202.6,2.7,0.5,,163,1.00,,,R,GPIAAF:p.23
15:05:48,38.229257,-7.879443,2227,202.7,2.4,0.6,,161,1.00,,,R,GPIAAF:p.23
15:05:50,38.227394,-7.880441,2193,202.8,2.6,0.7,,160,1.00,,,R,GPIAAF:p.23
15:05:52,38.225534,-7.881444,2163,202.9,2.9,0.9,,158,1.00,,,R,GPIAAF:p.23
15:05:54,38.223675,-7.882455,2135,203.1,2.9,1.2,,156,1.00,,,R,GPIAAF:p.23
15:05:56,38.221819,-7.883475,2106,203.3,2.7,1.4,,155,1.00,,,R,GPIAAF:p.23
15:05:58,38.219967,-7.884505,2074,203.6,2.5,1.7,,155,1.00,,,R,GPIAAF:p.23
15:06:00,38.218120,-7.885548,2041,203.9,2.4,1.9,,155,1.00,,,R,GPIAAF:p.23
15:06:02,38.216277,-7.886604,2008,204.2,2.5,2.0,,155,1.00,,,R,GPIAAF:p.23
15:06:04,38.214439,-7.887674,1978,204.6,2.9,2.0,,155,1.00,,,R,GPIAAF:p.23
15:06:06,38.212606,-7.888758,1952,204.9,3.3,2.0,,155,1.00,,,R,GPIAAF:p.23
15:06:08,38.210778,-7.889857,1927,205.3,3.2,1.8,,154,1.00,,,R,GPIAAF:p.23
15:06:10,38.208955,-7.890968,1900,205.6,2.8,1.7,,153,1.00,,,R,GPIAAF:p.23
15:06:12,38.207136,-7.892091,1867,205.9,2.2,1.5,,152,1.00,,,R,GPIAAF:p.23
15:06:14,38.205321,-7.893224,1829,206.1,1.6,1.3,,151,1.00,,,R,GPIAAF:p.23
15:06:16,38.203509,-7.894366,1787,206.3,1.3,1.0,,151,1.00,,,R,GPIAAF:p.23
15:06:18,38.201700,-7.895515,1746,206.5,1.5,0.8,,150,1.00,,,R,GPIAAF:p.23
15:06:20,38.199894,-7.896670,1708,206.6,2.1,0.6,,150,1.00,,,R,GPIAAF:p.23
15:06:22,38.198089,-7.897828,1677,206.7,2.7,0.4,,150,1.00,,,R,GPIAAF:p.23
15:06:24,38.196285,-7.898990,1651,206.7,3.1,0.2,,149,1.00,,,R,GPIAAF:p.23
15:06:26,38.194481,-7.900153,1625,206.7,3.1,-0.0,,149,1.01,,,R,GPIAAF:p.23
15:06:28,38.192678,-7.901315,1600,206.7,3.1,-0.2,,148,1.03,,,R,GPIAAF:p.23
15:06:30,38.190874,-7.902476,1575,206.7,3.3,-0.5,,148,1.05,,,R,GPIAAF:p.23
15:06:32,38.189068,-7.903633,1554,206.6,3.9,-0.7,,147,1.07,,,R,GPIAAF:p.23
15:06:34,38.187260,-7.904785,1538,206.4,4.3,-1.0,,147,1.09,,,R,GPIAAF:p.23
15:06:36,38.185449,-7.905929,1524,206.2,4.4,-1.4,,147,1.10,,,R,GPIAAF:p.23
15:06:38,38.183635,-7.907063,1509,205.9,4.1,-1.7,,147,1.10,,,R,GPIAAF:p.23
15:06:40,38.181815,-7.908185,1491,205.6,4.0,-2.1,,147,1.10,,,R,GPIAAF:p.23
15:06:42,38.179990,-7.909291,1475,205.2,4.4,-2.6,,147,1.10,,,R,GPIAAF:p.23
15:06:44,38.178158,-7.910377,1464,204.7,5.0,-3.2,,147,1.10,,,R,GPIAAF:p.23
15:06:46,38.176317,-7.911441,1457,204.1,5.3,-3.7,,147,1.10,,,R,GPIAAF:p.23
15:06:48,38.174467,-7.912477,1450,203.4,5.1,-4.3,,146,1.10,,,R,GPIAAF:p.23
15:06:50,38.172606,-7.913481,1439,202.6,4.6,-4.9,,146,1.10,,,R,GPIAAF:p.23
15:06:52,38.170733,-7.914448,1422,201.6,4.0,-5.4,,145,1.10,,,R,GPIAAF:p.23
15:06:54,38.168848,-7.915376,1401,200.7,3.4,-5.8,,145,1.10,,,R,GPIAAF:p.23
15:06:56,38.166951,-7.916259,1376,199.6,3.2,-6.1,,145,1.08,,,R,GPIAAF:p.23
15:06:58,38.165041,-7.917097,1353,198.5,3.6,-6.3,,146,1.06,,,R,GPIAAF:p.23
15:07:00,38.163119,-7.917888,1334,197.4,4.1,-6.3,,147,1.04,,,R,GPIAAF:p.23
15:07:02,38.161185,-7.918632,1320,196.3,4.6,-6.2,,148,1.02,,,R,GPIAAF:p.23
15:07:04,38.159241,-7.919329,1308,195.3,4.8,-5.9,,149,1.00,,,R,GPIAAF:p.23
15:07:06,38.157288,-7.919981,1295,194.2,4.3,-5.6,,150,1.00,,,R,GPIAAF:p.23
15:07:08,38.155326,-7.920590,1275,193.3,3.6,-5.2,,150,1.00,,,R,GPIAAF:p.23
15:07:10,38.153356,-7.921160,1249,192.4,3.0,-4.6,,151,1.00,,,R,GPIAAF:p.23
15:07:12,38.151380,-7.921696,1221,191.7,2.8,-4.0,,152,1.00,,,R,GPIAAF:p.23
15:07:14,38.149399,-7.922200,1194,191.0,3.2,-3.4,,153,1.00,,,R,GPIAAF:p.23
15:07:16,38.147414,-7.922679,1173,190.5,4.1,-2.9,,153,1.02,,,R,GPIAAF:p.23
15:07:18,38.145425,-7.923136,1161,190.0,4.9,-2.6,,152,1.04,,,R,GPIAAF:p.23
15:07:20,38.143433,-7.923572,1154,189.6,5.3,-2.5,,152,1.06,,,R,GPIAAF:p.23
15:07:22,38.141439,-7.923989,1149,189.1,5.3,-2.6,,152,1.08,,,R,GPIAAF:p.23
15:07:24,38.139442,-7.924385,1142,188.6,5.1,-2.9,,151,1.10,,,R,GPIAAF:p.23
15:07:26,38.137444,-7.924757,1133,188.1,5.0,-3.3,,151,1.10,,,R,GPIAAF:p.23
15:07:28,38.135445,-7.925104,1124,187.5,5.0,-3.5,,151,1.10,,,R,GPIAAF:p.23
15:07:30,38.133444,-7.925422,1117,186.9,5.3,-3.5,,151,1.10,,,R,GPIAAF:p.23
15:07:32,38.131442,-7.925714,1112,186.3,5.4,-3.2,,151,1.10,,,R,GPIAAF:p.23
15:07:34,38.129440,-7.925980,1107,185.7,5.4,-2.7,,151,1.10,,,R,GPIAAF:p.23
15:07:36,38.127436,-7.926225,1100,185.3,5.1,-2.1,,152,1.10,,,R,GPIAAF:p.23
15:07:38,38.125429,-7.926455,1091,185.0,4.9,-1.3,,153,1.10,,,R,GPIAAF:p.23
15:07:40,38.123417,-7.926676,1081,184.9,4.8,-0.6,,154,1.10,,,R,GPIAAF:p.23
15:07:42,38.121399,-7.926894,1071,184.8,4.8,-0.0,,154,1.10,,,R,GPIAAF:p.23
15:07:44,38.119371,-7.927112,1059,184.8,4.6,0.4,,155,1.10,,,R,GPIAAF:p.23
15:07:46,38.117334,-7.927336,1043,184.9,3.9,0.8,,156,1.10,,,R,GPIAAF:p.23
15:07:48,38.115291,-7.927567,1020,185.1,3.2,1.3,,156,1.10,,,R,GPIAAF:p.23
15:07:50,38.113249,-7.927810,993,185.4,2.9,2.0,,157,1.10,,,R,GPIAAF:p.23
15:07:52,38.111222,-7.928067,965,185.8,3.0,3.0,,157,1.10,,,R,GPIAAF:p.23
15:07:54,38.109229,-7.928344,940,186.5,3.4,4.2,,157,1.10,,,R,GPIAAF:p.23
15:07:56,38.107292,-7.928648,917,187.3,3.6,5.6,,158,1.12,,,R,GPIAAF:p.23
15:07:58,38.105435,-7.928985,895,188.5,3.7,6.7,,158,1.14,,,R,GPIAAF:p.23
15:08:00,38.103674,-7.929356,873,189.9,3.7,7.1,,159,1.16,,,R,GPIAAF:p.23
15:08:02,38.102015,-7.929761,851,191.3,3.7,6.4,,159,1.18,,,R,GPIAAF:p.23
15:08:04,38.100450,-7.930191,829,192.6,3.7,4.7,,160,1.20,,,R,GPIAAF:p.23
15:08:06,38.098961,-7.930635,810,193.4,4.0,2.4,,161,1.18,,,R,GPIAAF:p.23
15:08:08,38.097523,-7.931081,796,193.6,4.7,-0.1,,161,1.16,,,R,GPIAAF:p.23
15:08:10,38.096111,-7.931514,791,193.3,5.8,-2.4,,162,1.14,,,R,GPIAAF:p.23
15:08:12,38.094705,-7.931925,797,192.5,6.9,-4.2,,163,1.12,,,R,GPIAAF:p.23
15:08:14,38.093291,-7.932302,812,191.3,7.7,-5.7,,164,1.10,,,R,GPIAAF:p.23
15:08:16,38.091861,-7.932636,832,189.7,8.2,-7.3,,164,1.08,,,R,GPIAAF:p.23
15:08:18,38.090412,-7.932913,856,187.7,8.6,-9.1,,164,1.06,,,R,GPIAAF:p.23
15:08:20,38.088948,-7.933118,884,185.3,9.3,-11.3,,164,1.04,,,R,GPIAAF:p.23
15:08:22,38.087475,-7.933230,919,182.2,10.3,-13.9,,164,1.02,,,R,GPIAAF:p.23
15:08:24,38.086002,-7.933228,963,178.5,11.3,-16.7,,164,1.00,,,R,GPIAAF:p.23
15:08:26,38.084541,-7.933088,1011,174.0,11.8,-19.2,,164,1.02,,,R,GPIAAF:p.23
15:08:28,38.083102,-7.932791,1059,168.9,11.8,-21.1,,165,1.04,,,R,GPIAAF:p.23
15:08:30,38.081698,-7.932324,1101,163.4,11.2,-21.9,,165,1.06,,,R,GPIAAF:p.23
15:08:32,38.080337,-7.931685,1137,157.8,10.4,-21.4,,166,1.08,,,R,GPIAAF:p.23
15:08:34,38.079026,-7.930883,1167,152.5,9.8,-19.9,,166,1.10,,,R,GPIAAF:p.23
15:08:36,38.077767,-7.929934,1194,147.8,9.5,-17.7,,166,1.08,,,R,GPIAAF:p.23
15:08:38,38.076561,-7.928861,1225,143.7,9.7,-15.3,,166,1.06,,,R,GPIAAF:p.23
15:08:40,38.075407,-7.927686,1260,140.3,10.0,-13.0,,166,1.04,,,R,GPIAAF:p.23
15:08:42,38.074302,-7.926431,1301,137.4,10.5,-11.1,,166,1.02,,,R,GPIAAF:p.23
15:08:44,38.073243,-7.925111,1346,134.9,10.7,-9.7,,166,1.00,,,R,GPIAAF:p.23
15:08:46,38.072227,-7.923740,1392,132.7,10.7,-8.7,,167,1.00,,,R,GPIAAF:p.23
15:08:48,38.071253,-7.922325,1437,130.6,10.4,-8.2,,167,1.00,,,R,GPIAAF:p.23
15:08:50,38.070319,-7.920871,1479,128.7,10.0,-7.9,,167,1.00,,,R,GPIAAF:p.23
15:08:52,38.069425,-7.919380,1517,126.8,9.7,-7.9,,168,1.00,,,R,GPIAAF:p.23
15:08:54,38.068571,-7.917853,1555,124.9,9.7,-8.0,,168,1.00,,,R,GPIAAF:p.23
15:08:56,38.067758,-7.916291,1594,122.9,10.0,-8.2,,168,1.00,,,R,GPIAAF:p.23
15:08:58,38.066987,-7.914693,1634,120.9,10.0,-8.4,,167,1.00,,,R,GPIAAF:p.23
15:09:00,38.066262,-7.913059,1673,118.8,9.7,-8.8,,167,1.00,,,R,GPIAAF:p.23
15:09:02,38.065584,-7.911392,1706,116.7,9.1,-9.3,,166,1.00,,,R,GPIAAF:p.23
15:09:04,38.064958,-7.909690,1730,114.3,8.1,-9.8,,166,1.00,,,R,GPIAAF:p.23
15:09:06,38.064389,-7.907957,1741,111.9,6.7,-10.5,,165,1.02,,,R,GPIAAF:p.23
15:09:08,38.063881,-7.906193,1736,109.2,5.1,-11.1,,164,1.04,,,R,GPIAAF:p.23
15:09:10,38.063439,-7.904402,1717,106.5,3.8,-11.7,,163,1.06,,,R,GPIAAF:p.23
15:09:12,38.063069,-7.902586,1691,103.5,3.6,-12.1,,162,1.08,,,R,GPIAAF:p.23
15:09:14,38.062772,-7.900749,1668,100.6,4.3,-12.3,,162,1.11,,,R,GPIAAF:p.23
15:09:16,38.062551,-7.898895,1655,97.6,5.4,-12.0,,162,1.17,,,R,GPIAAF:p.23
15:09:18,38.062404,-7.897029,1655,94.7,6.6,-11.5,,162,1.23,,,R,GPIAAF:p.23
15:09:20,38.062328,-7.895154,1667,92.0,8.0,-10.6,,162,1.29,,,R,GPIAAF:p.23
15:09:22,38.062316,-7.893276,1695,89.5,9.6,-9.6,,162,1.35,,,R,GPIAAF:p.23
15:09:24,38.062364,-7.891397,1741,87.4,11.3,-8.5,,162,1.40,,,R,GPIAAF:p.23
15:09:26,38.062464,-7.889520,1802,85.4,12.8,-7.5,,162,1.40,,,R,GPIAAF:p.23
15:09:28,38.062609,-7.887648,1876,83.7,13.8,-6.5,,163,1.40,,,R,GPIAAF:p.23
15:09:30,38.062793,-7.885781,1956,82.3,14.1,-5.7,,163,1.40,,,R,GPIAAF:p.23
15:09:32,38.063011,-7.883921,2035,81.0,13.8,-5.0,,164,1.40,,,R,GPIAAF:p.23
15:09:34,38.063259,-7.882067,2108,79.9,12.9,-4.4,,164,1.39,,,R,GPIAAF:p.23
15:09:36,38.063533,-7.880221,2170,78.9,11.6,-3.9,,163,1.37,,,R,GPIAAF:p.23
15:09:38,38.063831,-7.878380,2218,78.0,10.2,-3.6,,163,1.35,,,R,GPIAAF:p.23
15:09:40,38.064150,-7.876546,2253,77.2,9.1,-3.2,,163,1.33,,,R,GPIAAF:p.23
15:09:42,38.064488,-7.874718,2281,76.4,8.6,-2.9,,162,1.31,,,R,GPIAAF:p.23
15:09:44,38.064843,-7.872895,2307,75.7,8.4,-2.7,,162,1.28,,,R,GPIAAF:p.23
15:09:46,38.065214,-7.871077,2329,75.1,8.1,-2.4,,161,1.22,,,R,GPIAAF:p.23
15:09:48,38.065600,-7.869263,2348,74.6,7.6,-2.2,,161,1.16,,,R,GPIAAF:p.23
15:09:50,38.065999,-7.867455,2361,74.1,7.1,-2.0,,160,1.10,,,R,GPIAAF:p.23
15:09:52,38.066409,-7.865650,2371,73.6,6.9,-1.8,,160,1.04,,,R,GPIAAF:p.23
15:09:54,38.066830,-7.863849,2382,73.2,7.1,-1.6,,160,1.00,,,R,GPIAAF:p.23
15:09:56,38.067260,-7.862052,2396,72.8,7.4,-1.4,,161,1.00,,,R,GPIAAF:p.23
15:09:58,38.067698,-7.860258,2412,72.5,7.5,-1.3,,162,1.00,,,R,GPIAAF:p.23
15:10:00,38.068144,-7.858468,2428,72.2,7.4,-1.1,,163,1.00,,,R,GPIAAF:p.23
15:10:02,38.068596,-7.856680,2442,72.0,7.2,-1.0,,163,1.00,,,R,GPIAAF:p.23
15:10:04,38.069054,-7.854894,2455,71.8,7.2,-0.8,,164,1.00,,,R,GPIAAF:p.23
15:10:06,38.069517,-7.853110,2469,71.6,7.2,-0.7,,165,1.00,,,R,GPIAAF:p.23
15:10:08,38.069983,-7.851328,2483,71.4,7.2,-0.6,,166,1.00,,,R,GPIAAF:p.23
15:10:10,38.070453,-7.849547,2498,71.3,7.2,-0.4,,167,1.00,,,R,GPIAAF:p.23
15:10:12,38.070925,-7.847767,2512,71.2,7.2,-0.3,,168,1.00,,,R,GPIAAF:p.23
15:10:14,38.071399,-7.845988,2525,71.2,7.0,-0.2,,168,1.00,,,R,GPIAAF:p.23
15:10:16,38.071873,-7.844210,2534,71.1,6.5,-0.0,,168,1.00,,,R,GPIAAF:p.23
15:10:18,38.072348,-7.842431,2537,71.2,5.9,0.1,,168,1.00,,,R,GPIAAF:p.23
15:10:20,38.072822,-7.840652,2535,71.2,5.4,0.3,,168,1.00,,,R,GPIAAF:p.23
15:10:22,38.073294,-7.838872,2529,71.3,5.2,0.4,,168,1.00,,,R,GPIAAF:p.23
15:10:24,38.073763,-7.837092,2522,71.4,5.2,0.6,,168,1.00,,,R,GPIAAF:p.23
15:10:26,38.074229,-7.835309,2517,71.6,5.3,0.8,,168,1.00,,,R,GPIAAF:p.23
15:10:28,38.074690,-7.833525,2513,71.8,5.5,1.0,,167,1.00,,,R,GPIAAF:p.23
15:10:30,38.075145,-7.831738,2511,72.1,5.7,1.2,,167,1.00,,,R,GPIAAF:p.23
15:10:32,38.075593,-7.829948,2510,72.3,5.8,1.3,,166,1.00,,,R,GPIAAF:p.23
15:10:34,38.076034,-7.828155,2510,72.7,5.8,1.4,,166,1.00,,,R,GPIAAF:p.23
15:10:36,38.076466,-7.826359,2510,73.0,5.9,1.4,,165,1.00,,,R,GPIAAF:p.23
15:10:38,38.076890,-7.824560,2512,73.3,6.1,1.3,,165,1.00,,,R,GPIAAF:p.23
15:10:40,38.077307,-7.822757,2516,73.6,6.3,1.2,,165,1.00,,,R,GPIAAF:p.23
15:10:42,38.077716,-7.820952,2522,73.9,6.5,1.1,,164,1.00,,,R,GPIAAF:p.23
15:10:44,38.078119,-7.819145,2527,74.2,6.2,0.9,,164,1.00,,,R,GPIAAF:p.23
15:10:46,38.078517,-7.817336,2527,74.4,5.6,0.7,,164,1.00,,,R,GPIAAF:p.23
15:10:48,38.078911,-7.815525,2521,74.5,5.1,0.5,,164,1.00,,,R,GPIAAF:p.23
15:10:50,38.079302,-7.813714,2511,74.6,4.8,0.4,,164,1.00,,,R,GPIAAF:p.23
15:10:52,38.079690,-7.811901,2501,74.7,4.8,0.2,,164,1.00,,,R,GPIAAF:p.23
15:10:54,38.080078,-7.810088,2491,74.7,4.9,0.1,,164,1.00,,,R,GPIAAF:p.23
15:10:56,38.080465,-7.808275,2482,74.7,5.0,-0.1,,164,1.00,,,R,GPIAAF:p.23
15:10:58,38.080854,-7.806463,2473,74.7,4.9,-0.2,,164,1.00,,,R,GPIAAF:p.23
15:11:00,38.081243,-7.804651,2462,74.6,4.7,-0.3,,164,1.00,,,R,GPIAAF:p.23
15:11:02,38.081634,-7.802839,2449,74.5,4.3,-0.5,,164,1.00,,,R,GPIAAF:p.23
15:11:04,38.082028,-7.801029,2430,74.4,3.8,-0.6,,164,1.00,,,R,GPIAAF:p.23
15:11:06,38.082426,-7.799219,2407,74.2,3.3,-0.7,,164,1.00,,,R,GPIAAF:p.23
15:11:08,38.082828,-7.797412,2380,74.0,3.1,-0.8,,164,1.00,,,R,GPIAAF:p.23
15:11:10,38.083235,-7.795606,2351,73.8,3.0,-1.0,,164,1.00,,,R,GPIAAF:p.23
15:11:12,38.083648,-7.793802,2324,73.6,3.2,-1.1,,164,1.00,,,R,GPIAAF:p.23
15:11:14,38.084067,-7.792001,2299,73.3,3.5,-1.2,,164,1.00,,,R,GPIAAF:p.23
15:11:16,38.084494,-7.790203,2278,73.0,3.7,-1.4,,164,1.00,,,R,GPIAAF:p.23
15:11:18,38.084929,-7.788407,2257,72.6,3.8,-1.6,,164,1.00,,,R,GPIAAF:p.23
15:11:20,38.085374,-7.786616,2237,72.2,3.8,-1.7,,164,1.00,,,R,GPIAAF:p.23
15:11:22,38.085828,-7.784829,2217,71.8,3.9,-1.9,,164,1.00,,,R,GPIAAF:p.23
15:11:24,38.086294,-7.783047,2199,71.3,4.1,-2.0,,164,1.01,,,R,GPIAAF:p.23
15:11:26,38.086771,-7.781269,2184,70.8,4.5,-2.2,,165,1.03,,,R,GPIAAF:p.23
15:11:28,38.087262,-7.779498,2172,70.3,4.9,-2.4,,165,1.05,,,R,GPIAAF:p.23
15:11:30,38.087767,-7.777734,2164,69.7,5.1,-2.6,,166,1.07,,,R,GPIAAF:p.23
15:11:32,38.088288,-7.775976,2157,69.0,5.1,-2.9,,166,1.09,,,R,GPIAAF:p.23
15:11:34,38.088825,-7.774227,2148,68.3,5.0,-3.1,,166,1.10,,,R,GPIAAF:p.23
15:11:36,38.089380,-7.772487,2138,67.5,4.8,-3.4,,166,1.10,,,R,GPIAAF:p.23
15:11:38,38.089955,-7.770758,2127,66.6,4.8,-3.7,,166,1.10,,,R,GPIAAF:p.23
15:11:40,38.090551,-7.769039,2116,65.7,4.9,-4.0,,166,1.10,,,R,GPIAAF:p.23
15:11:42,38.091170,-7.767334,2107,64.7,5.0,-4.4,,166,1.10,,,R,GPIAAF:p.23
15:11:44,38.091814,-7.765644,2098,63.6,5.1,-4.9,,166,1.09,,,R,GPIAAF:p.23
15:11:46,38.092485,-7.763971,2091,62.3,5.3,-5.4,,166,1.07,,,R,GPIAAF:p.23
15:11:48,38.093187,-7.762319,2087,61.0,5.6,-6.1,,166,1.05,,,R,GPIAAF:p.23
15:11:50,38.093921,-7.760691,2085,59.4,5.9,-6.7,,166,1.03,,,R,GPIAAF:p.23
15:11:52,38.094691,-7.759091,2085,57.7,6.0,-7.3,,166,1.01,,,R,GPIAAF:p.23
15:11:54,38.095499,-7.757523,2086,55.9,6.0,-7.8,,166,1.00,,,R,GPIAAF:p.23
15:11:56,38.096347,-7.755991,2086,54.0,6.0,-8.0,,166,1.00,,,R,GPIAAF:p.23
15:11:58,38.097235,-7.754496,2087,52.0,6.0,-8.1,,166,1.00,,,R,GPIAAF:p.23
15:12:00,38.098162,-7.753041,2086,50.1,6.0,-7.9,,166,1.00,,,R,GPIAAF:p.23
15:12:02,38.099126,-7.751625,2086,48.2,6.0,-7.5,,166,1.00,,,R,GPIAAF:p.23
15:12:04,38.100125,-7.750248,2086,46.5,6.0,-6.9,,166,1.00,,,R,GPIAAF:p.23
15:12:06,38.101155,-7.748907,2086,44.9,5.9,-6.3,,165,1.00,,,R,GPIAAF:p.23
15:12:08,38.102213,-7.747602,2086,43.4,5.9,-5.8,,165,1.00,,,R,GPIAAF:p.23
15:12:10,38.103295,-7.746330,2086,42.1,5.9,-5.5,,165,1.00,,,R,GPIAAF:p.23
15:12:12,38.104400,-7.745089,2086,40.8,5.9,-5.2,,164,1.00,,,R,GPIAAF:p.23
15:12:14,38.105525,-7.743880,2086,39.6,5.9,-5.1,,164,1.00,,,R,GPIAAF:p.23
15:12:16,38.106671,-7.742703,2086,38.3,5.9,-5.1,,164,1.00,,,R,GPIAAF:p.23
15:12:18,38.107835,-7.741557,2086,37.1,5.9,-5.2,,164,1.00,,,R,GPIAAF:p.23
15:12:20,38.109019,-7.740445,2086,35.8,5.9,-5.3,,164,1.00,,,R,GPIAAF:p.23
15:12:22,38.110222,-7.739366,2086,34.5,5.9,-5.5,,164,1.00,,,R,GPIAAF:p.23
15:12:24,38.111443,-7.738324,2086,33.2,5.9,-5.6,,164,1.00,,,R,GPIAAF:p.23
15:12:26,38.112684,-7.737319,2086,31.8,5.9,-5.8,,164,1.00,,,R,GPIAAF:p.23
15:12:28,38.113943,-7.736354,2086,30.4,5.9,-6.0,,164,1.00,,,R,GPIAAF:p.23
15:12:30,38.115222,-7.735431,2086,28.9,6.0,-6.3,,164,1.00,,,R,GPIAAF:p.23
15:12:32,38.116519,-7.734550,2086,27.4,6.0,-6.5,,164,1.00,,,R,GPIAAF:p.23
15:12:34,38.117835,-7.733716,2086,25.8,6.0,-6.8,,164,1.00,,,R,GPIAAF:p.23
15:12:36,38.119170,-7.732931,2086,24.1,6.0,-7.2,,164,1.00,,,R,GPIAAF:p.23
15:12:38,38.120523,-7.732198,2086,22.3,6.0,-7.6,,164,1.00,,,R,GPIAAF:p.23
15:12:40,38.121894,-7.731520,2086,20.4,6.1,-8.2,,164,1.00,,,R,GPIAAF:p.23
15:12:42,38.123284,-7.730905,2087,18.3,6.1,-8.8,,164,1.00,,,R,GPIAAF:p.23
15:12:44,38.124691,-7.730356,2087,16.1,6.1,-9.6,,164,1.00,,,R,GPIAAF:p.23
15:12:46,38.126114,-7.729881,2085,13.7,5.9,-10.4,,164,1.00,,,R,GPIAAF:p.23
15:12:48,38.127552,-7.729489,2081,11.0,5.6,-11.4,,164,1.00,,,R,GPIAAF:p.23
15:12:50,38.129002,-7.729187,2074,8.2,5.5,-12.3,,164,1.00,,,R,GPIAAF:p.23
15:12:52,38.130461,-7.728984,2065,5.0,5.4,-13.2,,164,1.00,,,R,GPIAAF:p.23
15:12:54,38.131925,-7.728887,2056,1.7,5.5,-13.8,,164,1.00,,,R,GPIAAF:p.23
15:12:56,38.133389,-7.728902,2048,358.3,5.6,-14.2,,164,1.00,,,R,GPIAAF:p.23
15:12:58,38.134850,-7.729030,2041,354.8,5.8,-14.2,,164,1.00,,,R,GPIAAF:p.23
15:13:00,38.136303,-7.729272,2037,351.3,6.0,-13.8,,164,1.00,,,R,GPIAAF:p.23
15:13:02,38.137743,-7.729623,2034,348.0,6.0,-13.1,,164,1.00,,,R,GPIAAF:p.23
15:13:04,38.139167,-7.730076,2030,344.9,5.7,-12.1,,164,1.00,,,R,GPIAAF:p.23
15:13:06,38.140573,-7.730621,2024,342.1,5.5,-11.0,,164,1.00,,,R,GPIAAF:p.23
15:13:08,38.141959,-7.731249,2018,339.6,5.5,-9.9,,164,1.00,,,R,GPIAAF:p.23
15:13:10,38.143324,-7.731949,2013,337.3,5.7,-8.8,,164,1.00,,,R,GPIAAF:p.23
15:13:12,38.144668,-7.732713,2011,335.3,5.9,-7.9,,164,1.00,,,R,GPIAAF:p.23
15:13:14,38.145992,-7.733534,2010,333.5,5.9,-7.1,,164,1.00,,,R,GPIAAF:p.23
15:13:16,38.147295,-7.734403,2010,331.9,6.0,-6.5,,164,1.00,,,R,GPIAAF:p.23
15:13:18,38.148579,-7.735318,2011,330.4,6.1,-6.0,,164,1.00,,,R,GPIAAF:p.23
15:13:20,38.149845,-7.736273,2013,328.9,6.3,-5.7,,164,1.00,,,R,GPIAAF:p.23
15:13:22,38.151091,-7.737266,2019,327.6,6.5,-5.4,,164,1.00,,,R,GPIAAF:p.23
15:13:24,38.152320,-7.738295,2025,326.3,6.6,-5.2,,164,1.00,,,R,GPIAAF:p.23
15:13:26,38.153531,-7.739357,2032,325.1,6.5,-5.0,,163,1.00,,,R,GPIAAF:p.23
15:13:28,38.154724,-7.740452,2037,323.9,6.4,-4.8,,163,1.00,,,R,GPIAAF:p.23
15:13:30,38.155900,-7.741578,2043,322.8,6.5,-4.7,,162,1.00,,,R,GPIAAF:p.23
15:13:32,38.157058,-7.742733,2050,321.7,6.6,-4.6,,162,1.00,,,R,GPIAAF:p.23
15:13:34,38.158199,-7.743917,2056,320.6,6.5,-4.5,,162,1.00,,,R,GPIAAF:p.23
15:13:36,38.159322,-7.745127,2060,319.5,6.2,-4.4,,162,1.00,,,R,GPIAAF:p.23
15:13:38,38.160428,-7.746365,2061,318.4,6.0,-4.3,,162,1.00,,,R,GPIAAF:p.23
15:13:40,38.161516,-7.747627,2062,317.4,6.1,-4.3,,162,1.00,,,R,GPIAAF:p.23
15:13:42,38.162586,-7.748914,2066,316.4,6.4,-4.3,,162,1.00,,,R,GPIAAF:p.23
15:13:44,38.163638,-7.750226,2073,315.4,6.8,-4.3,,161,1.00,,,R,GPIAAF:p.23
15:13:46,38.164671,-7.751561,2084,314.3,7.2,-4.3,,160,1.00,,,R,GPIAAF:p.23
15:13:48,38.165686,-7.752920,2099,313.3,7.5,-4.3,,159,1.00,,,R,GPIAAF:p.23
15:13:50,38.166681,-7.754302,2115,312.3,7.8,-4.3,,158,1.00,,,R,GPIAAF:p.23
15:13:52,38.167656,-7.755707,2133,311.2,7.8,-4.4,,158,1.00,,,R,GPIAAF:p.23
15:13:54,38.168612,-7.757134,2149,310.2,7.5,-4.5,,158,1.00,,,R,GPIAAF:p.23
15:13:56,38.169546,-7.758585,2161,309.1,7.0,-4.6,,158,1.00,,,R,GPIAAF:p.23
15:13:58,38.170458,-7.760059,2169,308.0,6.7,-4.8,,158,1.00,,,R,GPIAAF:p.23
15:14:00,38.171347,-7.761556,2175,306.8,6.6,-5.1,,158,1.00,,,R,GPIAAF:p.23
15:14:02,38.172210,-7.763078,2181,305.5,6.6,-5.5,,157,1.00,,,R,GPIAAF:p.23
15:14:04,38.173045,-7.764626,2186,304.1,6.4,-6.0,,157,1.00,,,R,GPIAAF:p.23
15:14:06,38.173848,-7.766199,2188,302.6,6.2,-6.5,,157,1.00,,,R,GPIAAF:p.23
15:14:08,38.174617,-7.767800,2189,301.0,6.0,-7.0,,156,1.00,,,R,GPIAAF:p.23
15:14:10,38.175348,-7.769429,2187,299.2,5.7,-7.4,,156,1.00,,,R,GPIAAF:p.23
15:14:12,38.176038,-7.771087,2182,297.4,5.4,-7.7,,155,1.00,,,R,GPIAAF:p.23
15:14:14,38.176686,-7.772772,2174,295.5,5.2,-7.7,,156,1.00,,,R,GPIAAF:p.23
15:14:16,38.177290,-7.774483,2166,293.7,5.4,-7.5,,156,1.00,,,R,GPIAAF:p.23
15:14:18,38.177853,-7.776218,2162,291.9,5.7,-7.1,,157,1.00,,,R,GPIAAF:p.23
15:14:20,38.178375,-7.777974,2161,290.2,6.0,-6.6,,157,1.00,,,R,GPIAAF:p.23
15:14:22,38.178858,-7.779749,2161,288.7,6.0,-6.1,,158,1.00,,,R,GPIAAF:p.23
15:14:24,38.179307,-7.781539,2160,287.3,5.8,-5.6,,158,1.00,,,R,GPIAAF:p.23
15:14:26,38.179723,-7.783342,2156,286.0,5.5,-5.1,,158,1.00,,,R,GPIAAF:p.23
15:14:28,38.180110,-7.785156,2150,284.8,5.3,-4.6,,159,1.00,,,R,GPIAAF:p.23
15:14:30,38.180469,-7.786979,2144,283.8,5.3,-4.2,,159,1.00,,,R,GPIAAF:p.23
15:14:32,38.180803,-7.788809,2137,282.8,5.2,-3.9,,160,1.00,,,R,GPIAAF:p.23
15:14:34,38.181114,-7.790646,2129,281.9,5.1,-3.6,,160,1.00,,,R,GPIAAF:p.23
15:14:36,38.181402,-7.792489,2121,281.0,5.1,-3.4,,161,1.00,,,R,GPIAAF:p.23
15:14:38,38.181671,-7.794337,2114,280.2,5.4,-3.2,,161,1.00,,,R,GPIAAF:p.23
15:14:40,38.181920,-7.796189,2111,279.5,5.7,-3.0,,162,1.00,,,R,GPIAAF:p.23
15:14:42,38.182150,-7.798045,2111,278.8,5.9,-2.8,,162,1.00,,,R,GPIAAF:p.23
15:14:44,38.182364,-7.799904,2111,278.1,5.8,-2.7,,161,1.00,,,R,GPIAAF:p.23
15:14:46,38.182562,-7.801766,2108,277.5,5.4,-2.5,,161,1.00,,,R,GPIAAF:p.23
15:14:48,38.182744,-7.803631,2100,276.9,5.0,-2.4,,160,1.00,,,R,GPIAAF:p.23
15:14:50,38.182912,-7.805498,2090,276.4,4.7,-2.2,,160,1.00,,,R,GPIAAF:p.23
15:14:52,38.183067,-7.807367,2077,275.9,4.6,-2.1,,160,1.00,,,R,GPIAAF:p.23
15:14:54,38.183209,-7.809238,2064,275.4,4.5,-2.0,,160,1.00,,,R,GPIAAF:p.23
15:14:56,38.183339,-7.811110,2051,274.9,4.5,-1.9,,161,1.00,,,R,GPIAAF:p.23
15:14:58,38.183457,-7.812983,2038,274.5,4.6,-1.8,,161,1.00,,,R,GPIAAF:p.23
15:15:00,38.183565,-7.814858,2026,274.1,4.7,-1.7,,162,1.00,,,R,GPIAAF:p.23
15:15:02,38.183663,-7.816733,2016,273.7,4.9,-1.6,,162,1.00,,,R,GPIAAF:p.23
15:15:04,38.183751,-7.818609,2007,273.3,5.0,-1.5,,162,1.00,,,R,GPIAAF:p.23
15:15:06,38.183830,-7.820485,1999,273.0,5.0,-1.4,,162,1.00,,,R,GPIAAF:p.23
15:15:08,38.183901,-7.822363,1991,272.6,4.9,-1.3,,162,1.00,,,R,GPIAAF:p.23
15:15:10,38.183964,-7.824240,1980,272.3,4.7,-1.2,,162,1.00,,,R,GPIAAF:p.23
15:15:12,38.184020,-7.826119,1967,272.1,4.3,-1.1,,162,1.00,,,R,GPIAAF:p.23
15:15:14,38.184068,-7.827997,1949,271.8,3.9,-1.1,,162,1.00,,,R,GPIAAF:p.23
15:15:16,38.184110,-7.829876,1927,271.5,3.6,-1.0,,162,1.00,,,R,GPIAAF:p.23
15:15:18,38.184146,-7.831754,1904,271.3,3.5,-0.9,,162,1.00,,,R,GPIAAF:p.23
15:15:20,38.184176,-7.833633,1880,271.1,3.5,-0.8,,162,1.00,,,R,GPIAAF:p.23
15:15:22,38.184202,-7.835513,1858,270.9,3.7,-0.8,,162,1.00,,,R,GPIAAF:p.23
15:15:24,38.184222,-7.837392,1837,270.7,3.8,-0.7,,162,1.00,,,R,GPIAAF:p.23
15:15:26,38.184238,-7.839271,1819,270.6,4.0,-0.6,,162,1.00,,,R,GPIAAF:p.23
15:15:28,38.184250,-7.841151,1802,270.4,4.2,-0.6,,162,1.00,,,R,GPIAAF:p.23
15:15:30,38.184259,-7.843030,1788,270.3,4.6,-0.5,,162,1.00,,,R,GPIAAF:p.23
15:15:32,38.184265,-7.844909,1777,270.2,4.8,-0.4,,162,1.00,,,R,GPIAAF:p.23
15:15:34,38.184268,-7.846789,1768,270.1,4.9,-0.4,,161,1.00,,,R,GPIAAF:p.23
15:15:36,38.184269,-7.848668,1758,270.0,4.9,-0.3,,161,1.00,,,R,GPIAAF:p.23
15:15:38,38.184268,-7.850548,1748,270.0,4.8,-0.1,,160,1.00,,,R,GPIAAF:p.23
15:15:40,38.184267,-7.852427,1737,269.9,4.7,0.0,,160,1.00,,,R,GPIAAF:p.23
15:15:42,38.184266,-7.854307,1727,270.0,4.9,0.2,,160,1.00,,,R,GPIAAF:p.23
15:15:44,38.184266,-7.856186,1721,270.1,5.4,0.5,,160,1.00,,,R,GPIAAF:p.23
15:15:46,38.184270,-7.858066,1720,270.2,6.1,0.7,,160,1.00,,,R,GPIAAF:p.23
15:15:48,38.184278,-7.859945,1725,270.4,6.5,0.9,,160,1.00,,,R,GPIAAF:p.23
15:15:50,38.184292,-7.861824,1731,270.6,6.5,1.1,,160,1.00,,,R,GPIAAF:p.23
15:15:52,38.184313,-7.863703,1736,270.9,6.3,1.2,,160,1.00,,,R,GPIAAF:p.23
15:15:54,38.184341,-7.865582,1737,271.2,5.9,1.2,,160,1.00,,,R,GPIAAF:p.23
15:15:56,38.184377,-7.867461,1736,271.5,5.6,1.0,,160,1.00,,,R,GPIAAF:p.23
15:15:58,38.184418,-7.869340,1731,271.7,5.3,0.8,,160,1.00,,,R,GPIAAF:p.23
15:16:00,38.184465,-7.871218,1725,271.9,5.2,0.5,,160,1.00,,,R,GPIAAF:p.23
15:16:02,38.184514,-7.873097,1717,271.9,5.0,0.1,,160,1.00,,,R,GPIAAF:p.23
15:16:04,38.184564,-7.874976,1708,271.9,4.9,-0.2,,160,1.00,,,R,GPIAAF:p.23
15:16:06,38.184612,-7.876854,1696,271.8,4.6,-0.6,,160,1.00,,,R,GPIAAF:p.23
15:16:08,38.184655,-7.878733,1682,271.6,4.4,-1.0,,160,1.00,,,R,GPIAAF:p.23
15:16:10,38.184692,-7.880612,1669,271.3,4.5,-1.4,,160,1.00,,,R,GPIAAF:p.23
15:16:12,38.184720,-7.882491,1658,270.9,4.9,-1.8,,160,1.00,,,R,GPIAAF:p.23
15:16:14,38.184737,-7.884369,1651,270.5,5.3,-2.2,,160,1.00,,,R,GPIAAF:p.23
15:16:16,38.184739,-7.886247,1648,269.9,5.8,-2.6,,160,1.00,,,R,GPIAAF:p.23
15:16:18,38.184725,-7.888124,1649,269.2,6.0,-3.1,,160,1.00,,,R,GPIAAF:p.23
15:16:20,38.184692,-7.890000,1647,268.4,5.4,-3.6,,160,1.00,,,R,GPIAAF:p.23
15:16:22,38.184635,-7.891876,1636,267.4,4.4,-4.2,,160,1.00,,,R,GPIAAF:p.23
15:16:24,38.184553,-7.893752,1617,266.4,3.7,-4.9,,160,1.00,,,R,GPIAAF:p.23
15:16:26,38.184439,-7.895626,1593,265.1,3.4,-5.8,,161,1.00,,,R,GPIAAF:p.23
15:16:28,38.184288,-7.897499,1570,263.5,3.8,-6.9,,161,1.00,,,R,GPIAAF:p.23
15:16:30,38.184094,-7.899369,1552,261.7,4.5,-8.4,,162,1.00,,,R,GPIAAF:p.23
15:16:32,38.183846,-7.901232,1540,259.5,5.1,-10.1,,162,1.00,,,R,GPIAAF:p.23
15:16:34,38.183535,-7.903080,1532,256.8,5.5,-12.1,,162,1.00,,,R,GPIAAF:p.23
15:16:36,38.183148,-7.904905,1525,253.6,5.8,-14.3,,162,1.00,,,R,GPIAAF:p.23
15:16:38,38.182675,-7.906692,1520,249.8,6.1,-16.7,,162,1.00,,,R,GPIAAF:p.23
15:16:40,38.182102,-7.908423,1517,245.4,6.5,-19.0,,162,1.00,,,R,GPIAAF:p.23
15:16:42,38.181421,-7.910080,1514,240.3,6.8,-21.1,,162,1.00,,,R,GPIAAF:p.23
15:16:44,38.180625,-7.911639,1510,234.7,6.8,-22.6,,161,1.00,,,R,GPIAAF:p.23
15:16:46,38.179712,-7.913083,1502,228.8,6.4,-23.5,,161,1.00,,,R,GPIAAF:p.23
15:16:48,38.178687,-7.914393,1490,222.7,6.0,-23.5,,160,1.00,,,R,GPIAAF:p.23
15:16:50,38.177558,-7.915561,1476,216.8,5.8,-22.6,,160,1.00,,,R,GPIAAF:p.23
15:16:52,38.176339,-7.916582,1462,211.2,5.8,-20.9,,160,1.00,,,R,GPIAAF:p.23
15:16:54,38.175046,-7.917462,1451,206.2,5.7,-18.7,,160,1.00,,,R,GPIAAF:p.23
15:16:56,38.173697,-7.918211,1441,201.9,5.6,-16.2,,161,1.00,,,R,GPIAAF:p.23
15:16:58,38.172306,-7.918843,1431,198.3,5.3,-13.6,,161,1.00,,,R,GPIAAF:p.23
15:17:00,38.170887,-7.919374,1420,195.3,5.0,-11.2,,162,1.00,,,R,GPIAAF:p.23
15:17:02,38.169451,-7.919821,1407,192.8,4.8,-9.1,,161,1.00,,,R,GPIAAF:p.23
15:17:04,38.168005,-7.920199,1395,190.9,4.8,-7.3,,161,1.00,,,R,GPIAAF:p.23
15:17:06,38.166553,-7.920522,1383,189.3,4.7,-5.8,,161,1.00,,,R,GPIAAF:p.23
15:17:08,38.165098,-7.920800,1371,188.1,4.7,-4.6,,160,1.00,,,R,GPIAAF:p.23
15:17:10,38.163642,-7.921043,1360,187.1,4.7,-3.6,,160,1.00,,,R,GPIAAF:p.23
15:17:12,38.162184,-7.921259,1349,186.3,4.9,-2.7,,159,1.00,,,R,GPIAAF:p.23
15:17:14,38.160725,-7.921454,1341,185.8,5.2,-1.8,,159,1.00,,,R,GPIAAF:p.23
15:17:16,38.159265,-7.921637,1335,185.5,5.3,-0.9,,158,1.00,,,R,GPIAAF:p.23
15:17:18,38.157804,-7.921814,1330,185.4,5.3,0.0,,158,1.00,,,R,GPIAAF:p.23
15:17:20,38.156343,-7.921992,1323,185.5,5.0,1.0,,158,1.00,,,R,GPIAAF:p.23
15:17:22,38.154882,-7.922178,1312,185.8,4.6,1.8,,158,1.00,,,R,GPIAAF:p.23
15:17:24,38.153422,-7.922379,1296,186.3,4.1,2.3,,158,1.00,,,R,GPIAAF:p.23
15:17:26,38.151964,-7.922598,1277,186.9,3.8,2.6,,158,1.00,,,R,GPIAAF:p.23
15:17:28,38.150507,-7.922837,1257,187.5,3.7,2.4,,158,1.00,,,R,GPIAAF:p.23
15:17:30,38.149053,-7.923095,1235,188.1,3.6,1.8,,158,1.00,,,R,GPIAAF:p.23
15:17:32,38.147599,-7.923366,1213,188.4,3.6,0.9,,158,1.00,,,R,GPIAAF:p.23
15:17:34,38.146146,-7.923642,1190,188.5,3.4,-0.2,,158,1.00,,,R,GPIAAF:p.23
15:17:36,38.144693,-7.923915,1166,188.3,3.2,-1.2,,158,1.00,,,R,GPIAAF:p.23
15:17:38,38.143239,-7.924179,1141,187.9,3.3,-1.9,,158,1.00,,,R,GPIAAF:p.23
15:17:40,38.141783,-7.924427,1119,187.4,3.8,-2.4,,158,1.00,,,R,GPIAAF:p.23
15:17:42,38.140325,-7.924655,1102,186.8,4.3,-2.5,,158,1.00,,,R,GPIAAF:p.23
15:17:44,38.138866,-7.924865,1090,186.2,4.7,-2.4,,158,1.00,,,R,GPIAAF:p.23
15:17:46,38.137405,-7.925055,1080,185.6,4.8,-2.1,,158,1.00,,,R,GPIAAF:p.23
15:17:48,38.135943,-7.925230,1069,185.2,4.7,-1.7,,158,1.00,,,R,GPIAAF:p.23
15:17:50,38.134479,-7.925392,1056,184.8,4.4,-1.2,,158,1.00,,,R,GPIAAF:p.23
15:17:52,38.133015,-7.925545,1040,184.6,4.1,-0.7,,158,1.00,,,R,GPIAAF:p.23
15:17:54,38.131551,-7.925693,1022,184.5,4.0,-0.3,,158,1.00,,,R,GPIAAF:p.23
15:17:56,38.130086,-7.925838,1004,184.4,4.0,0.1,,158,1.00,,,R,GPIAAF:p.23
15:17:58,38.128621,-7.925985,988,184.5,4.2,0.5,,158,1.00,,,R,GPIAAF:p.23
15:18:00,38.127157,-7.926136,972,184.7,4.3,0.7,,158,1.00,,,R,GPIAAF:p.23
15:18:02,38.125693,-7.926292,957,184.9,4.4,0.9,,158,1.00,,,R,GPIAAF:p.23
15:18:04,38.124230,-7.926457,945,185.1,4.6,1.0,,158,1.00,,,R,GPIAAF:p.23
15:18:06,38.122768,-7.926628,934,185.3,4.8,1.0,,159,1.00,,,R,GPIAAF:p.23
15:18:08,38.121306,-7.926808,924,185.6,4.8,0.8,,159,1.00,,,R,GPIAAF:p.23
15:18:10,38.119844,-7.926993,913,185.7,4.8,0.6,,160,1.00,,,R,GPIAAF:p.23
15:18:12,38.118384,-7.927183,903,185.9,4.7,0.4,,160,1.00,,,R,GPIAAF:p.23
15:18:14,38.116924,-7.927377,891,185.9,4.6,0.2,,160,1.00,,,R,GPIAAF:p.23
15:18:16,38.115464,-7.927571,877,186.0,4.4,0.1,,160,1.00,,,R,GPIAAF:p.23
15:18:18,38.114004,-7.927767,862,186.0,4.2,-0.0,,160,1.00,,,R,GPIAAF:p.23
15:18:20,38.112543,-7.927962,846,186.0,4.2,-0.1,,160,1.00,,,R,GPIAAF:p.23
15:18:22,38.111081,-7.928157,831,185.9,4.4,-0.1,,160,1.00,,,R,GPIAAF:p.23
15:18:24,38.109618,-7.928351,817,185.9,4.5,-0.1,,160,1.00,,,R,GPIAAF:p.23
15:18:26,38.108153,-7.928545,805,185.9,4.6,-0.1,,160,1.00,,,R,GPIAAF:p.23
15:18:28,38.106686,-7.928738,794,185.9,4.8,-0.0,,160,1.00,,,R,GPIAAF:p.23
15:18:30,38.105220,-7.928932,785,185.9,4.9,-0.0,,160,1.00,,,R,GPIAAF:p.23
15:18:32,38.103756,-7.929124,775,185.9,4.8,-0.0,,159,1.00,,,R,GPIAAF:p.23
15:18:34,38.102297,-7.929316,763,185.9,4.5,0.0,,159,1.00,,,R,GPIAAF:p.23
15:18:36,38.100847,-7.929507,747,185.9,4.1,0.0,,158,1.00,,,R,GPIAAF:p.23
15:18:38,38.099410,-7.929696,729,185.9,3.9,0.1,,158,1.00,,,R,GPIAAF:p.23
15:18:40,38.097989,-7.929884,710,185.9,3.9,0.1,,158,1.00,,,R,GPIAAF:p.23
15:18:42,38.096584,-7.930071,694,185.9,4.4,0.1,,158,1.00,,,R,GPIAAF:p.23
15:18:44,38.095196,-7.930257,684,186.0,5.1,0.2,,158,1.00,,,R,GPIAAF:p.23
15:18:46,38.093819,-7.930442,682,186.0,6.0,0.1,,158,1.00,,,R,GPIAAF:p.23
15:18:48,38.092452,-7.930627,688,186.0,6.9,0.0,,158,1.00,,,R,GPIAAF:p.23
15:18:50,38.091090,-7.930811,702,186.0,7.7,-0.1,,158,1.00,,,R,GPIAAF:p.23
15:18:52,38.089730,-7.930994,723,186.0,8.3,-0.4,,158,1.00,,,R,GPIAAF:p.23
15:18:54,38.088370,-7.931174,749,185.8,8.8,-0.6,,158,1.00,,,R,GPIAAF:p.23
15:18:56,38.087007,-7.931349,778,185.7,9.0,-0.9,,159,1.00,,,R,GPIAAF:p.23
15:18:58,38.085643,-7.931517,807,185.4,9.0,-0.9,,159,1.00,,,R,GPIAAF:p.23
15:19:00,38.084277,-7.931679,836,185.2,8.8,-0.7,,160,1.00,,,R,GPIAAF:p.23
15:19:02,38.082910,-7.931836,862,185.1,8.5,-0.1,,161,1.00,,,R,GPIAAF:p.23
15:19:04,38.081544,-7.931993,885,185.2,8.2,1.1,,162,1.00,,,R,GPIAAF:p.23
15:19:06,38.080180,-7.932160,906,185.7,7.9,2.7,,162,1.00,,,R,GPIAAF:p.23
15:19:08,38.078819,-7.932350,924,186.6,7.8,4.6,,163,1.00,,,R,GPIAAF:p.23
15:19:10,38.077464,-7.932578,942,188.1,7.9,6.4,,164,1.00,,,R,GPIAAF:p.23
15:19:12,38.076113,-7.932858,963,189.9,8.1,7.6,,165,1.00,,,R,GPIAAF:p.23
15:19:14,38.074766,-7.933197,984,191.9,8.3,7.5,,165,1.00,,,R,GPIAAF:p.23
15:19:16,38.073421,-7.933595,1007,193.6,8.2,5.6,,165,1.00,,,R,GPIAAF:p.23
15:19:18,38.072074,-7.934034,1029,194.6,8.0,2.0,,166,1.00,,,R,GPIAAF:p.23
15:19:20,38.070724,-7.934486,1049,194.5,7.9,-3.2,,166,1.00,,,R,GPIAAF:p.23
15:19:22,38.069368,-7.934906,1068,192.9,7.9,-9.6,,166,1.00,,,R,GPIAAF:p.23
15:19:24,38.068011,-7.935241,1084,189.5,8.1,-16.2,,165,1.00,,,R,GPIAAF:p.23
15:19:26,38.066659,-7.935436,1099,184.3,8.6,-22.1,,165,1.00,,,R,GPIAAF:p.23
15:19:28,38.065323,-7.935441,1112,177.4,9.1,-26.7,,164,1.00,,,R,GPIAAF:p.23
15:19:30,38.064019,-7.935216,1123,169.2,9.4,-29.4,,164,1.00,,,R,GPIAAF:p.23
15:19:32,38.062764,-7.934745,1133,160.3,9.5,-29.9,,162,1.00,,,R,GPIAAF:p.23
15:19:34,38.061573,-7.934029,1144,151.7,9.4,-28.4,,161,1.00,,,R,GPIAAF:p.23
15:19:36,38.060456,-7.933090,1156,144.0,9.0,-25.5,,160,1.00,,,R,GPIAAF:p.23
15:19:38,38.059417,-7.931965,1168,137.5,8.4,-21.6,,158,1.00,,,R,GPIAAF:p.23
15:19:40,38.058456,-7.930694,1178,132.2,7.8,-17.6,,157,1.01,,,R,GPIAAF:p.23
15:19:42,38.057568,-7.929318,1187,128.1,7.4,-14.0,,157,1.03,,,R,GPIAAF:p.23
15:19:44,38.056744,-7.927870,1197,125.0,7.3,-11.0,,157,1.05,,,R,GPIAAF:p.23
15:19:46,38.055976,-7.926377,1210,122.5,7.6,-8.7,,156,1.07,,,R,GPIAAF:p.23
15:19:48,38.055257,-7.924855,1225,120.4,7.9,-7.3,,156,1.09,,,R,GPIAAF:p.23
15:19:50,38.054580,-7.923312,1243,118.7,8.0,-6.4,,155,1.10,,,R,GPIAAF:p.23
15:19:52,38.053941,-7.921754,1261,117.1,7.8,-6.0,,155,1.10,,,R,GPIAAF:p.23
15:19:54,38.053337,-7.920180,1275,115.6,7.4,-5.9,,155,1.10,,,R,GPIAAF:p.23
15:19:56,38.052767,-7.918589,1286,114.1,7.1,-6.0,,155,1.10,,,R,GPIAAF:p.23
15:19:58,38.052231,-7.916980,1295,112.5,6.9,-6.3,,155,1.10,,,R,GPIAAF:p.23
15:20:00,38.051731,-7.915350,1302,110.8,6.7,-6.6,,155,1.09,,,R,GPIAAF:p.23
15:20:02,38.051270,-7.913700,1307,109.0,6.6,-7.1,,155,1.07,,,R,GPIAAF:p.23
15:20:04,38.050849,-7.912031,1311,107.2,6.4,-7.6,,155,1.05,,,R,GPIAAF:p.23
15:20:06,38.050473,-7.910342,1315,105.1,6.5,-8.2,,155,1.03,,,R,GPIAAF:p.23
15:20:08,38.050147,-7.908636,1320,102.9,6.7,-8.8,,155,1.01,,,R,GPIAAF:p.23
15:20:10,38.049874,-7.906915,1326,100.6,6.8,-9.3,,155,1.00,,,R,GPIAAF:p.23
15:20:12,38.049659,-7.905182,1331,98.1,6.7,-9.8,,155,1.00,,,R,GPIAAF:p.23
15:20:14,38.049504,-7.903439,1337,95.5,6.7,-10.0,,155,1.00,,,R,GPIAAF:p.23
15:20:16,38.049411,-7.901689,1342,93.0,6.7,-9.9,,155,1.00,,,R,GPIAAF:p.23
15:20:18,38.049378,-7.899936,1347,90.4,6.7,-9.5,,155,1.00,,,R,GPIAAF:p.23
15:20:20,38.049404,-7.898182,1352,88.0,6.7,-8.9,,155,1.00,,,R,GPIAAF:p.23
15:20:22,38.049485,-7.896429,1357,85.8,6.5,-8.1,,155,1.00,,,R,GPIAAF:p.23
15:20:24,38.049615,-7.894681,1360,83.9,6.4,-7.2,,155,1.00,,,R,GPIAAF:p.23
15:20:26,38.049789,-7.892938,1363,82.1,6.3,-6.4,,155,1.00,,,R,GPIAAF:p.23
15:20:28,38.050001,-7.891202,1366,80.5,6.4,-5.7,,155,1.00,,,R,GPIAAF:p.23
15:20:30,38.050248,-7.889473,1369,79.1,6.2,-5.1,,155,1.00,,,R,GPIAAF:p.23
15:20:32,38.050526,-7.887752,1370,77.9,5.9,-4.7,,155,1.00,,,R,GPIAAF:p.23
15:20:34,38.050831,-7.886039,1368,76.7,5.7,-4.3,,154,1.00,,,R,GPIAAF:p.23
15:20:36,38.051162,-7.884335,1365,75.6,5.6,-4.1,,154,1.00,,,R,GPIAAF:p.23
15:20:38,38.051518,-7.882638,1362,74.6,5.6,-3.9,,153,1.00,,,R,GPIAAF:p.23
15:20:40,38.051896,-7.880951,1359,73.6,5.7,-3.8,,153,1.00,,,R,GPIAAF:p.23
15:20:42,38.052297,-7.879272,1358,72.7,5.9,-3.7,,154,1.00,,,R,GPIAAF:p.23
15:20:44,38.052719,-7.877601,1359,71.7,6.3,-3.6,,154,1.00,,,R,GPIAAF:p.23
15:20:46,38.053162,-7.875939,1365,70.8,6.8,-3.5,,155,1.00,,,R,GPIAAF:p.23
15:20:48,38.053626,-7.874287,1376,69.9,7.3,-3.5,,155,1.00,,,R,GPIAAF:p.23
15:20:50,38.054109,-7.872644,1390,69.0,7.4,-3.5,,155,1.00,,,R,GPIAAF:p.23
15:20:52,38.054613,-7.871010,1402,68.1,7.1,-3.4,,155,1.00,,,R,GPIAAF:p.23
15:20:54,38.055136,-7.869387,1410,67.3,6.5,-3.4,,155,1.00,,,R,GPIAAF:p.23
15:20:56,38.055679,-7.867774,1413,66.4,6.1,-3.4,,155,1.00,,,R,GPIAAF:p.23
15:20:58,38.056242,-7.866172,1413,65.5,5.9,-3.5,,155,1.00,,,R,GPIAAF:p.23
15:21:00,38.056823,-7.864582,1412,64.6,5.8,-3.5,,155,1.00,,,R,GPIAAF:p.23
15:21:02,38.057424,-7.863004,1411,63.7,5.9,-3.6,,155,1.00,,,R,GPIAAF:p.23
15:21:04,38.058045,-7.861438,1411,62.8,5.9,-3.6,,155,1.00,,,R,GPIAAF:p.23
15:21:06,38.058686,-7.859885,1411,61.8,6.0,-3.8,,155,1.00,,,R,GPIAAF:p.23
15:21:08,38.059348,-7.858346,1411,60.8,6.0,-3.9,,155,1.00,,,R,GPIAAF:p.23
15:21:10,38.060031,-7.856822,1411,59.8,6.0,-4.1,,155,1.00,,,R,GPIAAF:p.23
15:21:12,38.060736,-7.855315,1411,58.7,6.0,-4.4,,155,1.00,,,R,GPIAAF:p.23
15:21:14,38.061464,-7.853826,1411,57.5,6.0,-4.7,,154,1.00,,,R,GPIAAF:p.23
15:21:16,38.062217,-7.852358,1411,56.2,6.1,-5.1,,154,1.00,,,R,GPIAAF:p.23
15:21:18,38.062997,-7.850912,1412,54.9,6.1,-5.5,,153,1.00,,,R,GPIAAF:p.23
15:21:20,38.063805,-7.849493,1413,53.4,6.1,-5.9,,153,1.00,,,R,GPIAAF:p.23
15:21:22,38.064642,-7.848102,1412,51.8,5.9,-6.3,,154,1.00,,,R,GPIAAF:p.23
15:21:24,38.065510,-7.846742,1409,50.1,5.6,-6.6,,154,1.00,,,R,GPIAAF:p.23
15:21:26,38.066409,-7.845417,1403,48.4,5.3,-6.8,,155,1.00,,,R,GPIAAF:p.23
15:21:28,38.067339,-7.844127,1395,46.6,5.2,-6.8,,155,1.00,,,R,GPIAAF:p.23
15:21:30,38.068300,-7.842875,1389,44.9,5.4,-6.6,,155,1.00,,,R,GPIAAF:p.23
15:21:32,38.069289,-7.841659,1384,43.2,5.6,-6.4,,155,1.00,,,R,GPIAAF:p.23
15:21:34,38.070306,-7.840479,1380,41.6,5.4,-6.1,,155,1.00,,,R,GPIAAF:p.23
15:21:36,38.071347,-7.839335,1373,40.1,5.2,-5.7,,155,1.00,,,R,GPIAAF:p.23
15:21:38,38.072411,-7.838225,1366,38.7,5.2,-5.4,,155,1.00,,,R,GPIAAF:p.23
15:21:40,38.073496,-7.837148,1360,37.3,5.4,-5.1,,155,1.00,,,R,GPIAAF:p.23
15:21:42,38.074599,-7.836103,1356,36.0,5.7,-4.9,,154,1.00,,,R,GPIAAF:p.23
15:21:44,38.075720,-7.835090,1355,34.8,6.0,-4.7,,153,1.00,,,R,GPIAAF:p.23
15:21:46,38.076858,-7.834107,1356,33.6,6.2,-4.6,,152,1.00,,,R,GPIAAF:p.23
15:21:48,38.078011,-7.833155,1359,32.4,6.2,-4.5,,151,1.00,,,R,GPIAAF:p.23
15:21:50,38.079179,-7.832233,1360,31.2,6.1,-4.5,,151,1.00,,,R,GPIAAF:p.23
15:21:52,38.080362,-7.831342,1361,30.1,6.0,-4.5,,151,1.00,,,R,GPIAAF:p.23
15:21:54,38.081558,-7.830481,1361,28.9,6.0,-4.5,,151,1.00,,,R,GPIAAF:p.23
15:21:56,38.082767,-7.829651,1361,27.8,6.2,-4.5,,151,1.00,,,R,GPIAAF:p.23
15:21:58,38.083989,-7.828852,1364,26.6,6.5,-4.5,,151,1.00,,,R,GPIAAF:p.23
15:22:00,38.085223,-7.828085,1370,25.5,6.7,-4.5,,151,1.00,,,R,GPIAAF:p.23
15:22:02,38.086470,-7.827350,1377,24.3,6.7,-4.6,,152,1.00,,,R,GPIAAF:p.23
15:22:04,38.087727,-7.826648,1382,23.1,6.5,-4.6,,152,1.00,,,R,GPIAAF:p.23
15:22:06,38.088996,-7.825980,1387,21.9,6.4,-4.7,,153,1.00,,,R,GPIAAF:p.23
15:22:08,38.090276,-7.825347,1391,20.7,6.5,-4.8,,153,1.00,,,R,GPIAAF:p.23
15:22:10,38.091567,-7.824749,1396,19.4,6.6,-4.9,,153,1.00,,,R,GPIAAF:p.23
15:22:12,38.092867,-7.824188,1403,18.2,6.8,-5.1,,153,1.00,,,R,GPIAAF:p.23
15:22:14,38.094177,-7.823665,1410,16.8,6.8,-5.2,,153,1.00,,,R,GPIAAF:p.23
15:22:16,38.095497,-7.823181,1417,15.5,6.8,-5.4,,153,1.00,,,R,GPIAAF:p.23
15:22:18,38.096826,-7.822739,1424,14.0,6.6,-5.7,,153,1.00,,,R,GPIAAF:p.23
15:22:20,38.098163,-7.822342,1427,12.5,6.2,-6.0,,153,1.00,,,R,GPIAAF:p.23
15:22:22,38.099508,-7.821991,1424,10.9,5.6,-6.4,,152,1.00,,,R,GPIAAF:p.23
15:22:24,38.100861,-7.821691,1419,9.2,5.4,-6.8,,152,1.00,,,R,GPIAAF:p.23
15:22:26,38.102220,-7.821444,1414,7.4,5.6,-7.3,,152,1.00,,,R,GPIAAF:p.23
15:22:28,38.103584,-7.821255,1411,5.5,5.9,-7.7,,151,1.00,,,R,GPIAAF:p.23
15:22:30,38.104952,-7.821127,1410,3.4,6.1,-8.0,,151,1.00,,,R,GPIAAF:p.23
15:22:32,38.106322,-7.821062,1411,1.3,6.2,-8.2,,151,1.00,,,R,GPIAAF:p.23
15:22:34,38.107694,-7.821063,1411,359.2,6.1,-8.2,,151,1.00,,,R,GPIAAF:p.23
15:22:36,38.109064,-7.821128,1411,357.1,6.0,-8.1,,151,1.00,,,R,GPIAAF:p.23
15:22:38,38.110432,-7.821257,1410,355.0,6.0,-7.8,,151,1.00,,,R,GPIAAF:p.23
15:22:40,38.111795,-7.821447,1409,353.1,6.1,-7.3,,151,1.00,,,R,GPIAAF:p.23
15:22:42,38.113154,-7.821694,1411,351.3,6.4,-6.8,,152,1.00,,,R,GPIAAF:p.23
15:22:44,38.114507,-7.821993,1417,349.6,7.0,-6.3,,152,1.00,,,R,GPIAAF:p.23
15:22:46,38.115853,-7.822341,1430,348.0,7.5,-5.8,,153,1.00,,,R,GPIAAF:p.23
15:22:48,38.117191,-7.822733,1446,346.6,7.9,-5.3,,153,1.00,,,R,GPIAAF:p.23
15:22:50,38.118522,-7.823166,1464,345.3,8.0,-5.0,,153,1.00,,,R,GPIAAF:p.23
15:22:52,38.119844,-7.823636,1481,344.0,7.8,-4.7,,153,1.00,,,R,GPIAAF:p.23
15:22:54,38.121159,-7.824142,1496,342.8,7.4,-4.5,,153,1.00,,,R,GPIAAF:p.23
15:22:56,38.122465,-7.824681,1507,341.7,7.1,-4.3,,153,1.00,,,R,GPIAAF:p.23
15:22:58,38.123763,-7.825251,1517,340.6,7.0,-4.1,,153,1.00,,,R,GPIAAF:p.23
15:23:00,38.125052,-7.825853,1528,339.6,7.1,-4.0,,154,1.00,,,R,GPIAAF:p.23
15:23:02,38.126333,-7.826484,1539,338.6,7.2,-3.9,,155,1.00,,,R,GPIAAF:p.23
15:23:04,38.127604,-7.827144,1550,337.6,7.0,-3.9,,156,1.00,,,R,GPIAAF:p.23
15:23:06,38.128867,-7.827832,1558,336.6,6.6,-3.8,,157,1.00,,,R,GPIAAF:p.23
15:23:08,38.130120,-7.828548,1562,335.6,6.2,-3.8,,157,1.00,,,R,GPIAAF:p.23
15:23:10,38.131363,-7.829291,1563,334.6,5.9,-3.8,,157,1.00,,,R,GPIAAF:p.23
15:23:12,38.132597,-7.830061,1562,333.6,5.8,-3.8,,157,1.00,,,R,GPIAAF:p.23
15:23:14,38.133820,-7.830858,1561,332.6,5.9,-3.8,,156,1.00,,,R,GPIAAF:p.23
15:23:16,38.135032,-7.831682,1561,331.7,5.9,-3.9,,156,1.00,,,R,GPIAAF:p.23
15:23:18,38.136232,-7.832532,1561,330.7,6.0,-3.9,,155,1.00,,,R,GPIAAF:p.23
15:23:20,38.137421,-7.833410,1562,329.6,6.0,-4.0,,155,1.00,,,R,GPIAAF:p.23
15:23:22,38.138597,-7.834314,1562,328.6,6.0,-4.1,,155,1.00,,,R,GPIAAF:p.23
15:23:24,38.139760,-7.835246,1563,327.6,5.9,-4.1,,155,1.00,,,R,GPIAAF:p.23
15:23:26,38.140910,-7.836205,1561,326.5,5.7,-4.3,,155,1.00,,,R,GPIAAF:p.23
15:23:28,38.142044,-7.837193,1557,325.4,5.4,-4.4,,155,1.00,,,R,GPIAAF:p.23
15:23:30,38.143164,-7.838209,1551,324.2,5.2,-4.6,,156,1.00,,,R,GPIAAF:p.23
15:23:32,38.144266,-7.839256,1543,323.0,5.2,-4.9,,156,1.00,,,R,GPIAAF:p.23
15:23:34,38.145351,-7.840333,1538,321.7,5.5,-5.2,,157,1.00,,,R,GPIAAF:p.23
15:23:36,38.146415,-7.841443,1535,320.3,5.8,-5.6,,157,1.00,,,R,GPIAAF:p.23
15:23:38,38.147458,-7.842587,1534,318.8,6.0,-6.1,,157,1.00,,,R,GPIAAF:p.23
15:23:40,38.148475,-7.843767,1535,317.2,6.1,-6.7,,157,1.00,,,R,GPIAAF:p.23
15:23:42,38.149463,-7.844986,1536,315.4,6.2,-7.3,,157,1.00,,,R,GPIAAF:p.23
15:23:44,38.150419,-7.846246,1537,313.4,6.2,-7.9,,156,1.00,,,R,GPIAAF:p.23
15:23:46,38.151338,-7.847548,1538,311.3,6.1,-8.4,,156,1.00,,,R,GPIAAF:p.23
15:23:48,38.152218,-7.848894,1536,309.1,5.9,-8.7,,155,1.00,,,R,GPIAAF:p.23
15:23:50,38.153055,-7.850282,1533,306.8,5.6,-8.8,,155,1.00,,,R,GPIAAF:p.23
15:23:52,38.153849,-7.851712,1527,304.6,5.4,-8.6,,155,1.00,,,R,GPIAAF:p.23
15:23:54,38.154599,-7.853180,1519,302.4,5.3,-8.2,,155,1.00,,,R,GPIAAF:p.23
15:23:56,38.155307,-7.854684,1513,300.3,5.4,-7.7,,155,1.00,,,R,GPIAAF:p.23
15:23:58,38.155974,-7.856218,1507,298.4,5.5,-7.0,,155,1.00,,,R,GPIAAF:p.23
15:24:00,38.156604,-7.857779,1504,296.7,5.7,-6.3,,156,1.00,,,R,GPIAAF:p.23
15:24:02,38.157200,-7.859362,1502,295.1,5.8,-5.7,,156,1.00,,,R,GPIAAF:p.23
15:24:04,38.157763,-7.860964,1500,293.7,5.7,-5.2,,157,1.00,,,R,GPIAAF:p.23
15:24:06,38.158298,-7.862583,1495,292.4,5.2,-4.8,,157,1.00,,,R,GPIAAF:p.23
15:24:08,38.158805,-7.864215,1484,291.2,4.7,-4.5,,158,1.00,,,R,GPIAAF:p.23
15:24:10,38.159287,-7.865860,1470,290.1,4.3,-4.3,,158,1.00,,,R,GPIAAF:p.23
15:24:12,38.159743,-7.867516,1454,289.0,4.3,-4.1,,158,1.00,,,R,GPIAAF:p.23
15:24:14,38.160176,-7.869183,1440,288.0,4.5,-4.1,,158,1.00,,,R,GPIAAF:p.23
15:24:16,38.160584,-7.870859,1427,286.9,4.6,-4.0,,158,1.00,,,R,GPIAAF:p.23
15:24:18,38.160969,-7.872545,1413,285.9,4.4,-4.0,,158,1.00,,,R,GPIAAF:p.23
15:24:20,38.161331,-7.874239,1396,284.9,4.1,-4.0,,158,1.00,,,R,GPIAAF:p.23
15:24:22,38.161668,-7.875942,1378,283.8,4.0,-4.1,,158,1.00,,,R,GPIAAF:p.23
15:24:24,38.161981,-7.877651,1360,282.8,4.2,-4.1,,159,1.00,,,R,GPIAAF:p.23
15:24:26,38.162269,-7.879368,1344,281.7,4.3,-4.2,,159,1.00,,,R,GPIAAF:p.23
15:24:28,38.162531,-7.881090,1330,280.6,4.5,-4.3,,160,1.00,,,R,GPIAAF:p.23
15:24:30,38.162768,-7.882818,1317,279.5,4.6,-4.4,,160,1.00,,,R,GPIAAF:p.23
15:24:32,38.162977,-7.884551,1305,278.4,4.8,-4.5,,160,1.00,,,R,GPIAAF:p.23
15:24:34,38.163159,-7.886288,1295,277.2,4.9,-4.6,,160,1.00,,,R,GPIAAF:p.23
15:24:36,38.163314,-7.888030,1285,276.0,4.9,-4.7,,160,1.00,,,R,GPIAAF:p.23
15:24:38,38.163439,-7.889777,1275,274.8,5.0,-5.0,,160,1.00,,,R,GPIAAF:p.23
15:24:40,38.163533,-7.891529,1267,273.4,5.2,-5.4,,159,1.00,,,R,GPIAAF:p.23
15:24:42,38.163594,-7.893288,1261,272.0,5.4,-6.1,,159,1.00,,,R,GPIAAF:p.23
15:24:44,38.163616,-7.895052,1256,270.3,5.4,-7.1,,158,1.00,,,R,GPIAAF:p.23
15:24:46,38.163593,-7.896819,1249,268.3,5.3,-8.6,,158,1.00,,,R,GPIAAF:p.23
15:24:48,38.163515,-7.898586,1239,265.8,5.0,-10.5,,157,1.00,,,R,GPIAAF:p.23
15:24:50,38.163370,-7.900346,1226,262.8,4.8,-12.8,,157,1.00,,,R,GPIAAF:p.23
15:24:52,38.163144,-7.902087,1211,259.1,4.9,-15.4,,156,1.00,,,R,GPIAAF:p.23
15:24:54,38.162822,-7.903794,1196,254.7,5.2,-18.0,,156,1.00,,,R,GPIAAF:p.23
15:24:56,38.162390,-7.905450,1181,249.6,5.6,-20.4,,156,1.00,,,R,GPIAAF:p.23
15:24:58,38.161838,-7.907034,1169,243.7,6.1,-22.1,,155,1.00,,,R,GPIAAF:p.23
15:25:00,38.161159,-7.908528,1159,237.5,6.3,-23.0,,155,1.00,,,R,GPIAAF:p.23
15:25:02,38.160356,-7.909916,1149,231.2,6.3,-22.8,,154,1.00,,,R,GPIAAF:p.23
15:25:04,38.159438,-7.911188,1138,225.0,5.9,-21.6,,154,1.00,,,R,GPIAAF:p.23
15:25:06,38.158418,-7.912341,1124,219.4,5.4,-19.7,,153,1.00,,,R,GPIAAF:p.23
15:25:08,38.157313,-7.913378,1108,214.5,5.0,-17.3,,153,1.00,,,R,GPIAAF:p.23
15:25:10,38.156143,-7.914305,1092,210.3,4.7,-14.7,,153,1.00,,,R,GPIAAF:p.23
15:25:12,38.154923,-7.915135,1075,206.8,4.6,-12.2,,153,1.00,,,R,GPIAAF:p.23
15:25:14,38.153668,-7.915880,1059,203.9,4.4,-10.0,,153,1.00,,,R,GPIAAF:p.23
15:25:16,38.152391,-7.916554,1043,201.6,4.3,-8.1,,153,1.00,,,R,GPIAAF:p.23
15:25:18,38.151098,-7.917169,1028,199.7,4.3,-6.4,,153,1.00,,,R,GPIAAF:p.23
15:25:20,38.149794,-7.917735,1013,198.2,4.4,-5.1,,153,1.00,,,R,GPIAAF:p.23
15:25:22,38.148484,-7.918263,1000,197.1,4.6,-4.0,,153,1.00,,,R,GPIAAF:p.23
15:25:24,38.147169,-7.918762,989,196.2,4.8,-3.0,,153,1.00,,,R,GPIAAF:p.23
15:25:26,38.145850,-7.919238,978,195.5,4.8,-2.1,,153,1.00,,,R,GPIAAF:p.23
15:25:28,38.144529,-7.919699,968,195.1,4.8,-1.3,,153,1.00,,,R,GPIAAF:p.23
15:25:30,38.143204,-7.920151,957,194.8,4.8,-0.7,,153,1.00,,,R,GPIAAF:p.23
15:25:32,38.141878,-7.920598,947,194.7,4.9,-0.4,,153,1.00,,,R,GPIAAF:p.23
15:25:34,38.140551,-7.921042,938,194.6,5.0,-0.4,,153,1.00,,,R,GPIAAF:p.23
15:25:36,38.139222,-7.921482,930,194.4,5.1,-0.9,,153,1.00,,,R,GPIAAF:p.23
15:25:38,38.137891,-7.921914,922,194.1,5.0,-1.8,,153,1.00,,,R,GPIAAF:p.23
15:25:40,38.136557,-7.922331,913,193.5,4.9,-2.9,,153,1.00,,,R,GPIAAF:p.23
15:25:42,38.135220,-7.922725,902,192.6,4.8,-4.1,,153,1.00,,,R,GPIAAF:p.23
15:25:44,38.133878,-7.923086,892,191.4,4.8,-5.1,,153,1.00,,,R,GPIAAF:p.23
15:25:46,38.132530,-7.923407,882,190.0,5.0,-5.7,,153,1.00,,,R,GPIAAF:p.23
15:25:48,38.131176,-7.923683,873,188.5,5.2,-5.9,,153,1.00,,,R,GPIAAF:p.23
15:25:50,38.129818,-7.923913,866,187.0,5.3,-5.6,,153,1.00,,,R,GPIAAF:p.23
15:25:52,38.128454,-7.924100,859,185.6,5.2,-4.9,,153,1.00,,,R,GPIAAF:p.23
15:25:54,38.127087,-7.924249,851,184.5,4.9,-4.0,,153,1.00,,,R,GPIAAF:p.23
15:25:56,38.125718,-7.924368,840,183.6,4.7,-2.9,,153,1.00,,,R,GPIAAF:p.23
15:25:58,38.124347,-7.924465,827,183.0,4.5,-1.7,,153,1.00,,,R,GPIAAF:p.23
15:26:00,38.122975,-7.924550,814,182.7,4.5,-0.6,,153,1.00,,,R,GPIAAF:p.23
15:26:02,38.121603,-7.924632,801,182.7,4.5,0.4,,153,1.00,,,R,GPIAAF:p.23
15:26:04,38.120232,-7.924717,787,182.9,4.5,1.3,,153,1.00,,,R,GPIAAF:p.23
15:26:06,38.118862,-7.924813,773,183.3,4.3,1.9,,153,1.00,,,R,GPIAAF:p.23
15:26:08,38.117492,-7.924924,757,183.8,4.0,2.2,,153,1.00,,,R,GPIAAF:p.23
15:26:10,38.116124,-7.925053,738,184.4,3.7,2.2,,153,1.00,,,R,GPIAAF:p.23
15:26:12,38.114756,-7.925198,717,184.9,3.6,2.0,,153,1.00,,,R,GPIAAF:p.23
15:26:14,38.113389,-7.925359,697,185.4,3.9,1.5,,153,1.00,,,R,GPIAAF:p.23
15:26:16,38.112023,-7.925531,683,185.7,4.6,1.1,,153,1.00,,,R,GPIAAF:p.23
15:26:18,38.110657,-7.925711,673,185.9,5.0,0.6,,153,1.00,,,R,GPIAAF:p.23
15:26:20,38.109292,-7.925895,666,186.0,5.1,0.2,,152,1.00,,,R,GPIAAF:p.23
15:26:22,38.107928,-7.926081,658,186.1,5.1,-0.0,,152,1.00,,,R,GPIAAF:p.23
15:26:24,38.106564,-7.926266,651,186.0,5.2,-0.2,,152,1.00,,,R,GPIAAF:p.23
15:26:26,38.105202,-7.926449,644,186.0,5.2,-0.2,,151,1.00,,,R,GPIAAF:p.23
15:26:28,38.103840,-7.926631,638,185.9,5.3,-0.2,,151,1.00,,,R,GPIAAF:p.23
15:26:30,38.102479,-7.926812,633,185.9,5.4,-0.1,,150,1.00,,,R,GPIAAF:p.23
15:26:32,38.101117,-7.926992,628,185.9,5.4,-0.1,,150,1.00,,,R,GPIAAF:p.23
15:26:34,38.099753,-7.927171,624,185.9,5.5,-0.0,,149,1.00,,,R,GPIAAF:p.23
15:26:36,38.098386,-7.927351,620,185.9,5.5,0.0,,149,1.00,,,R,GPIAAF:p.23
15:26:38,38.097013,-7.927532,616,185.9,5.6,0.0,,144,1.00,,,R,GPIAAF:p.23
15:26:40,38.095634,-7.927713,614,185.9,6.3,0.0,,137,1.00,,,R,GPIAAF:p.23
15:26:42,38.094251,-7.927896,611,185.9,8.3,0.0,,130,1.00,,,R,GPIAAF:p.23
15:26:44,38.092867,-7.928079,609,185.9,10.6,0.0,,123,1.00,,,R,GPIAAF:p.23
15:26:46,38.091490,-7.928261,608,185.9,12.4,0.0,,116,1.00,,,R,GPIAAF:p.23
15:26:48,38.090131,-7.928441,607,185.9,12.3,-0.0,,110,1.00,,,R,GPIAAF:p.23
15:26:50,38.088805,-7.928616,607,185.9,3.1,-0.0,1,104,1.00,,,R,GPIAAF:p.23
15:26:52,38.087527,-7.928785,607,185.9,0.0,-0.0,1,98,1.00,,,R,GPIAAF:p.23
15:26:54,38.086313,-7.928946,607,185.9,0.0,-0.0,1,92,1.00,,,R,GPIAAF:p.23
15:26:56,38.085172,-7.929097,607,185.9,0.0,-0.0,1,86,1.00,,,R,GPIAAF:p.23
15:26:58,38.084109,-7.929237,607,185.9,0.0,-0.0,1,76,1.00,,,R,GPIAAF:p.23
15:27:00,38.083122,-7.929368,607,185.9,0.0,-0.0,1,66,1.00,,,R,GPIAAF:p.23
15:27:02,38.082211,-7.929488,607,185.9,0.0,-0.0,1,,1.00,,,R,GPIAAF:p.23
15:27:04,38.081375,-7.929599,607,185.9,0.0,-0.0,1,,1.00,,,R,GPIAAF:p.23
15:27:06,38.080616,-7.929699,607,185.9,0.0,-0.0,1,,1.00,,,R,GPIAAF:p.23
15:27:08,38.079932,-7.929790,607,185.9,0.0,-0.0,1,,1.00,,,R,GPIAAF:p.23
15:27:10,38.079325,-7.929870,607,185.9,0.0,-0.0,1,,1.00,,,R,GPIAAF:p.23
15:27:12,38.078793,-7.929940,607,185.9,0.0,-0.0,1,,1.00,,,R,GPIAAF:p.23
15:27:14,38.078337,-7.930001,607,185.9,0.0,-0.0,1,,1.00,,,R,GPIAAF:p.23
15:27:16,38.077957,-7.930051,607,185.9,0.0,-0.0,1,,1.00,,,R,GPIAAF:p.23
15:27:18,38.077652,-7.930091,607,185.9,0.0,-0.0,1,,1.00,,,R,GPIAAF:p.23
15:27:20,38.077425,-7.930121,607,185.9,0.0,-0.0,1,,1.00,,,R,GPIAAF:p.23
15:27:22,38.077278,-7.930141,607,185.9,0.0,-0.0,1,,1.00,,,R,GPIAAF:p.23
15:27:24,38.077204,-7.930150,607,185.9,0.0,-0.0,1,,1.00,,,R,GPIAAF:p.23
15:27:26,38.077183,-7.930153,607,185.9,0.0,-0.0,1,,1.00,,,R,GPIAAF:p.23
15:27:28,38.077185,-7.930153,607,185.9,0.0,-0.0,1,,1.00,,,R,GPIAAF:p.23
15:27:30,38.077189,-7.930152,607,185.9,0.0,-0.0,1,,1.00,,,R,GPIAAF:p.23
15:27:32,38.077190,-7.930152,607,185.9,0.0,-0.0,1,,1.00,,,R,GPIAAF:p.23
15:27:34,38.077189,-7.930152,607,185.9,0.0,-0.0,1,,1.00,,,R,GPIAAF:p.23
15:27:36,38.077189,-7.930152,607,185.9,0.0,-0.0,1,,1.00,,,R,GPIAAF:p.23
15:27:38,38.077188,-7.930152,607,185.9,0.0,-0.0,1,,1.00,,,R,GPIAAF:p.23
15:27:40,38.077189,-7.930152,607,185.9,0.0,-0.0,1,,1.00,,,R,GPIAAF:p.23
15:27:42,38.077189,-7.930152,607,185.9,0.0,-0.0,1,,1.00,,,R,GPIAAF:p.23
15:27:44,38.077189,-7.930152,607,185.9,0.0,-0.0,1,,1.00,,,R,GPIAAF:p.23
15:27:46,38.077189,-7.930152,607,185.9,0.0,-0.0,1,,1.00,,,R,GPIAAF:p.23
15:27:48,38.077189,-7.930152,607,185.9,0.0,-0.0,1,,,,,R,GPIAAF:p.23
15:27:50,38.077189,-7.930152,607,185.9,0.0,-0.0,1,,,,,R,GPIAAF:p.23
15:27:52,38.077189,-7.930152,607,185.9,0.0,-0.0,1,,,,,R,GPIAAF:p.23
15:27:54,38.077189,-7.930152,607,185.9,0.0,-0.0,1,,,,,R,GPIAAF:p.23
15:27:56,38.077189,-7.930152,607,185.9,0.0,-0.0,1,,,,,R,GPIAAF:p.23
15:27:58,38.077189,-7.930152,607,185.9,0.0,-0.0,1,,,,,R,GPIAAF:p.23
15:28:00,38.077189,-7.930152,607,185.9,0.0,-0.0,1,,,,,R,GPIAAF:p.23
