time,lat,lon,alt_ft,hdg,pitch,roll,ias_kt,wind_dir,wind_kt,q,src
05:16:30,29.746481,39.036269,35913,270.7,1.3,0.4,275,270,62,A,ADSBLOL
05:16:31,29.746509,39.034065,35913,270.7,1.3,0.4,275,270,62,A,ADSBLOL
05:16:32,29.746537,39.031858,35913,270.7,1.3,0.4,275,270,62,A,ADSBLOL
05:16:33,29.746565,39.029648,35913,270.8,1.3,0.4,275,270,62,A,ADSBLOL
05:16:34,29.746594,39.027436,35913,270.8,1.3,0.3,275,270,62,A,ADSBLOL
05:16:35,29.746624,39.025221,35913,270.8,1.3,0.3,275,270,62,R,ADSBLOL
05:16:36,29.746654,39.023004,35913,270.8,1.3,0.3,275,270,62,R,ADSBLOL
05:16:37,29.746685,39.020786,35913,270.8,1.3,0.3,275,270,62,R,ADSBLOL
05:16:38,29.746716,39.018567,35913,270.8,1.3,0.2,275,270,62,A,ADSBLOL
05:16:39,29.746747,39.016347,35913,270.8,1.3,0.2,275,270,62,A,ADSBLOL
05:16:40,29.746779,39.014128,35913,270.8,1.3,0.2,275,270,62,A,ADSBLOL
05:16:41,29.746811,39.011908,35913,270.8,1.3,0.2,275,270,62,A,ADSBLOL
05:16:42,29.746843,39.009690,35913,270.9,1.3,0.1,275,270,62,A,ADSBLOL
05:16:43,29.746876,39.007473,35913,270.9,3.7,0.1,,270,62,A,ADSBLOL
05:16:44,29.746908,39.005257,35912,270.9,3.9,0.1,,270,62,A,ADSBLOL
05:16:45,29.746941,39.003043,35912,270.9,4.0,0.0,,270,62,A,ADSBLOL
05:16:46,29.746973,39.000831,35912,270.9,4.0,0.0,,270,62,A,ADSBLOL
05:16:47,29.747006,38.998621,35912,270.9,4.0,-0.0,,270,62,A,ADSBLOL
05:16:48,29.747038,38.996415,35912,270.9,4.1,-0.0,,270,62,R,ADSBLOL
05:16:49,29.747071,38.994211,35912,270.9,4.1,-0.1,,270,62,R,ADSBLOL
05:16:50,29.747103,38.992010,35911,270.9,4.1,-0.1,,270,62,R,ADSBLOL
05:16:51,29.747135,38.989813,35911,270.9,4.2,-0.1,,270,62,R,ADSBLOL
05:16:52,29.747167,38.987619,35911,270.9,4.2,-0.1,,270,62,R,ADSBLOL
05:16:53,29.747199,38.985428,35911,270.8,4.3,-0.1,,270,62,R,ADSBLOL
05:16:54,29.747230,38.983241,35910,270.8,4.3,-0.2,,270,62,R,ADSBLOL
05:16:55,29.747261,38.981058,35910,270.8,4.3,-0.2,,270,62,R,ADSBLOL
05:16:56,29.747292,38.978878,35910,270.8,4.4,-0.2,,270,62,R,ADSBLOL
05:16:57,29.747322,38.976702,35909,270.8,4.4,-0.2,,270,62,R,ADSBLOL
05:16:58,29.747352,38.974530,35909,270.8,4.5,-0.2,,270,62,R,ADSBLOL
05:16:59,29.747382,38.972361,35909,270.8,4.5,-0.2,,270,62,R,ADSBLOL
05:17:00,29.747411,38.970196,35908,270.8,4.5,-0.2,,270,62,R,ADSBLOL
05:17:01,29.747440,38.968034,35908,270.8,4.6,-0.3,,270,62,R,ADSBLOL
05:17:02,29.747468,38.965875,35908,270.8,4.6,-0.3,,270,62,R,ADSBLOL
05:17:03,29.747496,38.963720,35907,270.8,4.6,-0.3,,270,62,R,ADSBLOL
05:17:04,29.747524,38.961568,35907,270.7,4.7,-0.3,,270,62,R,ADSBLOL
05:17:05,29.747551,38.959419,35906,270.7,4.7,-0.3,,270,62,R,ADSBLOL
05:17:06,29.747577,38.957273,35906,270.7,4.7,-0.3,,270,62,R,ADSBLOL
05:17:07,29.747603,38.955129,35905,270.7,4.8,-0.3,,270,62,R,ADSBLOL
05:17:08,29.747629,38.952989,35905,270.7,4.8,-0.3,,270,62,R,ADSBLOL
05:17:09,29.747654,38.950850,35905,270.7,4.8,-0.3,,270,62,R,ADSBLOL
05:17:10,29.747678,38.948713,35904,270.7,4.8,-0.3,,270,62,R,ADSBLOL
05:17:11,29.747702,38.946579,35904,270.7,4.8,-0.3,,270,62,R,ADSBLOL
05:17:12,29.747726,38.944446,35903,270.6,4.9,-0.3,,270,62,R,ADSBLOL
05:17:13,29.747749,38.942315,35903,270.6,4.9,-0.3,,270,62,R,ADSBLOL
05:17:14,29.747771,38.940185,35902,270.6,4.9,-0.3,,270,62,R,ADSBLOL
05:17:15,29.747793,38.938056,35902,270.6,4.9,-0.3,,270,62,R,ADSBLOL
05:17:16,29.747815,38.935928,35901,270.6,4.9,-0.3,,270,62,R,ADSBLOL
05:17:17,29.747836,38.933800,35901,270.6,4.9,-0.3,,270,62,R,ADSBLOL
05:17:18,29.747857,38.931673,35900,270.6,4.9,-0.3,,270,62,R,ADSBLOL
05:17:19,29.747877,38.929546,35900,270.6,4.9,-0.3,,270,62,R,ADSBLOL
05:17:20,29.747896,38.927419,35899,270.5,4.9,-0.3,,270,62,R,ADSBLOL
05:17:21,29.747916,38.925292,35899,270.5,4.9,-0.3,,270,62,R,ADSBLOL
05:17:22,29.747935,38.923164,35898,270.5,4.9,-0.3,,270,62,R,ADSBLOL
05:17:23,29.747953,38.921036,35898,270.5,4.9,-0.3,,270,62,R,ADSBLOL
05:17:24,29.747971,38.918906,35897,270.5,4.9,-0.2,,270,62,R,ADSBLOL
05:17:25,29.747989,38.916775,35897,270.5,4.9,-0.2,,270,62,R,ADSBLOL
05:17:26,29.748006,38.914643,35896,270.5,4.9,-0.2,,270,62,R,ADSBLOL
05:17:27,29.748023,38.912509,35896,270.5,4.8,-0.2,,270,62,R,ADSBLOL
05:17:28,29.748040,38.910373,35896,270.5,4.8,-0.2,,270,62,R,ADSBLOL
05:17:29,29.748057,38.908236,35895,270.5,4.8,-0.2,,270,62,R,ADSBLOL
05:17:30,29.748073,38.906096,35895,270.4,4.8,-0.2,,270,62,R,ADSBLOL
05:17:31,29.748089,38.903954,35894,267.4,4.8,-0.1,,234,70,R,ADSBLOL
05:17:32,29.748105,38.901809,35894,265.4,4.7,-0.1,,234,70,R,ADSBLOL
05:17:33,29.748121,38.899662,35893,265.3,4.7,-0.1,,234,70,R,ADSBLOL
05:17:34,29.748136,38.897512,35893,265.3,4.7,-0.1,,234,70,R,ADSBLOL
05:17:35,29.748152,38.895360,35892,265.3,4.6,-0.1,,234,70,R,ADSBLOL
05:17:36,29.748167,38.893204,35892,265.3,4.6,-0.1,,234,70,R,ADSBLOL
05:17:37,29.748182,38.891046,35892,265.3,4.6,-0.0,,234,70,R,ADSBLOL
05:17:38,29.748197,38.888884,35891,265.3,4.6,-0.0,,234,70,R,ADSBLOL
05:17:39,29.748213,38.886720,35891,265.3,4.5,0.0,,234,70,R,ADSBLOL
05:17:40,29.748228,38.884552,35890,265.3,4.5,0.0,,234,70,R,ADSBLOL
05:17:41,29.748244,38.882381,35890,265.3,4.5,0.1,,234,70,R,ADSBLOL
05:17:42,29.748259,38.880208,35890,265.3,4.4,0.1,,234,70,R,ADSBLOL
05:17:43,29.748275,38.878031,35889,265.3,4.4,0.1,,234,70,R,ADSBLOL
05:17:44,29.748291,38.875852,35889,265.3,4.4,0.1,,234,70,R,ADSBLOL
05:17:45,29.748307,38.873670,35889,265.4,4.3,0.2,,234,70,R,ADSBLOL
05:17:46,29.748323,38.871485,35889,265.4,4.3,0.2,,234,70,R,ADSBLOL
05:17:47,29.748340,38.869298,35888,265.4,4.3,0.2,,234,70,R,ADSBLOL
05:17:48,29.748357,38.867109,35888,265.4,4.2,0.2,,234,70,R,ADSBLOL
05:17:49,29.748375,38.864918,35888,265.4,4.2,0.3,,234,70,R,ADSBLOL
05:17:50,29.748392,38.862724,35887,265.4,4.2,0.3,,234,70,R,ADSBLOL
05:17:51,29.748411,38.860530,35887,265.4,4.2,0.3,,234,70,R,ADSBLOL
05:17:52,29.748430,38.858334,35887,265.5,4.2,0.4,,234,70,R,ADSBLOL
05:17:53,29.748449,38.856138,35887,265.5,4.2,0.4,,234,70,R,ADSBLOL
05:17:54,29.748469,38.853941,35887,265.5,4.2,0.4,,234,70,A,ADSBLOL
05:17:55,29.748490,38.851744,35887,265.5,4.2,0.4,,234,70,A,ADSBLOL
05:17:56,29.748511,38.849548,35886,265.5,4.2,0.5,,234,70,A,ADSBLOL
05:17:57,29.748533,38.847352,35886,265.5,4.2,0.5,,234,70,A,ADSBLOL
05:17:58,29.748556,38.845158,35886,265.6,4.2,0.5,,234,70,A,ADSBLOL
05:17:59,29.748580,38.842966,35886,265.6,1.6,0.6,274,234,70,A,ADSBLOL
05:18:00,29.748605,38.840777,35886,265.6,1.3,0.6,274,234,70,A,ADSBLOL
05:18:01,29.748630,38.838591,35886,265.6,1.3,0.5,274,234,70,A,ADSBLOL
05:18:02,29.748656,38.836408,35886,265.6,1.3,0.4,274,234,70,A,ADSBLOL
05:18:03,29.748683,38.834228,35886,265.6,1.3,0.4,274,234,70,A,ADSBLOL
05:18:04,29.748710,38.832051,35886,265.6,1.3,0.3,274,234,70,A,ADSBLOL
05:18:05,29.748737,38.829877,35886,265.6,3.2,0.2,,234,70,A,ADSBLOL
05:18:06,29.748765,38.827706,35886,265.6,4.4,0.1,,234,70,A,ADSBLOL
05:18:07,29.748793,38.825538,35886,265.6,4.5,-0.0,,234,70,A,ADSBLOL
05:18:08,29.748820,38.823372,35886,265.6,4.6,-0.1,,234,70,A,ADSBLOL
05:18:09,29.748848,38.821209,35886,265.6,4.6,-0.1,,234,70,A,ADSBLOL
05:18:10,29.748875,38.819047,35887,265.6,4.6,-0.2,,234,70,R,ADSBLOL
05:18:11,29.748902,38.816888,35887,265.6,4.6,-0.3,,234,70,R,ADSBLOL
05:18:12,29.748928,38.814730,35887,265.6,4.7,-0.3,,234,70,R,ADSBLOL
05:18:13,29.748954,38.812574,35887,265.6,4.7,-0.3,,234,70,R,ADSBLOL
05:18:14,29.748979,38.810419,35887,265.5,4.7,-0.4,,234,70,R,ADSBLOL
05:18:15,29.749004,38.808265,35887,265.5,4.7,-0.4,,234,70,R,ADSBLOL
05:18:16,29.749028,38.806112,35888,265.5,4.7,-0.4,,234,70,R,ADSBLOL
05:18:17,29.749052,38.803959,35888,265.5,4.7,-0.4,,234,70,R,ADSBLOL
05:18:18,29.749075,38.801807,35888,265.5,4.7,-0.4,,234,70,R,ADSBLOL
05:18:19,29.749097,38.799655,35888,265.5,4.7,-0.4,,234,70,R,ADSBLOL
05:18:20,29.749119,38.797503,35888,265.4,4.7,-0.4,,234,70,R,ADSBLOL
05:18:21,29.749140,38.795351,35889,265.4,4.7,-0.4,,234,70,R,ADSBLOL
05:18:22,29.749160,38.793198,35889,265.4,4.7,-0.4,,234,70,R,ADSBLOL
05:18:23,29.749180,38.791044,35889,265.4,4.7,-0.4,,234,70,R,ADSBLOL
05:18:24,29.749199,38.788890,35889,265.4,4.7,-0.4,,234,70,R,ADSBLOL
05:18:25,29.749218,38.786734,35889,265.4,4.7,-0.3,,234,70,R,ADSBLOL
05:18:26,29.749236,38.784577,35890,265.4,4.7,-0.3,,234,70,R,ADSBLOL
05:18:27,29.749254,38.782419,35890,265.4,4.6,-0.3,,234,70,R,ADSBLOL
05:18:28,29.749271,38.780259,35890,265.3,4.6,-0.3,,234,70,R,ADSBLOL
05:18:29,29.749288,38.778097,35890,265.3,4.6,-0.2,,234,70,R,ADSBLOL
05:18:30,29.749305,38.775934,35890,265.3,4.6,-0.2,,234,70,R,ADSBLOL
05:18:31,29.749321,38.773768,35890,265.3,4.6,-0.2,,234,70,R,ADSBLOL
05:18:32,29.749337,38.771600,35890,265.3,4.5,-0.1,,234,70,R,ADSBLOL
05:18:33,29.749353,38.769429,35891,265.3,4.5,-0.1,,234,70,R,ADSBLOL
05:18:34,29.749369,38.767256,35891,265.3,4.5,-0.1,,234,70,R,ADSBLOL
05:18:35,29.749384,38.765081,35891,265.3,4.4,-0.0,,234,70,R,ADSBLOL
05:18:36,29.749400,38.762903,35891,265.3,4.4,-0.0,,234,70,R,ADSBLOL
05:18:37,29.749416,38.760722,35891,265.3,4.4,0.0,,234,70,R,ADSBLOL
05:18:38,29.749432,38.758539,35891,265.3,4.3,0.1,,234,70,R,ADSBLOL
05:18:39,29.749447,38.756352,35891,265.4,4.3,0.1,,234,70,R,ADSBLOL
05:18:40,29.749464,38.754164,35891,265.4,4.3,0.1,,234,70,R,ADSBLOL
05:18:41,29.749480,38.751972,35891,265.4,4.2,0.1,,234,70,R,ADSBLOL
05:18:42,29.749496,38.749778,35890,265.4,4.2,0.2,,234,70,R,ADSBLOL
05:18:43,29.749513,38.747581,35890,265.4,4.2,0.2,,234,70,R,ADSBLOL
05:18:44,29.749530,38.745382,35890,265.4,4.1,0.2,,234,70,R,ADSBLOL
05:18:45,29.749548,38.743181,35890,265.4,4.1,0.2,,234,70,R,ADSBLOL
05:18:46,29.749566,38.740977,35890,265.4,4.1,0.2,,234,70,R,ADSBLOL
05:18:47,29.749584,38.738772,35890,265.5,4.0,0.2,,234,67,R,ADSBLOL
05:18:48,29.749602,38.736564,35889,265.6,4.0,0.2,,234,67,R,ADSBLOL
05:18:49,29.749621,38.734355,35889,265.6,4.0,0.2,,234,67,R,ADSBLOL
05:18:50,29.749640,38.732145,35889,265.6,4.0,0.2,,234,67,R,ADSBLOL
05:18:51,29.749660,38.729933,35888,265.6,4.0,0.2,,234,67,R,ADSBLOL
05:18:52,29.749680,38.727721,35888,265.6,4.0,0.2,,234,67,R,ADSBLOL
05:18:53,29.749700,38.725509,35888,265.6,4.0,0.2,,234,67,R,ADSBLOL
05:18:54,29.749720,38.723297,35887,265.6,4.0,0.1,,234,67,R,ADSBLOL
05:18:55,29.749741,38.721085,35887,265.6,4.0,0.1,,234,67,R,ADSBLOL
05:18:56,29.749762,38.718874,35887,265.6,4.0,0.0,,234,67,A,ADSBLOL
05:18:57,29.749782,38.716664,35886,265.6,4.0,-0.0,,234,67,A,ADSBLOL
05:18:58,29.749803,38.714457,35886,265.6,4.0,-0.1,,234,67,A,ADSBLOL
05:18:59,29.749823,38.712251,35886,265.6,4.1,-0.1,,234,67,A,ADSBLOL
05:19:00,29.749844,38.710049,35885,265.6,4.1,-0.2,,234,67,A,ADSBLOL
05:19:01,29.749863,38.707851,35885,265.6,2.4,-0.3,275,234,67,A,ADSBLOL
05:19:02,29.749883,38.705657,35885,265.6,1.3,-0.4,275,234,67,A,ADSBLOL
05:19:03,29.749901,38.703468,35884,265.5,1.2,-0.4,275,234,67,A,ADSBLOL
05:19:04,29.749919,38.701284,35884,265.5,1.2,-0.5,275,234,67,A,ADSBLOL
05:19:05,29.749936,38.699104,35884,265.5,1.3,-0.5,275,234,67,A,ADSBLOL
05:19:06,29.749952,38.696929,35884,265.4,1.3,-0.5,275,234,67,R,ADSBLOL
05:19:07,29.749968,38.694757,35883,265.4,1.3,-0.5,275,234,67,R,ADSBLOL
05:19:08,29.749983,38.692587,35883,265.4,1.3,-0.5,275,234,67,R,ADSBLOL
05:19:09,29.749997,38.690420,35883,265.4,1.3,-0.4,275,234,67,R,ADSBLOL
05:19:10,29.750010,38.688253,35883,265.4,1.3,-0.4,275,234,67,R,ADSBLOL
05:19:11,29.750023,38.686087,35883,265.3,1.3,-0.3,274,234,67,R,ADSBLOL
05:19:12,29.750035,38.683920,35883,265.3,1.3,-0.2,274,234,67,R,ADSBLOL
05:19:13,29.750047,38.681751,35883,265.3,1.3,-0.2,274,234,67,R,ADSBLOL
05:19:14,29.750059,38.679580,35883,265.3,1.3,-0.1,274,234,67,R,ADSBLOL
05:19:15,29.750071,38.677405,35884,265.3,1.3,-0.0,274,234,67,R,ADSBLOL
05:19:16,29.750083,38.675227,35884,265.3,1.3,0.0,274,234,67,A,ADSBLOL
05:19:17,29.750095,38.673044,35884,265.3,1.3,0.1,274,234,67,A,ADSBLOL
05:19:18,29.750107,38.670858,35884,265.4,1.3,0.2,274,234,67,A,ADSBLOL
05:19:19,29.750119,38.668668,35884,265.4,1.3,0.2,274,234,67,A,ADSBLOL
05:19:20,29.750132,38.666476,35884,265.4,1.3,0.3,274,234,67,A,ADSBLOL
05:19:21,29.750145,38.664281,35885,265.4,1.3,0.3,274,234,67,A,ADSBLOL
05:19:22,29.750159,38.662087,35885,265.4,1.3,0.3,274,234,67,A,ADSBLOL
05:19:23,29.750173,38.659894,35885,265.4,1.3,0.3,274,234,67,A,ADSBLOL
05:19:24,29.750187,38.657702,35885,265.4,1.3,0.3,274,234,67,A,ADSBLOL
05:19:25,29.750202,38.655513,35885,265.4,1.3,0.3,274,234,67,A,ADSBLOL
05:19:26,29.750218,38.653326,35885,265.5,1.3,0.3,274,234,67,R,ADSBLOL
05:19:27,29.750234,38.651141,35885,265.5,1.3,0.3,274,234,67,R,ADSBLOL
05:19:28,29.750251,38.648958,35885,265.5,1.3,0.3,274,234,67,R,ADSBLOL
05:19:29,29.750268,38.646774,35885,265.5,1.3,0.3,274,234,67,R,ADSBLOL
05:19:30,29.750285,38.644591,35885,265.5,1.3,0.2,274,234,67,R,ADSBLOL
05:19:31,29.750303,38.642407,35885,265.5,1.3,0.2,274,234,67,R,ADSBLOL
05:19:32,29.750321,38.640221,35885,265.5,1.3,0.2,274,234,67,R,ADSBLOL
05:19:33,29.750339,38.638033,35884,265.5,1.3,0.2,274,234,67,R,ADSBLOL
05:19:34,29.750358,38.635842,35884,265.5,1.3,0.2,274,234,67,R,ADSBLOL
05:19:35,29.750376,38.633648,35884,265.6,1.3,0.1,274,234,67,A,ADSBLOL
05:19:36,29.750395,38.631452,35884,265.6,1.3,0.1,274,234,67,A,ADSBLOL
05:19:37,29.750415,38.629253,35884,265.6,1.3,0.2,274,234,67,A,ADSBLOL
05:19:38,29.750434,38.627053,35884,265.6,1.3,0.2,274,234,67,A,ADSBLOL
05:19:39,29.750454,38.624854,35884,265.6,1.3,0.2,274,234,67,A,ADSBLOL
05:19:40,29.750474,38.622657,35884,265.6,1.3,0.2,274,234,67,A,ADSBLOL
05:19:41,29.750495,38.620465,35884,265.6,1.3,0.3,274,234,67,A,ADSBLOL
05:19:42,29.750516,38.618281,35884,265.6,1.3,0.3,274,233,68,A,ADSBLOL
05:19:43,29.750537,38.616105,35884,265.5,1.3,0.2,274,233,68,A,ADSBLOL
05:19:44,29.750558,38.613937,35884,265.5,1.3,0.2,274,233,68,A,ADSBLOL
05:19:45,29.750580,38.611777,35884,265.5,1.3,0.1,274,233,68,R,ADSBLOL
05:19:46,29.750602,38.609624,35884,265.5,1.3,0.0,274,233,68,R,ADSBLOL
05:19:47,29.750623,38.607476,35884,265.5,1.3,-0.1,274,233,68,R,ADSBLOL
05:19:48,29.750645,38.605332,35884,265.5,1.3,-0.2,274,233,68,R,ADSBLOL
05:19:49,29.750666,38.603189,35884,265.5,1.3,-0.3,274,233,68,R,ADSBLOL
05:19:50,29.750686,38.601046,35884,265.5,1.3,-0.4,274,233,68,R,ADSBLOL
05:19:51,29.750707,38.598900,35884,265.5,1.3,-0.5,274,233,68,R,ADSBLOL
05:19:52,29.750726,38.596751,35884,265.4,1.3,-0.5,274,233,68,R,ADSBLOL
05:19:53,29.750745,38.594596,35884,265.4,1.3,-0.6,274,233,68,R,ADSBLOL
05:19:54,29.750762,38.592435,35884,265.4,1.3,-0.6,274,233,68,A,ADSBLOL
05:19:55,29.750779,38.590265,35884,265.4,1.3,-0.6,274,233,68,A,ADSBLOL
05:19:56,29.750795,38.588088,35884,265.5,1.3,-0.6,274,233,67,A,ADSBLOL
05:19:57,29.750810,38.585904,35884,265.4,1.3,-0.5,274,233,67,A,ADSBLOL
05:19:58,29.750825,38.583713,35884,265.4,1.3,-0.4,274,233,67,A,ADSBLOL
05:19:59,29.750839,38.581519,35884,265.4,1.3,-0.3,274,233,67,A,ADSBLOL
05:20:00,29.750852,38.579325,35883,265.4,1.3,-0.2,274,233,67,A,ADSBLOL
05:20:01,29.750865,38.577133,35883,265.4,1.3,-0.0,274,233,67,A,ADSBLOL
05:20:02,29.750878,38.574946,35883,265.4,1.3,0.1,274,233,67,A,ADSBLOL
05:20:03,29.750891,38.572765,35883,265.4,1.3,0.1,274,233,67,A,ADSBLOL
05:20:04,29.750905,38.570591,35882,265.4,1.3,0.2,274,233,67,R,ADSBLOL
05:20:05,29.750919,38.568421,35882,265.4,1.3,0.3,274,233,67,R,ADSBLOL
05:20:06,29.750933,38.566257,35882,265.4,1.3,0.3,274,233,67,R,ADSBLOL
05:20:07,29.750947,38.564097,35882,265.4,1.3,0.3,274,233,65,R,ADSBLOL
05:20:08,29.750962,38.561938,35882,265.5,1.3,0.4,274,233,65,R,ADSBLOL
05:20:09,29.750978,38.559780,35882,265.5,1.3,0.4,274,233,65,R,ADSBLOL
05:20:10,29.750994,38.557620,35882,265.5,1.3,0.4,274,233,65,R,ADSBLOL
05:20:11,29.751011,38.555456,35882,265.5,1.3,0.4,274,233,65,R,ADSBLOL
05:20:12,29.751029,38.553288,35882,265.5,1.3,0.3,274,233,65,A,ADSBLOL
05:20:13,29.751047,38.551113,35882,265.6,1.3,0.3,274,232,64,A,ADSBLOL
05:20:14,29.751065,38.548931,35882,265.6,1.3,0.3,274,232,64,A,ADSBLOL
05:20:15,29.751084,38.546741,35883,265.6,1.3,0.3,274,232,64,A,ADSBLOL
05:20:16,29.751104,38.544543,35883,265.7,1.3,0.2,274,232,64,A,ADSBLOL
05:20:17,29.751124,38.542338,35884,265.7,1.3,0.2,274,232,64,A,ADSBLOL
05:20:18,29.751144,38.540126,35884,265.7,1.3,0.2,274,232,64,A,ADSBLOL
05:20:19,29.751165,38.537910,35885,265.7,1.3,0.2,274,232,64,A,ADSBLOL
05:20:20,29.751186,38.535691,35885,265.7,1.3,0.2,274,232,64,A,ADSBLOL
05:20:21,29.751207,38.533469,35886,265.7,1.3,0.2,274,232,64,A,ADSBLOL
05:20:22,29.751229,38.531246,35887,265.7,1.3,0.1,274,232,64,R,ADSBLOL
05:20:23,29.751251,38.529023,35887,265.8,1.3,0.1,274,232,64,R,ADSBLOL
05:20:24,29.751273,38.526800,35888,265.8,1.3,0.1,274,232,64,R,ADSBLOL
05:20:25,29.751295,38.524579,35888,265.8,1.3,0.1,274,232,64,R,ADSBLOL
05:20:26,29.751317,38.522360,35889,265.8,1.3,0.1,274,232,64,R,ADSBLOL
05:20:27,29.751339,38.520144,35889,265.8,1.3,0.1,274,232,64,R,ADSBLOL
05:20:28,29.751362,38.517931,35889,265.8,1.3,0.0,274,232,64,R,ADSBLOL
05:20:29,29.751384,38.515721,35889,265.7,1.3,0.0,274,232,64,R,ADSBLOL
05:20:30,29.751407,38.513516,35889,265.7,1.3,0.0,274,232,64,R,ADSBLOL
05:20:31,29.751429,38.511314,35888,265.8,1.3,-0.0,274,232,63,A,ADSBLOL
05:20:32,29.751452,38.509117,35887,265.8,1.2,-0.0,274,232,63,A,ADSBLOL
05:20:33,29.751474,38.506923,35886,265.7,1.2,-0.0,274,232,63,A,ADSBLOL
05:20:34,29.751496,38.504733,35885,265.7,1.2,-0.1,274,232,63,A,ADSBLOL
05:20:35,29.751518,38.502547,35884,265.7,1.2,-0.1,274,232,63,A,ADSBLOL
05:20:36,29.751540,38.500364,35882,265.7,1.2,-0.1,274,232,63,A,ADSBLOL
05:20:37,29.751562,38.498183,35881,265.7,1.2,-0.1,274,232,63,A,ADSBLOL
05:20:38,29.751583,38.496005,35879,265.7,1.2,-0.2,274,232,63,A,ADSBLOL
05:20:39,29.751604,38.493827,35877,265.7,1.2,-0.2,274,232,63,A,ADSBLOL
05:20:40,29.751625,38.491650,35875,265.7,1.2,-0.2,274,232,63,A,ADSBLOL
05:20:41,29.751645,38.489473,35873,265.7,1.2,-0.2,274,232,63,R,ADSBLOL
05:20:42,29.751666,38.487295,35872,265.7,1.2,-0.2,274,232,63,R,ADSBLOL
05:20:43,29.751685,38.485115,35870,265.7,1.2,-0.3,274,232,63,R,ADSBLOL
05:20:44,29.751705,38.482932,35869,265.7,1.2,-0.3,274,232,63,R,ADSBLOL
05:20:45,29.751724,38.480746,35867,265.7,1.2,-0.3,274,232,63,R,ADSBLOL
05:20:46,29.751743,38.478556,35867,265.6,1.2,-0.3,275,232,63,R,ADSBLOL
05:20:47,29.751761,38.476361,35866,265.6,1.3,-0.3,275,232,63,R,ADSBLOL
05:20:48,29.751779,38.474162,35866,265.6,1.3,-0.2,275,232,63,R,ADSBLOL
05:20:49,29.751797,38.471958,35867,265.6,1.3,-0.2,275,232,63,R,ADSBLOL
05:20:50,29.751814,38.469750,35868,265.6,1.4,-0.2,275,232,63,R,ADSBLOL
05:20:51,29.751831,38.467538,35869,265.6,1.4,-0.1,275,232,63,A,ADSBLOL
05:20:52,29.751848,38.465323,35871,265.6,1.4,-0.1,275,232,63,A,ADSBLOL
05:20:53,29.751865,38.463107,35874,265.6,1.5,-0.0,275,232,63,A,ADSBLOL
05:20:54,29.751882,38.460892,35877,265.6,1.5,0.0,275,232,63,A,ADSBLOL
05:20:55,29.751898,38.458680,35880,265.6,1.5,0.1,275,232,63,A,ADSBLOL
05:20:56,29.751915,38.456475,35884,265.6,1.5,0.2,275,232,63,A,ADSBLOL
05:20:57,29.751933,38.454278,35888,265.6,1.3,0.2,275,232,63,A,ADSBLOL
05:20:58,29.751950,38.452094,35892,265.6,1.1,0.2,275,232,63,A,ADSBLOL
05:20:59,29.751968,38.449921,35896,265.6,1.2,0.2,275,232,63,A,ADSBLOL
05:21:00,29.751986,38.447760,35899,265.6,1.4,0.2,275,232,63,A,ADSBLOL
05:21:01,29.752005,38.445608,35902,265.6,1.5,0.1,275,232,63,R,ADSBLOL
05:21:02,29.752024,38.443462,35905,265.6,1.4,0.0,275,232,63,R,ADSBLOL
05:21:03,29.752042,38.441318,35906,265.6,1.3,-0.0,276,232,63,R,ADSBLOL
05:21:04,29.752061,38.439174,35907,265.6,1.2,-0.1,276,232,63,R,ADSBLOL
05:21:05,29.752079,38.437024,35905,265.6,1.1,-0.2,276,232,63,A,ADSBLOL
05:21:06,29.752097,38.434866,35902,265.6,0.9,-0.3,276,232,63,A,ADSBLOL
05:21:07,29.752115,38.432696,35896,265.6,0.8,-0.3,276,232,63,A,ADSBLOL
05:21:08,29.752132,38.430514,35887,265.6,0.6,-0.3,276,232,63,A,ADSBLOL
05:21:09,29.752149,38.428318,35875,265.6,0.3,-0.2,276,232,63,A,ADSBLOL
05:21:10,29.752166,38.426111,35859,265.6,0.0,-0.0,276,232,63,A,ADSBLOL
05:21:11,29.752183,38.423894,35839,265.7,-0.3,0.1,276,232,63,A,ADSBLOL
05:21:12,29.752201,38.421671,35815,265.7,-0.6,0.4,276,232,63,A,ADSBLOL
05:21:13,29.752219,38.419443,35785,265.7,-1.0,0.8,277,232,63,A,ADSBLOL
05:21:14,29.752238,38.417210,35752,265.8,-1.3,1.2,278,232,63,A,ADSBLOL
05:21:15,29.752260,38.414972,35714,265.8,-1.6,1.5,278,232,63,A,ADSBLOL
05:21:16,29.752284,38.412732,35672,265.9,-1.8,1.6,278,232,63,A,ADSBLOL
05:21:17,29.752311,38.410491,35628,266.0,-2.0,1.7,278,232,63,A,ADSBLOL
05:21:18,29.752340,38.408254,35582,266.0,-2.2,1.7,279,232,63,A,ADSBLOL
05:21:19,29.752371,38.406021,35534,266.1,-2.3,1.5,279,232,63,A,ADSBLOL
05:21:20,29.752405,38.403789,35485,266.1,-2.4,1.3,280,232,63,A,ADSBLOL
05:21:21,29.752441,38.401556,35436,266.2,-2.4,1.2,280,232,63,A,ADSBLOL
05:21:22,29.752479,38.399317,35386,266.2,-2.5,1.0,281,232,63,A,ADSBLOL
05:21:23,29.752518,38.397069,35336,266.3,-2.5,1.0,282,232,63,A,ADSBLOL
05:21:24,29.752560,38.394811,35286,266.4,-2.5,1.2,282,232,63,A,ADSBLOL
05:21:25,29.752603,38.392543,35235,266.4,-2.6,1.5,283,232,63,A,ADSBLOL
05:21:26,29.752649,38.390265,35185,266.5,-2.6,2.1,284,232,63,A,ADSBLOL
05:21:27,29.752699,38.387981,35135,266.6,-2.5,2.5,284,232,63,A,ADSBLOL
05:21:28,29.752752,38.385692,35085,266.7,-2.5,2.6,285,232,63,A,ADSBLOL
05:21:29,29.752810,38.383397,35037,266.9,-2.4,2.5,286,232,63,A,ADSBLOL
05:21:30,29.752871,38.381094,34991,267.0,-2.3,2.4,287,232,63,A,ADSBLOL
05:21:31,29.752937,38.378781,34947,267.1,-2.1,2.2,287,232,63,A,ADSBLOL
05:21:32,29.753006,38.376459,34906,267.2,-2.0,2.2,288,232,63,A,ADSBLOL
05:21:33,29.753079,38.374129,34868,267.3,-1.7,2.3,290,232,63,A,ADSBLOL
05:21:34,29.753156,38.371793,34834,267.4,-1.5,2.7,291,232,63,A,ADSBLOL
05:21:35,29.753237,38.369454,34803,267.5,-1.3,3.3,291,232,63,A,ADSBLOL
05:21:36,29.753324,38.367114,34776,267.7,-1.0,4.1,291,232,63,A,ADSBLOL
05:21:37,29.753418,38.364774,34753,267.8,-0.8,4.7,291,232,63,A,ADSBLOL
05:21:38,29.753518,38.362432,34733,268.0,-0.5,4.6,292,232,63,A,ADSBLOL
05:21:39,29.753626,38.360085,34717,268.2,-0.3,3.3,292,232,63,A,ADSBLOL
05:21:40,29.753738,38.357732,34703,268.3,-0.1,0.3,292,232,63,A,ADSBLOL
05:21:41,29.753849,38.355373,34693,268.2,0.0,-4.3,292,232,63,A,ADSBLOL
05:21:42,29.753952,38.353014,34683,267.9,0.2,-10.5,293,232,63,A,ADSBLOL
05:21:43,29.754035,38.350662,34675,267.4,1.3,-17.1,,232,63,A,ADSBLOL
05:21:44,29.754088,38.348329,34665,266.6,2.1,-19.9,,232,63,A,ADSBLOL
05:21:45,29.754109,38.346027,34654,265.7,2.0,-16.9,,232,63,R,ADSBLOL
05:21:46,29.754107,38.343769,34640,265.1,1.8,-8.1,,232,63,R,ADSBLOL
05:21:47,29.754097,38.341567,34621,264.9,2.0,3.5,,232,62,R,ADSBLOL
05:21:48,29.754096,38.339427,34596,265.2,2.5,14.0,,232,62,R,ADSBLOL
05:21:49,29.754121,38.337347,34565,265.8,3.0,20.5,,232,62,R,ADSBLOL
05:21:50,29.754179,38.335325,34525,266.7,2.9,22.9,,232,62,R,ADSBLOL
05:21:51,29.754273,38.333361,34476,267.7,2.3,23.7,,232,62,R,ADSBLOL
05:21:52,29.754403,38.331456,34417,268.7,1.4,24.3,,232,62,R,ADSBLOL
05:21:53,29.754568,38.329607,34347,269.8,0.2,24.8,,232,62,R,ADSBLOL
05:21:54,29.754769,38.327812,34266,271.0,-1.0,25.1,,232,62,R,ADSBLOL
05:21:55,29.755006,38.326066,34172,272.2,-2.4,25.3,,232,62,R,ADSBLOL
05:21:56,29.755279,38.324364,34065,273.5,-4.0,25.2,,232,62,R,ADSBLOL
05:21:57,29.755588,38.322699,33945,274.8,-5.5,24.9,,232,62,R,ADSBLOL
05:21:58,29.755933,38.321064,33811,276.1,-7.2,24.3,,232,62,R,ADSBLOL
05:21:59,29.756313,38.319450,33663,277.4,-8.8,23.4,,232,62,R,ADSBLOL
05:22:00,29.756730,38.317850,33500,278.7,-10.4,22.3,,232,62,R,ADSBLOL
05:22:01,29.757182,38.316255,33323,280.0,-11.9,21.1,,232,62,R,ADSBLOL
05:22:02,29.757671,38.314657,33131,281.2,-13.3,19.7,,232,62,R,ADSBLOL
05:22:03,29.758195,38.313050,32925,282.3,-14.6,18.2,,232,62,R,ADSBLOL
05:22:04,29.758756,38.311426,32703,283.4,-15.7,16.8,,232,62,R,ADSBLOL
05:22:05,29.759352,38.309780,32468,284.4,-16.7,15.5,,232,62,R,ADSBLOL
05:22:06,29.759985,38.308108,32218,285.4,-17.5,14.4,,232,62,R,ADSBLOL
05:22:07,29.760653,38.306405,31954,286.3,-18.3,13.7,,232,62,R,ADSBLOL
05:22:08,29.761358,38.304672,31676,287.2,-19.2,13.4,,232,62,R,ADSBLOL
05:22:09,29.762098,38.302907,31385,288.0,-20.2,13.5,,232,62,R,ADSBLOL
05:22:10,29.762874,38.301115,31082,288.8,-21.4,14.3,,232,62,R,ADSBLOL
05:22:11,29.763686,38.299300,30766,289.6,-22.5,15.7,,232,62,R,ADSBLOL
05:22:12,29.764534,38.297469,30439,290.5,-23.4,17.8,,232,62,R,ADSBLOL
05:22:13,29.765418,38.295634,30101,291.5,-24.1,20.7,,232,62,R,ADSBLOL
05:22:14,29.766338,38.293807,29753,293.5,-24.7,22.6,,231,54,R,MEDIA
05:22:15,29.767292,38.291995,29396,294.7,-25.3,22.5,,231,53,R,MEDIA
05:22:16,29.768281,38.290199,29031,295.9,-25.9,22.2,,231,53,R,MEDIA
05:22:17,29.769304,38.288420,28658,297.1,-26.4,21.9,,231,52,R,MEDIA
05:22:18,29.770359,38.286658,28279,298.2,-26.9,21.7,,231,51,R,MEDIA
05:22:19,29.771445,38.284914,27894,299.4,-27.3,21.4,,231,50,R,MEDIA
05:22:20,29.772563,38.283189,27505,300.5,-27.6,21.2,,231,49,R,MEDIA
05:22:21,29.773711,38.281483,27112,301.6,-27.9,20.9,,231,49,R,MEDIA
05:22:22,29.774888,38.279798,26716,302.8,-28.1,20.7,,231,48,R,MEDIA
05:22:23,29.776093,38.278133,26318,303.9,-28.2,20.5,,231,47,R,MEDIA
05:22:24,29.777326,38.276488,25920,305.0,-28.3,20.3,,231,46,R,MEDIA
05:22:25,29.778587,38.274866,25523,306.0,-28.3,20.1,,230,45,R,MEDIA
05:22:26,29.779873,38.273265,25127,307.1,-28.2,19.9,,230,44,R,MEDIA
05:22:27,29.781185,38.271687,24733,308.2,-28.1,19.7,,230,44,R,MEDIA
05:22:28,29.782521,38.270132,24342,309.2,-27.9,19.5,,230,43,R,MEDIA
05:22:29,29.783881,38.268601,23956,310.2,-27.7,19.3,,230,42,R,MEDIA
05:22:30,29.785265,38.267092,23575,311.3,-27.4,19.1,,230,41,R,MEDIA
05:22:31,29.786671,38.265608,23201,312.3,-27.0,18.9,,230,40,R,MEDIA
05:22:32,29.788098,38.264148,22833,313.3,-26.6,18.7,,230,40,R,MEDIA
05:22:33,29.789547,38.262713,22474,314.3,-26.1,18.5,,229,39,R,MEDIA
05:22:34,29.791016,38.261302,22124,315.3,-25.5,18.4,,229,38,R,MEDIA
05:22:35,29.792505,38.259917,21783,316.3,-24.9,18.2,,229,37,R,MEDIA
05:22:36,29.794013,38.258557,21452,317.2,-24.3,18.0,,229,37,R,MEDIA
05:22:37,29.795539,38.257222,21133,318.2,-23.5,17.8,,229,36,R,MEDIA
05:22:38,29.797083,38.255912,20826,319.1,-22.7,17.7,,229,35,R,MEDIA
05:22:39,29.798645,38.254629,20531,320.0,-21.8,17.5,,229,35,R,MEDIA
05:22:40,29.800222,38.253371,20250,320.9,-20.8,17.3,,228,34,R,MEDIA
05:22:41,29.801816,38.252139,19982,321.8,-19.9,17.1,,228,33,R,MEDIA
05:22:42,29.803425,38.250933,19728,322.7,-18.8,16.9,,228,33,R,MEDIA
05:22:43,29.805049,38.249753,19488,323.6,-17.8,16.8,,228,32,R,MEDIA
05:22:44,29.806686,38.248599,19264,324.5,-16.7,16.6,,228,32,R,MEDIA
05:22:45,29.808338,38.247470,19054,325.3,-15.5,16.4,,228,32,R,MEDIA
05:22:46,29.810002,38.246368,18859,326.2,-14.4,16.2,,228,31,R,MEDIA
05:22:47,29.811679,38.245292,18680,327.0,-13.2,16.0,,228,31,R,MEDIA
05:22:48,29.813367,38.244241,18516,327.8,-12.0,15.8,,228,30,R,MEDIA
05:22:49,29.815067,38.243216,18368,328.6,-10.9,15.6,,227,30,R,MEDIA
05:22:50,29.816778,38.242217,18234,329.4,-9.7,15.4,,227,30,R,MEDIA
05:22:51,29.818499,38.241243,18115,330.2,-8.5,15.2,,227,30,R,MEDIA
05:22:52,29.820230,38.240294,18011,330.9,-7.4,15.0,,227,29,R,MEDIA
05:22:53,29.821970,38.239371,17920,331.7,-6.3,14.8,,227,29,R,MEDIA
05:22:54,29.823719,38.238472,17843,332.4,-5.2,14.6,,227,29,R,MEDIA
05:22:55,29.825476,38.237599,17779,333.1,-4.2,14.4,,227,29,R,MEDIA
05:22:56,29.827241,38.236749,17727,333.8,-3.2,14.2,,227,29,R,MEDIA
05:22:57,29.829014,38.235924,17686,334.5,-2.3,14.0,,227,29,R,MEDIA
05:22:58,29.830793,38.235124,17655,335.2,-1.5,13.7,,227,29,R,MEDIA
05:22:59,29.832579,38.234347,17634,335.8,-0.8,13.5,,227,29,R,MEDIA
05:23:00,29.834371,38.233593,17621,336.5,-0.1,13.3,,227,29,R,MEDIA
05:23:01,29.836169,38.232863,17616,337.1,0.5,13.1,,227,28,R,MEDIA
05:23:02,29.837972,38.232155,17616,337.7,1.0,12.8,,227,29,R,MEDIA
05:23:03,29.839779,38.231470,17622,338.3,1.3,12.6,,227,29,R,MEDIA
05:23:04,29.841591,38.230808,17631,338.9,1.6,12.4,,227,29,R,MEDIA
05:23:05,29.843408,38.230167,17644,339.5,1.9,12.1,,227,29,R,MEDIA
05:23:06,29.845227,38.229548,17659,340.1,2.0,11.9,,227,29,R,MEDIA
05:23:07,29.847050,38.228949,17675,340.7,2.1,11.6,,227,29,R,MEDIA
05:23:08,29.848876,38.228372,17692,341.2,2.2,11.4,,227,29,R,MEDIA
05:23:09,29.850705,38.227815,17709,341.7,2.2,11.1,,227,29,R,MEDIA
05:23:10,29.852535,38.227278,17725,342.3,2.1,10.8,,227,29,R,MEDIA
05:23:11,29.854368,38.226761,17741,342.8,2.1,10.6,,227,29,R,MEDIA
05:23:12,29.856202,38.226262,17755,343.3,1.9,10.3,,227,29,R,MEDIA
05:23:13,29.858037,38.225782,17768,343.8,1.8,10.1,,227,29,R,MEDIA
05:23:14,29.859873,38.225321,17779,344.3,1.6,9.8,,227,29,R,MEDIA
05:23:15,29.861709,38.224877,17788,344.7,1.5,9.5,,227,29,R,MEDIA
05:23:16,29.863546,38.224450,17794,345.2,1.3,9.2,,227,29,R,MEDIA
05:23:17,29.865383,38.224041,17799,345.6,1.1,9.0,,227,29,R,MEDIA
05:23:18,29.867219,38.223647,17802,346.0,0.9,8.7,,227,29,R,MEDIA
05:23:19,29.869055,38.223270,17803,346.5,0.8,8.4,,227,29,R,MEDIA
05:23:20,29.870890,38.222908,17802,346.9,0.7,8.1,,227,29,R,MEDIA
05:23:21,29.872724,38.222561,17800,347.2,0.5,7.8,,227,29,R,MEDIA
05:23:22,29.874556,38.222228,17796,347.6,0.4,7.5,,227,29,R,MEDIA
05:23:23,29.876387,38.221909,17792,348.0,0.4,7.3,,227,29,R,MEDIA
05:23:24,29.878216,38.221603,17787,348.3,0.3,7.0,,227,29,R,MEDIA
05:23:25,29.880043,38.221310,17782,348.7,0.3,6.7,,227,29,R,MEDIA
05:23:26,29.881868,38.221029,17776,349.0,0.2,6.4,,227,29,R,MEDIA
05:23:27,29.883690,38.220760,17770,349.3,0.2,6.1,,227,29,R,MEDIA
05:23:28,29.885509,38.220503,17764,349.6,0.2,5.8,,227,29,R,MEDIA
05:23:29,29.887325,38.220256,17758,349.9,0.2,5.5,,227,29,R,MEDIA
05:23:30,29.889138,38.220019,17753,350.1,0.3,5.2,,227,29,R,MEDIA
05:23:31,29.890948,38.219792,17748,350.4,0.3,4.9,,227,29,R,MEDIA
05:23:32,29.892754,38.219574,17743,350.6,0.3,4.6,,227,29,R,MEDIA
05:23:33,29.894557,38.219365,17739,350.8,0.4,4.3,,227,29,R,MEDIA
05:23:34,29.896355,38.219163,17735,351.0,0.4,4.0,,227,29,R,MEDIA
05:23:35,29.898150,38.218969,17732,351.2,0.4,3.7,,227,29,R,MEDIA
05:23:36,29.899940,38.218782,17729,351.4,0.5,3.4,,227,29,R,MEDIA
05:23:37,29.901726,38.218602,17727,351.5,0.5,3.1,,227,29,R,MEDIA
05:23:38,29.903508,38.218427,17725,351.7,0.6,2.8,,227,29,R,MEDIA
05:23:39,29.905285,38.218257,17723,351.8,0.6,2.5,,227,29,R,MEDIA
05:23:40,29.907057,38.218093,17721,351.9,0.6,2.2,,227,29,R,MEDIA
05:23:41,29.908824,38.217933,17719,352.0,0.6,1.9,,227,29,R,MEDIA
05:23:42,29.910587,38.217776,17717,352.1,0.6,1.6,,227,29,R,MEDIA
05:23:43,29.912344,38.217623,17714,352.2,0.6,1.3,,227,29,R,MEDIA
05:23:44,29.914096,38.217472,17711,352.2,0.6,1.1,,227,29,R,MEDIA
05:23:45,29.915843,38.217324,17708,352.3,0.6,0.8,,227,29,R,MEDIA
05:23:46,29.917585,38.217177,17705,352.3,0.6,0.5,,227,29,R,MEDIA
05:23:47,29.919321,38.217031,17701,352.3,0.6,0.2,,227,29,R,MEDIA
05:23:48,29.921051,38.216887,17698,352.3,0.7,-0.1,,227,29,R,MEDIA
05:23:49,29.922776,38.216742,17694,352.3,0.7,-0.4,,227,29,R,MEDIA
05:23:50,29.924496,38.216597,17691,352.2,0.7,-0.6,,227,29,R,MEDIA
05:23:51,29.926209,38.216451,17687,352.2,0.8,-0.9,,227,29,R,MEDIA
05:23:52,29.927917,38.216304,17684,352.1,0.8,-1.2,,227,29,R,MEDIA
05:23:53,29.929619,38.216156,17681,352.0,0.8,-1.4,,227,29,R,MEDIA
05:23:54,29.931315,38.216005,17678,351.9,0.9,-1.7,,227,29,R,MEDIA
05:23:55,29.933005,38.215851,17676,351.8,0.9,-1.9,,227,29,R,MEDIA
05:23:56,29.934690,38.215695,17674,351.7,1.0,-2.2,,227,29,R,MEDIA
05:23:57,29.936368,38.215535,17671,351.6,1.0,-2.4,,227,29,R,MEDIA
05:23:58,29.938040,38.215371,17669,351.4,1.1,-2.7,,227,29,R,MEDIA
05:23:59,29.939707,38.215203,17667,351.2,1.1,-2.9,,227,29,R,MEDIA
05:24:00,29.941367,38.215030,17664,351.1,1.1,-3.1,,227,29,R,MEDIA
05:24:01,29.943022,38.214852,17662,350.9,1.1,-3.4,,227,29,R,MEDIA
05:24:02,29.944670,38.214668,17658,350.7,1.1,-3.6,,227,29,R,MEDIA
05:24:03,29.946313,38.214479,17655,350.4,1.1,-3.8,,227,29,R,MEDIA
05:24:04,29.947949,38.214283,17650,350.2,1.0,-4.0,,227,29,R,MEDIA
05:24:05,29.949580,38.214081,17646,350.0,1.0,-4.2,,227,29,R,MEDIA
05:24:06,29.951205,38.213872,17641,349.7,1.0,-4.4,,227,29,R,MEDIA
05:24:07,29.952823,38.213656,17636,349.5,1.1,-4.5,,227,29,R,MEDIA
05:24:08,29.954436,38.213433,17631,349.2,1.1,-4.7,,227,29,R,MEDIA
05:24:09,29.956044,38.213202,17626,348.9,1.1,-4.9,,227,29,R,MEDIA
05:24:10,29.957645,38.212963,17621,348.6,1.2,-5.0,,227,29,R,MEDIA
05:24:11,29.959241,38.212715,17617,348.3,1.2,-5.2,,227,29,R,MEDIA
05:24:12,29.960831,38.212459,17612,348.0,1.3,-5.3,,227,28,R,MEDIA
05:24:13,29.962415,38.212195,17608,347.7,1.3,-5.4,,227,28,R,MEDIA
05:24:14,29.963994,38.211921,17605,347.3,1.4,-5.5,,227,28,R,MEDIA
05:24:15,29.965568,38.211638,17601,347.0,1.4,-5.6,,227,28,R,MEDIA
05:24:16,29.967136,38.211347,17598,346.7,1.5,-5.7,,227,28,R,MEDIA
05:24:17,29.968698,38.211045,17596,346.3,1.6,-5.8,,227,28,R,MEDIA
05:24:18,29.970256,38.210734,17593,346.0,1.6,-5.9,,227,28,R,MEDIA
05:24:19,29.971808,38.210414,17590,345.6,1.6,-5.9,,227,28,R,MEDIA
05:24:20,29.973356,38.210084,17588,345.3,1.6,-6.0,,227,28,R,MEDIA
05:24:21,29.974898,38.209744,17585,344.9,1.6,-6.0,,227,28,R,MEDIA
05:24:22,29.976436,38.209394,17581,344.5,1.6,-6.0,,227,28,R,MEDIA
05:24:23,29.977968,38.209034,17577,344.2,1.6,-6.0,,227,28,R,MEDIA
05:24:24,29.979496,38.208665,17573,343.8,1.5,-6.0,,227,28,R,MEDIA
05:24:25,29.981020,38.208285,17569,343.5,1.5,-6.0,,227,28,R,MEDIA
05:24:26,29.982539,38.207896,17564,343.1,1.5,-6.0,,227,28,R,MEDIA
05:24:27,29.984054,38.207497,17559,342.8,1.5,-5.9,,227,28,R,MEDIA
05:24:28,29.985565,38.207088,17554,342.4,1.5,-5.8,,227,28,R,MEDIA
05:24:29,29.987071,38.206669,17548,342.1,1.5,-5.8,,227,28,R,MEDIA
05:24:30,29.988574,38.206241,17543,341.7,1.5,-5.7,,227,28,R,MEDIA
05:24:31,29.990073,38.205804,17539,341.4,1.6,-5.6,,227,28,R,MEDIA
05:24:32,29.991569,38.205357,17534,341.0,1.6,-5.5,,227,28,R,MEDIA
05:24:33,29.993060,38.204902,17530,340.7,1.6,-5.3,,227,28,R,MEDIA
05:24:34,29.994549,38.204438,17526,340.4,1.7,-5.2,,227,28,R,MEDIA
05:24:35,29.996034,38.203965,17523,340.1,1.7,-5.0,,227,28,R,MEDIA
05:24:36,29.997516,38.203484,17519,339.8,1.8,-4.8,,227,28,R,MEDIA
05:24:37,29.998996,38.202995,17517,339.5,1.8,-4.6,,227,28,R,MEDIA
05:24:38,30.000473,38.202499,17514,339.3,1.8,-4.4,,227,28,R,MEDIA
05:24:39,30.001947,38.201995,17511,339.0,1.8,-4.2,,227,28,R,MEDIA
05:24:40,30.003418,38.201485,17509,338.8,1.8,-3.9,,227,28,R,MEDIA
05:24:41,30.004888,38.200968,17505,338.5,1.8,-3.7,,227,28,R,MEDIA
05:24:42,30.006355,38.200445,17502,338.3,1.7,-3.4,,227,28,R,MEDIA
05:24:43,30.007821,38.199917,17498,338.1,1.7,-3.1,,227,28,R,MEDIA
05:24:44,30.009285,38.199384,17494,338.0,1.6,-2.8,,227,28,R,MEDIA
05:24:45,30.010747,38.198846,17489,337.8,1.6,-2.5,,227,28,R,MEDIA
05:24:46,30.012208,38.198304,17484,337.7,1.6,-2.2,,227,28,R,MEDIA
05:24:47,30.013668,38.197759,17479,337.6,1.6,-1.9,,227,28,R,MEDIA
05:24:48,30.015127,38.197211,17473,337.5,1.6,-1.6,,227,28,R,MEDIA
05:24:49,30.016585,38.196660,17468,337.4,1.6,-1.4,,227,28,R,MEDIA
05:24:50,30.018042,38.196107,17463,337.3,1.6,-1.2,,227,28,R,MEDIA
05:24:51,30.019498,38.195552,17458,337.2,1.6,-0.9,,227,28,R,MEDIA
05:24:52,30.020955,38.194996,17453,337.2,1.6,-0.7,,227,28,R,MEDIA
05:24:53,30.022411,38.194438,17449,337.1,1.7,-0.5,,227,28,R,MEDIA
05:24:54,30.023866,38.193880,17445,337.1,1.7,-0.4,,227,28,R,MEDIA
05:24:55,30.025322,38.193321,17441,337.1,1.7,-0.2,,227,28,R,MEDIA
05:24:56,30.026777,38.192761,17438,337.1,1.8,-0.1,,227,28,R,MEDIA
05:24:57,30.028233,38.192202,17435,337.1,1.8,0.1,,227,28,R,MEDIA
05:24:58,30.029689,38.191643,17433,337.1,1.8,0.2,,227,28,R,MEDIA
05:24:59,30.031145,38.191084,17430,337.1,1.8,0.3,,227,28,R,MEDIA
05:25:00,30.032602,38.190526,17427,337.2,1.8,0.4,,227,28,R,MEDIA
05:25:01,30.034059,38.189968,17424,337.2,1.7,0.5,,227,28,R,MEDIA
05:25:02,30.035516,38.189411,17420,337.2,1.7,0.6,,227,28,R,MEDIA
05:25:03,30.036974,38.188855,17416,337.3,1.7,0.7,,227,28,R,MEDIA
05:25:04,30.038432,38.188301,17412,337.3,1.6,0.7,,227,28,R,MEDIA
05:25:05,30.039891,38.187747,17407,337.3,1.6,0.7,,227,28,R,MEDIA
05:25:06,30.041350,38.187194,17402,337.4,1.6,0.8,,227,28,R,MEDIA
05:25:07,30.042810,38.186643,17397,337.4,1.5,0.8,,227,28,R,MEDIA
05:25:08,30.044271,38.186093,17392,337.5,1.5,0.8,,227,28,R,MEDIA
05:25:09,30.045732,38.185545,17386,337.5,1.5,0.8,,227,28,R,MEDIA
05:25:10,30.047194,38.184997,17381,337.6,1.5,0.8,,227,28,R,MEDIA
05:25:11,30.048657,38.184451,17376,337.6,1.6,0.8,,227,28,R,MEDIA
05:25:12,30.050120,38.183906,17371,337.7,1.6,0.7,,227,28,R,MEDIA
05:25:13,30.051583,38.183363,17367,337.7,1.6,0.7,,227,28,R,MEDIA
05:25:14,30.053047,38.182820,17363,337.8,1.7,0.7,,227,28,R,MEDIA
05:25:15,30.054511,38.182279,17359,337.8,1.7,0.6,,227,28,R,MEDIA
05:25:16,30.055976,38.181738,17356,337.8,1.7,0.6,,227,28,R,MEDIA
05:25:17,30.057441,38.181198,17353,337.9,1.8,0.5,,227,28,R,MEDIA
05:25:18,30.058906,38.180660,17351,337.9,1.8,0.5,,227,28,R,MEDIA
05:25:19,30.060371,38.180122,17348,337.9,1.8,0.4,,227,28,R,MEDIA
05:25:20,30.061837,38.179584,17345,338.0,1.7,0.4,,227,28,R,MEDIA
05:25:21,30.063303,38.179048,17342,338.0,1.7,0.3,,227,28,R,MEDIA
05:25:22,30.064769,38.178511,17338,338.0,1.7,0.3,,227,28,R,MEDIA
05:25:23,30.066235,38.177975,17334,338.0,1.6,0.2,,227,28,R,MEDIA
05:25:24,30.067700,38.177440,17330,338.0,1.6,0.2,,227,28,R,MEDIA
05:25:25,30.069166,38.176905,17325,338.0,1.6,0.1,,227,28,R,MEDIA
05:25:26,30.070632,38.176370,17320,338.0,1.5,0.1,,227,28,R,MEDIA
05:25:27,30.072098,38.175835,17315,338.1,1.5,0.0,,227,28,R,MEDIA
05:25:28,30.073564,38.175300,17309,338.1,1.5,0.0,,227,28,R,MEDIA
05:25:29,30.075030,38.174765,17304,338.1,1.5,-0.0,,227,28,R,MEDIA
05:25:30,30.076496,38.174231,17299,338.1,1.5,-0.1,,227,28,R,MEDIA
05:25:31,30.077961,38.173696,17294,338.1,1.5,-0.1,,227,28,R,MEDIA
05:25:32,30.079427,38.173161,17289,338.0,1.6,-0.1,,227,28,R,MEDIA
05:25:33,30.080892,38.172625,17285,338.0,1.6,-0.1,,227,28,R,MEDIA
05:25:34,30.082358,38.172090,17281,338.0,1.6,-0.2,,227,28,R,MEDIA
05:25:35,30.083823,38.171554,17277,338.0,1.7,-0.2,,227,28,R,MEDIA
05:25:36,30.085288,38.171018,17274,338.0,1.7,-0.2,,227,28,R,MEDIA
05:25:37,30.086753,38.170482,17271,338.0,1.8,-0.2,,227,28,R,MEDIA
05:25:38,30.088217,38.169945,17268,338.0,1.8,-0.2,,227,28,R,MEDIA
05:25:39,30.089682,38.169408,17266,338.0,1.8,-0.2,,227,28,R,MEDIA
05:25:40,30.091146,38.168871,17263,338.0,1.7,-0.2,,227,28,R,MEDIA
05:25:41,30.092611,38.168333,17259,338.0,1.7,-0.2,,227,28,R,MEDIA
05:25:42,30.094075,38.167795,17256,337.9,1.7,-0.2,,227,28,R,MEDIA
05:25:43,30.095539,38.167257,17252,337.9,1.6,-0.1,,227,28,R,MEDIA
05:25:44,30.097003,38.166718,17247,337.9,1.6,-0.1,,227,28,R,MEDIA
05:25:45,30.098467,38.166180,17243,337.9,1.5,-0.1,,227,28,R,MEDIA
05:25:46,30.099931,38.165641,17238,337.9,1.5,-0.1,,227,28,R,MEDIA
05:25:47,30.101394,38.165102,17232,337.9,1.5,-0.1,,227,28,R,MEDIA
05:25:48,30.102858,38.164563,17227,337.9,1.5,-0.0,,227,28,R,MEDIA
05:25:49,30.104321,38.164024,17222,337.9,1.5,-0.0,,227,28,R,MEDIA
05:25:50,30.105785,38.163485,17216,337.9,1.5,-0.0,,227,28,R,MEDIA
05:25:51,30.107248,38.162946,17211,337.9,1.5,-0.0,,227,28,R,MEDIA
05:25:52,30.108711,38.162407,17207,337.9,1.6,0.0,,227,28,R,MEDIA
05:25:53,30.110175,38.161868,17202,337.9,1.6,0.0,,227,28,R,MEDIA
05:25:54,30.111638,38.161329,17198,337.9,1.6,0.0,,227,28,R,MEDIA
05:25:55,30.113101,38.160790,17195,337.9,1.7,0.0,,227,28,R,MEDIA
05:25:56,30.114564,38.160252,17191,337.9,1.7,0.0,,227,28,R,MEDIA
05:25:57,30.116028,38.159713,17188,337.9,1.7,0.0,,227,28,R,MEDIA
05:25:58,30.117491,38.159174,17186,337.9,1.8,0.0,,227,28,R,MEDIA
05:25:59,30.118954,38.158635,17183,337.9,1.8,0.0,,227,28,R,MEDIA
05:26:00,30.120417,38.158096,17180,337.9,1.7,-0.0,,227,28,R,MEDIA
05:26:01,30.121881,38.157557,17177,337.9,1.7,-0.0,,227,28,R,MEDIA
05:26:02,30.123344,38.157018,17173,337.9,1.7,-0.0,,227,28,R,MEDIA
05:26:03,30.124808,38.156480,17169,337.9,1.6,-0.0,,227,28,R,MEDIA
05:26:04,30.126271,38.155941,17165,337.9,1.6,-0.0,,227,28,R,MEDIA
05:26:05,30.127735,38.155402,17160,337.9,1.5,-0.0,,227,28,R,MEDIA
05:26:06,30.129198,38.154863,17155,337.9,1.5,-0.0,,227,28,R,MEDIA
05:26:07,30.130662,38.154323,17150,337.9,1.5,-0.0,,227,28,R,MEDIA
05:26:08,30.132125,38.153784,17144,337.9,1.5,-0.0,,227,28,R,MEDIA
05:26:09,30.133589,38.153245,17139,337.9,1.5,-0.0,,227,27,R,MEDIA
05:26:10,30.135053,38.152706,17134,338.0,1.5,-0.0,,227,27,R,MEDIA
05:26:11,30.136517,38.152167,17129,338.0,1.5,-0.0,,227,27,R,MEDIA
05:26:12,30.137981,38.151627,17124,338.0,1.5,0.0,,227,27,R,MEDIA
05:26:13,30.139444,38.151088,17120,338.0,1.6,0.0,,227,27,R,MEDIA
05:26:14,30.140908,38.150549,17116,338.0,1.6,0.0,,227,27,R,MEDIA
05:26:15,30.142372,38.150009,17112,338.0,1.7,0.0,,227,27,R,MEDIA
05:26:16,30.143836,38.149470,17109,338.0,1.7,0.0,,227,27,R,MEDIA
05:26:17,30.145300,38.148931,17106,338.0,1.7,0.1,,227,27,R,MEDIA
05:26:18,30.146764,38.148392,17103,338.0,1.7,0.1,,227,27,R,MEDIA
05:26:19,30.148228,38.147853,17100,338.0,1.7,0.1,,227,27,R,MEDIA
05:26:20,30.149692,38.147315,17098,338.0,1.7,0.1,,227,27,R,MEDIA
05:26:21,30.151156,38.146776,17094,338.0,1.7,0.1,,227,27,R,MEDIA
05:26:22,30.152620,38.146238,17091,338.0,1.6,0.1,,227,27,R,MEDIA
05:26:23,30.154084,38.145699,17087,338.0,1.6,0.0,,227,27,R,MEDIA
05:26:24,30.155548,38.145161,17082,338.0,1.6,0.0,,227,27,R,MEDIA
05:26:25,30.157012,38.144622,17078,338.0,1.5,0.0,,227,27,R,MEDIA
05:26:26,30.158476,38.144084,17072,338.0,1.5,0.0,,227,27,R,MEDIA
05:26:27,30.159940,38.143546,17067,338.0,1.5,0.0,,227,27,R,MEDIA
05:26:28,30.161404,38.143008,17062,338.0,1.5,0.0,,227,27,R,MEDIA
05:26:29,30.162868,38.142470,17056,338.0,1.5,-0.0,,226,27,R,MEDIA
05:26:30,30.164332,38.141932,17051,338.0,1.5,-0.0,,226,27,R,MEDIA
05:26:31,30.165796,38.141393,17046,338.0,1.5,-0.0,,226,27,R,MEDIA
05:26:32,30.167260,38.140855,17041,338.0,1.5,-0.0,,226,27,R,MEDIA
05:26:33,30.168724,38.140317,17037,338.0,1.6,-0.0,,226,27,R,MEDIA
05:26:34,30.170188,38.139779,17033,338.0,1.6,-0.0,,226,27,R,MEDIA
05:26:35,30.171652,38.139240,17029,338.0,1.6,-0.0,,226,27,R,MEDIA
05:26:36,30.173115,38.138702,17026,338.0,1.7,-0.1,,226,27,R,MEDIA
05:26:37,30.174579,38.138163,17023,338.0,1.7,-0.1,,226,27,R,MEDIA
05:26:38,30.176043,38.137624,17021,338.0,1.7,-0.1,,226,27,R,MEDIA
05:26:39,30.177507,38.137085,17018,338.0,1.7,-0.1,,226,27,R,MEDIA
05:26:40,30.178971,38.136546,17015,338.0,1.7,-0.0,,226,27,R,MEDIA
05:26:41,30.180435,38.136007,17012,338.0,1.7,-0.0,,226,27,R,MEDIA
05:26:42,30.181899,38.135468,17008,338.0,1.6,-0.0,,226,27,R,MEDIA
05:26:43,30.183363,38.134929,17004,338.0,1.6,-0.0,,226,27,R,MEDIA
05:26:44,30.184827,38.134390,17000,338.0,1.5,0.0,,226,27,R,MEDIA
05:26:45,30.186291,38.133851,16995,338.0,1.5,0.0,,226,27,R,MEDIA
05:26:46,30.187755,38.133312,16990,338.0,1.5,0.0,,226,27,R,MEDIA
05:26:47,30.189219,38.132773,16985,338.0,1.5,0.0,,226,27,R,MEDIA
05:26:48,30.190683,38.132234,16979,338.0,1.4,0.0,,226,27,R,MEDIA
05:26:49,30.192146,38.131695,16974,338.0,1.4,0.0,,226,27,R,MEDIA
05:26:50,30.193610,38.131156,16969,338.0,1.5,0.0,,226,27,R,MEDIA
05:26:51,30.195074,38.130618,16964,338.0,1.5,0.0,,226,27,R,MEDIA
05:26:52,30.196538,38.130079,16959,338.0,1.5,0.0,,226,27,R,MEDIA
05:26:53,30.198002,38.129540,16954,338.0,1.6,0.0,,226,27,R,MEDIA
05:26:54,30.199466,38.129002,16950,338.0,1.6,0.0,,226,27,R,MEDIA
05:26:55,30.200929,38.128464,16947,338.0,1.6,0.0,,226,27,R,MEDIA
05:26:56,30.202393,38.127925,16944,338.1,1.7,0.0,,226,27,R,MEDIA
05:26:57,30.203857,38.127387,16941,338.1,1.7,0.0,,226,27,R,MEDIA
05:26:58,30.205321,38.126849,16938,338.1,1.7,0.0,,226,27,R,MEDIA
05:26:59,30.206784,38.126310,16935,338.1,1.7,-0.0,,226,27,R,MEDIA
05:27:00,30.208248,38.125772,16932,338.1,1.7,-0.0,,226,27,R,MEDIA
05:27:01,30.209712,38.125234,16929,338.1,1.6,-0.0,,226,27,R,MEDIA
05:27:02,30.211176,38.124695,16925,338.1,1.6,-0.0,,226,27,R,MEDIA
05:27:03,30.212640,38.124157,16921,338.1,1.6,-0.0,,226,27,R,MEDIA
05:27:04,30.214104,38.123619,16917,338.1,1.5,-0.0,,226,27,R,MEDIA
05:27:05,30.215567,38.123080,16912,338.1,1.5,-0.0,,226,27,R,MEDIA
05:27:06,30.217031,38.122541,16907,338.1,1.5,-0.0,,226,27,R,MEDIA
05:27:07,30.218495,38.122003,16902,338.1,1.4,-0.0,,226,27,R,MEDIA
05:27:08,30.219959,38.121464,16897,338.1,1.4,-0.0,,226,27,R,MEDIA
05:27:09,30.221423,38.120925,16891,338.1,1.4,-0.0,,226,27,R,MEDIA
05:27:10,30.222887,38.120386,16886,338.1,1.4,-0.0,,226,27,R,MEDIA
05:27:11,30.224351,38.119847,16881,338.1,1.5,-0.0,,226,27,R,MEDIA
05:27:12,30.225815,38.119308,16876,338.1,1.5,-0.0,,226,27,R,MEDIA
05:27:13,30.227279,38.118769,16872,338.1,1.5,-0.0,,226,27,R,MEDIA
05:27:14,30.228742,38.118230,16868,338.1,1.6,0.0,,226,27,R,MEDIA
05:27:15,30.230206,38.117690,16864,338.1,1.6,0.0,,226,27,R,MEDIA
05:27:16,30.231670,38.117151,16861,338.1,1.7,0.0,,226,27,R,MEDIA
05:27:17,30.233134,38.116612,16858,338.1,1.7,0.0,,226,27,R,MEDIA
05:27:18,30.234598,38.116073,16855,338.1,1.7,0.0,,226,27,R,MEDIA
05:27:19,30.236062,38.115535,16853,338.1,1.7,0.0,,226,27,R,MEDIA
05:27:20,30.237526,38.114996,16850,338.1,1.7,0.0,,226,27,R,MEDIA
05:27:21,30.238990,38.114457,16846,338.1,1.6,0.0,,226,27,R,MEDIA
05:27:22,30.240453,38.113919,16843,338.1,1.6,0.0,,226,27,R,MEDIA
05:27:23,30.241917,38.113380,16839,338.1,1.6,0.0,,226,27,R,MEDIA
05:27:24,30.243381,38.112842,16834,338.1,1.5,0.0,,226,27,R,MEDIA
05:27:25,30.244845,38.112304,16830,338.1,1.5,0.0,,226,27,R,MEDIA
05:27:26,30.246309,38.111765,16825,338.1,1.4,0.0,,226,27,R,MEDIA
05:27:27,30.247772,38.111227,16819,338.1,1.4,0.0,,226,27,R,MEDIA
05:27:28,30.249236,38.110689,16814,338.1,1.4,0.0,,226,27,R,MEDIA
05:27:29,30.250700,38.110151,16809,338.1,1.4,-0.0,,226,27,R,MEDIA
05:27:30,30.252164,38.109613,16803,338.1,1.4,-0.0,,226,27,R,MEDIA
05:27:31,30.253627,38.109075,16798,338.1,1.5,-0.0,,226,27,R,MEDIA
05:27:32,30.255091,38.108536,16794,338.1,1.5,-0.0,,226,27,R,MEDIA
05:27:33,30.256555,38.107998,16789,338.1,1.5,-0.0,,226,27,R,MEDIA
05:27:34,30.258019,38.107460,16785,338.1,1.6,-0.0,,226,27,R,MEDIA
05:27:35,30.259483,38.106921,16782,338.1,1.6,-0.0,,226,27,R,MEDIA
05:27:36,30.260946,38.106383,16778,338.1,1.6,-0.1,,226,27,R,MEDIA
05:27:37,30.262410,38.105844,16775,338.1,1.7,-0.1,,226,27,R,MEDIA
05:27:38,30.263874,38.105305,16773,338.1,1.7,-0.1,,226,27,R,MEDIA
05:27:39,30.265338,38.104766,16770,338.1,1.7,-0.1,,226,27,R,MEDIA
05:27:40,30.266802,38.104227,16767,338.1,1.7,-0.0,,226,27,R,MEDIA
05:27:41,30.268266,38.103688,16764,338.1,1.6,-0.0,,226,27,R,MEDIA
05:27:42,30.269730,38.103149,16760,338.1,1.6,-0.0,,226,27,R,MEDIA
05:27:43,30.271193,38.102610,16756,338.1,1.5,-0.0,,226,27,R,MEDIA
05:27:44,30.272657,38.102071,16752,338.1,1.5,-0.0,,226,27,R,MEDIA
05:27:45,30.274121,38.101531,16747,338.1,1.5,0.0,,226,27,R,MEDIA
05:27:46,30.275585,38.100992,16742,338.1,1.4,0.0,,226,27,R,MEDIA
05:27:47,30.277049,38.100453,16737,338.1,1.4,0.0,,226,27,R,MEDIA
05:27:48,30.278513,38.099914,16731,338.1,1.4,0.0,,226,27,R,MEDIA
05:27:49,30.279977,38.099375,16726,338.1,1.4,0.0,,226,27,R,MEDIA
05:27:50,30.281441,38.098835,16721,338.1,1.4,0.0,,226,27,R,MEDIA
05:27:51,30.282905,38.098296,16716,338.1,1.4,0.0,,226,27,R,MEDIA
05:27:52,30.284369,38.097758,16711,338.1,1.5,0.0,,226,27,R,MEDIA
05:27:53,30.285833,38.097219,16706,338.1,1.5,0.0,,226,27,R,MEDIA
05:27:54,30.287297,38.096680,16702,338.1,1.5,0.0,,226,27,R,MEDIA
05:27:55,30.288761,38.096141,16699,338.1,1.6,0.0,,226,27,R,MEDIA
05:27:56,30.290225,38.095602,16696,338.1,1.6,0.0,,226,27,R,MEDIA
05:27:57,30.291689,38.095063,16693,338.1,1.7,0.0,,226,27,R,MEDIA
05:27:58,30.293153,38.094525,16690,338.1,1.7,0.0,,226,27,R,MEDIA
05:27:59,30.294617,38.093986,16687,338.1,1.7,-0.0,,226,27,R,MEDIA
05:28:00,30.296081,38.093447,16684,338.1,1.6,-0.0,,226,27,R,MEDIA
05:28:01,30.297545,38.092908,16681,338.1,1.6,-0.0,,226,27,R,MEDIA
05:28:02,30.299009,38.092370,16678,338.1,1.6,-0.0,,226,27,R,MEDIA
05:28:03,30.300473,38.091831,16674,338.1,1.5,-0.0,,226,27,R,MEDIA
05:28:04,30.301937,38.091292,16669,338.1,1.5,-0.0,,226,27,R,MEDIA
05:28:05,30.303402,38.090753,16664,338.1,1.4,-0.0,,226,26,R,MEDIA
05:28:06,30.304866,38.090214,16659,338.1,1.4,-0.0,,226,26,R,MEDIA
05:28:07,30.306330,38.089675,16654,338.1,1.4,-0.0,,226,26,R,MEDIA
05:28:08,30.307794,38.089136,16649,338.1,1.4,-0.0,,226,26,R,MEDIA
05:28:09,30.309258,38.088597,16643,338.1,1.4,0.0,,226,26,R,MEDIA
05:28:10,30.310722,38.088058,16638,338.2,1.4,0.0,,226,26,R,MEDIA
05:28:11,30.312186,38.087520,16633,338.2,1.4,0.0,,226,26,R,MEDIA
05:28:12,30.313650,38.086981,16628,338.2,1.5,0.0,,226,26,R,MEDIA
05:28:13,30.315114,38.086442,16624,338.2,1.5,0.1,,226,26,R,MEDIA
05:28:14,30.316578,38.085904,16620,338.2,1.5,0.1,,226,26,R,MEDIA
05:28:15,30.318042,38.085365,16616,338.2,1.6,0.1,,226,26,R,MEDIA
05:28:16,30.319505,38.084827,16613,338.2,1.6,0.1,,226,26,R,MEDIA
05:28:17,30.320969,38.084289,16610,338.2,1.6,0.1,,226,26,R,MEDIA
05:28:18,30.322433,38.083752,16607,338.2,1.7,0.1,,226,26,R,MEDIA
05:28:19,30.323896,38.083214,16605,338.2,1.7,0.1,,226,26,R,MEDIA
05:28:20,30.325360,38.082677,16602,338.2,1.6,0.1,,226,26,R,MEDIA
05:28:21,30.326823,38.082141,16599,338.2,1.6,0.1,,226,26,R,MEDIA
05:28:22,30.328287,38.081604,16595,338.2,1.6,0.1,,226,26,R,MEDIA
05:28:23,30.329750,38.081068,16591,338.2,1.5,0.1,,226,26,R,MEDIA
05:28:24,30.331213,38.080532,16587,338.3,1.5,0.1,,226,26,R,MEDIA
05:28:25,30.332676,38.079996,16582,338.3,1.4,0.1,,226,26,R,MEDIA
05:28:26,30.334139,38.079461,16577,338.3,1.4,0.1,,226,26,R,MEDIA
05:28:27,30.335602,38.078925,16571,338.3,1.4,0.0,,226,26,R,MEDIA
05:28:28,30.337065,38.078390,16566,338.3,1.4,0.0,,226,26,R,MEDIA
05:28:29,30.338528,38.077855,16561,338.3,1.4,-0.0,,226,26,R,MEDIA
05:28:30,30.339991,38.077319,16555,338.3,1.4,-0.0,,226,26,R,MEDIA
05:28:31,30.341454,38.076784,16550,338.3,1.4,-0.1,,226,26,R,MEDIA
05:28:32,30.342917,38.076248,16546,338.3,1.5,-0.1,,226,26,R,MEDIA
05:28:33,30.344380,38.075713,16541,338.3,1.5,-0.1,,226,26,R,MEDIA
05:28:34,30.345843,38.075177,16537,338.3,1.5,-0.2,,226,26,R,MEDIA
05:28:35,30.347306,38.074640,16534,338.3,1.6,-0.2,,226,26,R,MEDIA
05:28:36,30.348769,38.074103,16530,338.2,1.6,-0.2,,226,26,R,MEDIA
05:28:37,30.350232,38.073566,16528,338.2,1.6,-0.3,,226,26,R,MEDIA
05:28:38,30.351695,38.073029,16525,338.2,1.6,-0.3,,226,26,R,MEDIA
05:28:39,30.353158,38.072490,16522,338.2,1.6,-0.3,,226,26,R,MEDIA
05:28:40,30.354622,38.071951,16519,338.2,1.6,-0.3,,226,26,R,MEDIA
05:28:41,30.356085,38.071412,16516,338.2,1.6,-0.4,,226,26,R,MEDIA
05:28:42,30.357549,38.070871,16512,338.1,1.5,-0.4,,226,26,R,MEDIA
05:28:43,30.359013,38.070330,16508,338.1,1.5,-0.4,,226,26,R,MEDIA
05:28:44,30.360477,38.069788,16504,338.1,1.4,-0.5,,226,26,R,MEDIA
05:28:45,30.361941,38.069245,16499,338.1,1.4,-0.5,,226,26,R,MEDIA
05:28:46,30.363405,38.068701,16494,338.0,1.4,-0.5,,226,26,R,MEDIA
05:28:47,30.364870,38.068155,16489,338.0,1.4,-0.5,,226,26,R,MEDIA
05:28:48,30.366335,38.067609,16484,338.0,1.3,-0.5,,226,26,R,MEDIA
05:28:49,30.367800,38.067062,16478,338.0,1.3,-0.5,,226,26,R,MEDIA
05:28:50,30.369265,38.066514,16473,337.9,1.4,-0.5,,226,26,R,MEDIA
05:28:51,30.370730,38.065964,16468,337.9,1.4,-0.5,,226,26,R,MEDIA
05:28:52,30.372196,38.065414,16463,337.9,1.4,-0.5,,226,26,R,MEDIA
05:28:53,30.373662,38.064863,16459,337.9,1.4,-0.5,,226,26,R,MEDIA
05:28:54,30.375128,38.064310,16455,337.8,1.5,-0.4,,226,26,R,MEDIA
05:28:55,30.376595,38.063757,16451,337.8,1.5,-0.4,,226,26,R,MEDIA
05:28:56,30.378062,38.063203,16448,337.8,1.5,-0.3,,226,26,R,MEDIA
05:28:57,30.379528,38.062649,16445,337.8,1.6,-0.3,,226,26,R,MEDIA
05:28:58,30.380995,38.062094,16442,337.8,1.6,-0.2,,226,26,R,MEDIA
05:28:59,30.382462,38.061538,16440,337.8,1.6,-0.1,,226,26,R,MEDIA
05:29:00,30.383930,38.060982,16437,337.8,1.6,-0.1,,226,26,R,MEDIA
05:29:01,30.385397,38.060426,16433,337.8,1.5,0.0,,226,26,R,MEDIA
05:29:02,30.386864,38.059871,16430,337.8,1.5,0.1,,226,26,R,MEDIA
05:29:03,30.388332,38.059315,16426,337.8,1.4,0.2,,226,26,R,MEDIA
05:29:04,30.389799,38.058760,16422,337.8,1.4,0.4,,226,26,R,MEDIA
05:29:05,30.391266,38.058206,16417,337.8,1.4,0.5,,226,26,R,MEDIA
05:29:06,30.392733,38.057653,16412,337.8,1.3,0.6,,226,26,R,MEDIA
05:29:07,30.394200,38.057101,16406,337.9,1.3,0.8,,226,26,R,MEDIA
05:29:08,30.395667,38.056551,16401,337.9,1.3,0.9,,226,26,R,MEDIA
05:29:09,30.397133,38.056002,16396,338.0,1.3,1.1,,226,26,R,MEDIA
05:29:10,30.398599,38.055456,16391,338.1,1.3,1.3,,226,26,R,MEDIA
05:29:11,30.400065,38.054912,16385,338.1,1.4,1.4,,226,26,R,MEDIA
05:29:12,30.401530,38.054372,16381,338.2,1.4,1.6,,226,26,R,MEDIA
05:29:13,30.402994,38.053834,16376,338.3,1.5,1.9,,226,26,R,MEDIA
05:29:14,30.404458,38.053301,16372,338.4,1.5,2.1,,226,26,R,MEDIA
05:29:15,30.405921,38.052772,16369,338.5,1.6,2.3,,226,26,R,MEDIA
05:29:16,30.407383,38.052247,16366,338.7,1.6,2.5,,226,26,R,MEDIA
05:29:17,30.408845,38.051728,16363,338.8,1.7,2.7,,226,26,R,MEDIA
05:29:18,30.410305,38.051214,16360,339.0,1.7,2.9,,226,26,R,MEDIA
05:29:19,30.411764,38.050706,16357,339.2,1.7,3.0,,226,26,R,MEDIA
05:29:20,30.413222,38.050204,16354,339.3,1.7,3.2,,226,26,R,MEDIA
05:29:21,30.414680,38.049708,16351,339.5,1.7,3.3,,226,26,R,MEDIA
05:29:22,30.416135,38.049219,16348,339.7,1.7,3.5,,226,26,R,MEDIA
05:29:23,30.417590,38.048737,16344,339.9,1.6,3.6,,226,26,R,MEDIA
05:29:24,30.419043,38.048262,16339,340.1,1.6,3.7,,226,26,R,MEDIA
05:29:25,30.420495,38.047794,16335,340.3,1.6,3.8,,226,26,R,MEDIA
05:29:26,30.421945,38.047334,16330,340.6,1.6,3.9,,226,26,R,MEDIA
05:29:27,30.423394,38.046882,16324,340.8,1.6,3.9,,226,26,R,MEDIA
05:29:28,30.424841,38.046437,16319,341.0,1.6,4.0,,226,26,R,MEDIA
05:29:29,30.426287,38.046000,16314,341.3,1.6,4.1,,226,26,R,MEDIA
05:29:30,30.427731,38.045571,16308,341.5,1.7,4.1,,226,26,R,MEDIA
05:29:31,30.429174,38.045151,16303,341.7,1.7,4.1,,226,26,R,MEDIA
05:29:32,30.430614,38.044738,16299,342.0,1.8,4.2,,226,26,R,MEDIA
05:29:33,30.432053,38.044334,16294,342.2,1.8,4.2,,226,26,R,MEDIA
05:29:34,30.433491,38.043938,16290,342.5,1.9,4.2,,226,26,R,MEDIA
05:29:35,30.434926,38.043550,16287,342.7,2.0,4.2,,226,26,R,MEDIA
05:29:36,30.436360,38.043170,16284,343.0,2.0,4.2,,226,26,R,MEDIA
05:29:37,30.437792,38.042799,16281,343.2,2.1,4.2,,226,26,R,MEDIA
05:29:38,30.439222,38.042435,16278,343.5,2.1,4.1,,226,26,R,MEDIA
05:29:39,30.440650,38.042080,16275,343.7,2.1,4.1,,226,26,R,MEDIA
05:29:40,30.442076,38.041732,16272,343.9,2.1,4.1,,227,26,R,MEDIA
05:29:41,30.443501,38.041392,16269,344.2,2.1,4.0,,227,26,R,MEDIA
05:29:42,30.444923,38.041061,16266,344.4,2.1,3.9,,227,26,R,MEDIA
05:29:43,30.446344,38.040736,16262,344.7,2.1,3.9,,227,26,R,MEDIA
05:29:44,30.447762,38.040419,16257,344.9,2.1,3.8,,227,26,R,MEDIA
05:29:45,30.449179,38.040110,16253,345.1,2.1,3.7,,227,26,R,MEDIA
05:29:46,30.450594,38.039807,16248,345.3,2.0,3.6,,227,27,R,MEDIA
05:29:47,30.452007,38.039512,16243,345.5,2.1,3.5,,227,27,R,MEDIA
05:29:48,30.453418,38.039223,16237,345.7,2.1,3.4,,227,27,R,MEDIA
05:29:49,30.454827,38.038941,16232,345.9,2.1,3.3,,227,27,R,MEDIA
05:29:50,30.456234,38.038665,16227,346.1,2.1,3.2,,227,27,R,MEDIA
05:29:51,30.457639,38.038395,16222,346.3,2.2,3.1,,227,27,R,MEDIA
05:29:52,30.459042,38.038131,16217,346.5,2.2,2.9,,227,27,R,MEDIA
05:29:53,30.460443,38.037873,16213,346.7,2.3,2.8,,227,27,R,MEDIA
05:29:54,30.461842,38.037619,16209,346.8,2.3,2.6,,227,27,R,MEDIA
05:29:55,30.463240,38.037371,16206,347.0,2.4,2.5,,227,27,R,MEDIA
05:29:56,30.464635,38.037128,16202,347.1,2.5,2.3,,227,27,R,MEDIA
05:29:57,30.466029,38.036889,16200,347.3,2.5,2.2,,227,27,R,MEDIA
05:29:58,30.467421,38.036655,16197,347.4,2.6,2.0,,227,27,R,MEDIA
05:29:59,30.468811,38.036424,16194,347.5,2.6,1.8,,227,27,R,MEDIA
05:30:00,30.470199,38.036196,16192,347.6,2.6,1.7,,227,27,R,MEDIA
05:30:01,30.471585,38.035972,16188,347.7,2.6,1.5,,227,27,R,MEDIA
05:30:02,30.472969,38.035751,16185,347.8,2.6,1.3,,227,27,R,MEDIA
05:30:03,30.474352,38.035533,16181,347.9,2.6,1.1,,227,27,R,MEDIA
05:30:04,30.475732,38.035316,16177,347.9,2.5,0.9,,227,27,R,MEDIA
05:30:05,30.477111,38.035102,16172,348.0,2.5,0.7,,227,27,R,MEDIA
05:30:06,30.478489,38.034889,16168,348.0,2.5,0.6,,227,27,R,MEDIA
05:30:07,30.479864,38.034677,16163,348.0,2.5,0.4,,227,27,R,MEDIA
05:30:08,30.481238,38.034466,16158,348.0,2.6,0.2,,227,27,R,MEDIA
05:30:09,30.482610,38.034256,16152,348.0,2.6,-0.0,,227,27,R,MEDIA
05:30:10,30.483980,38.034045,16147,347.9,2.6,-0.2,,229,27,R,MEDIA
05:30:11,30.485349,38.033835,16143,347.9,2.7,-0.4,,229,27,R,MEDIA
05:30:12,30.486716,38.033623,16138,347.9,2.7,-0.7,,229,27,R,MEDIA
05:30:13,30.488081,38.033411,16134,347.8,2.8,-0.9,,229,27,R,MEDIA
05:30:14,30.489445,38.033197,16130,347.7,2.9,-1.1,,229,27,R,MEDIA
05:30:15,30.490807,38.032982,16127,347.7,2.9,-1.3,,229,27,R,MEDIA
05:30:16,30.492168,38.032764,16124,347.6,3.0,-1.5,,229,27,R,MEDIA
05:30:17,30.493527,38.032544,16121,347.4,3.1,-1.7,,229,27,R,MEDIA
05:30:18,30.494884,38.032321,16118,347.3,3.1,-1.9,,229,27,R,MEDIA
05:30:19,30.496240,38.032095,16116,347.2,3.1,-2.1,,229,27,R,MEDIA
05:30:20,30.497595,38.031865,16113,347.0,3.1,-2.3,,229,27,R,MEDIA
05:30:21,30.498948,38.031631,16110,346.9,3.1,-2.5,,229,27,R,MEDIA
05:30:22,30.500299,38.031392,16107,346.7,3.1,-2.7,,229,27,R,MEDIA
05:30:23,30.501650,38.031149,16103,346.5,3.1,-2.9,,229,27,R,MEDIA
05:30:24,30.502998,38.030901,16099,346.3,3.0,-3.1,,229,27,R,MEDIA
05:30:25,30.504346,38.030647,16095,346.1,3.0,-3.3,,229,27,R,MEDIA
05:30:26,30.505692,38.030388,16090,345.8,3.0,-3.5,,229,27,R,MEDIA
05:30:27,30.507036,38.030122,16086,345.6,3.0,-3.7,,229,27,R,MEDIA
05:30:28,30.508379,38.029850,16081,345.3,3.0,-3.9,,229,27,R,MEDIA
05:30:29,30.509721,38.029570,16076,345.1,3.0,-4.1,,229,27,R,MEDIA
05:30:30,30.511062,38.029284,16071,344.8,3.0,-4.3,,229,27,R,MEDIA
05:30:31,30.512401,38.028990,16066,344.5,3.0,-4.4,,229,27,R,MEDIA
05:30:32,30.513739,38.028688,16062,344.2,3.0,-4.6,,229,27,R,MEDIA
05:30:33,30.515076,38.028379,16058,343.9,3.1,-4.8,,229,27,R,MEDIA
05:30:34,30.516411,38.028060,16054,343.5,3.1,-4.9,,229,27,R,MEDIA
05:30:35,30.517745,38.027733,16051,343.2,3.2,-5.1,,229,27,R,MEDIA
05:30:36,30.519078,38.027397,16048,342.8,3.2,-5.2,,229,27,R,MEDIA
05:30:37,30.520410,38.027051,16046,342.5,3.2,-5.4,,229,27,R,MEDIA
05:30:38,30.521740,38.026696,16044,342.1,3.2,-5.5,,229,27,R,MEDIA
05:30:39,30.523069,38.026331,16042,341.8,3.2,-5.7,,229,27,R,MEDIA
05:30:40,30.524397,38.025955,16039,341.4,3.2,-5.8,,229,27,R,MEDIA
05:30:41,30.525724,38.025569,16037,341.0,3.2,-5.9,,229,27,R,MEDIA
05:30:42,30.527049,38.025173,16035,340.6,3.1,-6.1,,229,27,R,MEDIA
05:30:43,30.528374,38.024765,16032,340.2,3.1,-6.2,,229,27,R,MEDIA
05:30:44,30.529697,38.024347,16029,339.8,3.0,-6.3,,229,27,R,MEDIA
05:30:45,30.531018,38.023917,16026,339.4,3.0,-6.4,,229,27,R,MEDIA
05:30:46,30.532339,38.023476,16022,338.9,2.9,-6.5,,229,27,R,MEDIA
05:30:47,30.533658,38.023023,16019,338.5,2.9,-6.5,,229,27,R,MEDIA
05:30:48,30.534976,38.022558,16016,338.1,2.9,-6.6,,229,27,R,MEDIA
05:30:49,30.536293,38.022081,16012,337.6,2.8,-6.7,,229,27,R,MEDIA
05:30:50,30.537608,38.021593,16009,337.2,2.8,-6.7,,229,27,R,MEDIA
05:30:51,30.538923,38.021091,16005,336.8,2.8,-6.8,,229,27,R,MEDIA
05:30:52,30.540235,38.020578,16002,336.3,2.8,-6.8,,229,27,R,MEDIA
05:30:53,30.541547,38.020052,15999,335.9,2.8,-6.9,,229,27,R,MEDIA
05:30:54,30.542857,38.019514,15997,335.4,2.8,-6.9,,229,27,R,MEDIA
05:30:55,30.544166,38.018963,15995,335.0,2.8,-6.9,,229,27,R,MEDIA
05:30:56,30.545473,38.018399,15993,334.6,2.8,-6.9,,229,27,R,MEDIA
05:30:57,30.546779,38.017823,15991,334.1,2.8,-6.9,,229,27,R,MEDIA
05:30:58,30.548084,38.017234,15990,333.7,2.7,-6.9,,229,27,R,MEDIA
05:30:59,30.549387,38.016632,15988,333.2,2.7,-6.9,,229,27,R,MEDIA
05:31:00,30.550688,38.016018,15986,332.8,2.6,-6.9,,229,27,R,MEDIA
05:31:01,30.551988,38.015392,15984,332.4,2.6,-6.8,,229,27,R,MEDIA
05:31:02,30.553287,38.014752,15982,332.0,2.5,-6.8,,229,27,R,MEDIA
05:31:03,30.554583,38.014101,15979,331.5,2.5,-6.7,,229,27,R,MEDIA
05:31:04,30.555878,38.013437,15976,331.1,2.4,-6.7,,229,27,R,MEDIA
05:31:05,30.557172,38.012761,15972,330.7,2.3,-6.6,,230,27,R,MEDIA
05:31:06,30.558463,38.012073,15968,330.3,2.2,-6.5,,230,27,R,MEDIA
05:31:07,30.559753,38.011373,15964,329.9,2.2,-6.4,,230,27,R,MEDIA
05:31:08,30.561040,38.010661,15959,329.5,2.1,-6.3,,230,27,R,MEDIA
05:31:09,30.562326,38.009938,15953,329.1,2.0,-6.2,,230,27,R,MEDIA
05:31:10,30.563610,38.009204,15947,328.7,2.0,-6.1,,230,27,R,MEDIA
05:31:11,30.564892,38.008459,15942,328.4,1.9,-6.0,,230,27,R,MEDIA
05:31:12,30.566171,38.007703,15935,328.0,1.9,-5.8,,230,27,R,MEDIA
05:31:13,30.567449,38.006936,15929,327.6,1.9,-5.7,,230,27,R,MEDIA
05:31:14,30.568724,38.006160,15923,327.3,1.8,-5.5,,230,27,R,MEDIA
05:31:15,30.569996,38.005374,15916,327.0,1.8,-5.4,,230,27,R,MEDIA
05:31:16,30.571267,38.004579,15910,326.7,1.8,-5.2,,230,27,R,MEDIA
05:31:17,30.572534,38.003775,15904,326.3,1.8,-5.0,,230,27,R,MEDIA
05:31:18,30.573799,38.002963,15899,326.0,1.9,-4.8,,229,27,R,MEDIA
05:31:19,30.575062,38.002142,15893,325.8,1.9,-4.6,,229,27,R,MEDIA
05:31:20,30.576321,38.001314,15889,325.5,1.9,-4.4,,229,27,R,MEDIA
05:31:21,30.577578,38.000479,15884,325.2,2.0,-4.2,,229,27,R,MEDIA
05:31:22,30.578831,37.999638,15880,325.0,2.1,-3.9,,229,27,R,MEDIA
05:31:23,30.580082,37.998791,15877,324.7,2.1,-3.7,,229,27,R,MEDIA
05:31:24,30.581329,37.997938,15875,324.5,2.2,-3.4,,233,27,R,MEDIA
05:31:25,30.582573,37.997081,15873,324.3,2.3,-3.1,,233,27,R,MEDIA
05:31:26,30.583814,37.996220,15871,324.2,2.3,-2.8,,220,27,A,ADSBLOL
05:31:27,30.585050,37.995356,15871,324.0,2.4,-2.5,,220,27,A,ADSBLOL
05:31:28,30.586284,37.994489,15871,323.8,2.8,-2.2,237,220,27,A,ADSBLOL
05:31:29,30.587513,37.993620,15871,323.7,2.9,-1.9,237,220,27,A,ADSBLOL
05:31:30,30.588740,37.992750,15872,323.6,2.9,-1.5,237,220,27,A,ADSBLOL
05:31:31,30.589964,37.991879,15873,323.5,2.9,-1.1,237,220,27,A,ADSBLOL
05:31:32,30.591186,37.991007,15874,323.4,2.9,-0.9,238,220,27,A,ADSBLOL
05:31:33,30.592407,37.990134,15876,323.4,2.9,-0.8,238,220,27,A,ADSBLOL
05:31:34,30.593627,37.989260,15877,323.3,3.0,-0.7,238,220,27,A,ADSBLOL
05:31:35,30.594847,37.988384,15879,323.3,3.0,-0.6,238,220,27,A,ADSBLOL
05:31:36,30.596068,37.987506,15882,323.3,3.0,-0.5,238,220,27,A,ADSBLOL
05:31:37,30.597292,37.986626,15885,323.2,3.1,-0.3,238,220,27,A,ADSBLOL
05:31:38,30.598518,37.985743,15888,323.2,3.1,-0.2,238,220,27,A,ADSBLOL
05:31:39,30.599748,37.984857,15891,323.2,3.2,-0.0,238,220,27,A,ADSBLOL
05:31:40,30.600981,37.983969,15895,323.3,3.2,0.1,238,220,27,A,ADSBLOL
05:31:41,30.602216,37.983080,15900,323.3,3.3,0.2,238,220,27,A,ADSBLOL
05:31:42,30.603452,37.982190,15904,323.3,3.3,0.2,238,220,27,A,ADSBLOL
05:31:43,30.604689,37.981300,15909,323.3,3.3,0.2,238,220,27,A,ADSBLOL
05:31:44,30.605926,37.980411,15915,323.3,3.4,0.2,238,220,27,A,ADSBLOL
05:31:45,30.607162,37.979523,15920,323.3,3.4,0.1,238,220,27,A,ADSBLOL
05:31:46,30.608396,37.978637,15926,323.3,3.4,-0.1,238,220,27,A,ADSBLOL
05:31:47,30.609626,37.977752,15932,323.3,3.5,-0.5,238,220,27,A,ADSBLOL
05:31:48,30.610853,37.976868,15938,323.2,3.5,-0.9,238,220,27,A,ADSBLOL
05:31:49,30.612077,37.975985,15945,323.1,3.6,-1.5,238,220,27,A,ADSBLOL
05:31:50,30.613298,37.975101,15953,323.0,3.6,-2.2,238,220,27,A,ADSBLOL
05:31:51,30.614515,37.974214,15961,322.9,3.7,-2.9,238,220,27,A,ADSBLOL
05:31:52,30.615728,37.973324,15970,322.7,3.8,-3.2,238,220,27,A,ADSBLOL
05:31:53,30.616937,37.972430,15979,322.5,3.8,-3.0,238,220,27,A,ADSBLOL
05:31:54,30.618144,37.971531,15989,322.3,3.9,-2.7,238,220,27,A,ADSBLOL
05:31:55,30.619348,37.970630,15999,322.1,3.9,-2.1,238,220,27,A,ADSBLOL
05:31:56,30.620550,37.969725,16009,322.0,4.0,-1.5,237,220,27,R,ADSBLOL
05:31:57,30.621750,37.968819,16020,321.9,4.0,-0.9,237,220,27,A,ADSBLOL
05:31:58,30.622950,37.967912,16031,321.9,4.0,-0.5,237,220,27,A,ADSBLOL
05:31:59,30.624148,37.967005,16042,321.9,4.0,-0.4,237,220,27,A,ADSBLOL
05:32:00,30.625346,37.966097,16052,321.8,4.0,-0.6,237,220,27,A,ADSBLOL
05:32:01,30.626543,37.965189,16063,321.8,4.0,-1.3,237,220,27,A,ADSBLOL
05:32:02,30.627737,37.964280,16074,321.7,4.0,-2.6,237,220,27,A,ADSBLOL
05:32:03,30.628927,37.963367,16084,321.4,4.0,-3.7,236,220,27,A,ADSBLOL
05:32:04,30.630111,37.962450,16095,321.2,4.1,-4.1,236,220,27,A,ADSBLOL
05:32:05,30.631291,37.961528,16105,320.9,4.1,-3.7,235,220,27,A,ADSBLOL
05:32:06,30.632466,37.960603,16115,320.7,4.1,-2.7,235,220,27,A,ADSBLOL
05:32:07,30.633637,37.959675,16125,320.6,4.1,-1.3,235,220,27,A,ADSBLOL
05:32:08,30.634805,37.958748,16134,320.5,4.0,0.1,235,220,27,A,ADSBLOL
05:32:09,30.635971,37.957824,16142,320.6,3.9,1.3,234,220,27,A,ADSBLOL
05:32:10,30.637134,37.956905,16148,320.7,3.8,2.1,234,220,27,A,ADSBLOL
05:32:11,30.638296,37.955992,16154,320.8,3.6,2.5,234,220,27,A,ADSBLOL
05:32:12,30.639457,37.955084,16158,320.9,3.5,2.6,234,220,27,A,ADSBLOL
05:32:13,30.640619,37.954182,16160,321.1,3.3,2.5,234,220,27,A,ADSBLOL
05:32:14,30.641784,37.953283,16161,321.3,3.2,2.2,234,220,27,A,ADSBLOL
05:32:15,30.642953,37.952385,16161,321.4,3.0,1.8,234,220,27,A,ADSBLOL
05:32:16,30.644127,37.951487,16160,321.5,2.9,1.5,234,220,27,A,ADSBLOL
05:32:17,30.645307,37.950587,16159,321.6,2.9,1.2,234,220,27,A,ADSBLOL
05:32:18,30.646493,37.949685,16157,321.7,2.9,1.2,234,220,27,A,ADSBLOL
05:32:19,30.647685,37.948782,16155,321.8,2.9,1.3,234,220,27,A,ADSBLOL
05:32:20,30.648881,37.947878,16154,321.9,2.8,1.5,235,220,27,A,ADSBLOL
05:32:21,30.650080,37.946975,16153,322.0,2.8,2.0,235,220,27,A,ADSBLOL
05:32:22,30.651283,37.946075,16152,322.2,2.9,2.3,235,220,27,A,ADSBLOL
05:32:23,30.652489,37.945176,16151,322.3,2.8,2.2,236,220,27,A,ADSBLOL
05:32:24,30.653700,37.944279,16151,322.5,2.9,1.8,236,220,27,A,ADSBLOL
05:32:25,30.654914,37.943383,16151,322.6,2.9,1.4,236,220,27,A,ADSBLOL
05:32:26,30.656131,37.942487,16151,322.7,2.9,0.9,236,220,27,A,ADSBLOL
05:32:27,30.657351,37.941591,16151,322.8,2.9,0.5,236,220,27,A,ADSBLOL
05:32:28,30.658573,37.940694,16151,322.8,2.9,0.1,236,220,27,A,ADSBLOL
05:32:29,30.659795,37.939797,16151,322.9,2.9,-0.2,236,220,27,A,ADSBLOL
05:32:30,30.661018,37.938899,16151,322.9,2.9,-0.4,236,220,27,A,ADSBLOL
05:32:31,30.662240,37.938001,16152,322.9,2.9,-0.6,236,220,27,A,ADSBLOL
05:32:32,30.663461,37.937102,16152,322.8,2.9,-0.6,236,220,27,A,ADSBLOL
05:32:33,30.664682,37.936202,16152,322.8,2.9,-0.4,236,220,26,A,ADSBLOL
05:32:34,30.665902,37.935301,16152,322.8,2.9,-0.1,237,220,26,A,ADSBLOL
05:32:35,30.667123,37.934401,16152,322.9,2.8,0.3,237,221,26,A,ADSBLOL
05:32:36,30.668344,37.933501,16152,322.9,2.7,0.5,237,221,26,A,ADSBLOL
05:32:37,30.669564,37.932603,16150,322.9,2.6,0.6,237,221,26,A,ADSBLOL
05:32:38,30.670783,37.931707,16148,323.0,2.5,0.7,237,220,26,A,ADSBLOL
05:32:39,30.672003,37.930812,16144,323.0,2.4,0.8,237,220,26,A,ADSBLOL
05:32:40,30.673224,37.929918,16140,323.1,2.3,1.0,237,220,26,A,ADSBLOL
05:32:41,30.674447,37.929025,16136,323.2,2.3,1.4,237,220,26,A,ADSBLOL
05:32:42,30.675674,37.928132,16132,323.3,2.4,2.1,237,220,26,A,ADSBLOL
05:32:43,30.676905,37.927241,16128,323.5,2.5,2.6,237,220,26,A,ADSBLOL
05:32:44,30.678142,37.926352,16126,323.7,2.6,2.8,237,220,26,A,ADSBLOL
05:32:45,30.679385,37.925464,16124,323.9,2.7,2.8,237,220,26,A,ADSBLOL
05:32:46,30.680633,37.924578,16124,324.1,2.8,2.8,237,220,25,A,ADSBLOL
05:32:47,30.681885,37.923695,16124,324.3,2.8,2.8,238,220,25,A,ADSBLOL
05:32:48,30.683139,37.922817,16125,324.4,2.9,2.8,238,220,25,A,ADSBLOL
05:32:49,30.684396,37.921943,16126,324.6,2.8,3.1,238,220,25,A,ADSBLOL
05:32:50,30.685656,37.921073,16126,324.8,2.8,3.2,238,220,25,A,ADSBLOL
05:32:51,30.686920,37.920207,16126,325.0,2.7,2.9,238,220,25,A,ADSBLOL
05:32:52,30.688187,37.919345,16125,325.2,2.6,2.1,238,220,25,A,ADSBLOL
05:32:53,30.689457,37.918484,16122,325.3,2.5,1.0,238,220,25,A,ADSBLOL
05:32:54,30.690729,37.917623,16119,325.4,2.3,-0.3,238,220,25,A,ADSBLOL
05:32:55,30.692002,37.916761,16114,325.3,2.2,-1.4,238,220,25,A,ADSBLOL
05:32:56,30.693275,37.915894,16109,325.2,2.1,-2.2,238,220,25,A,ADSBLOL
05:32:57,30.694547,37.915024,16103,325.1,2.1,-3.1,238,220,25,A,ADSBLOL
05:32:58,30.695817,37.914148,16096,324.8,2.1,-3.9,238,220,25,A,ADSBLOL
05:32:59,30.697082,37.913267,16090,324.6,2.1,-5.0,238,220,25,A,ADSBLOL
05:33:00,30.698342,37.912378,16084,324.2,2.2,-6.3,238,220,25,A,ADSBLOL
05:33:01,30.699594,37.911481,16080,323.8,2.3,-8.0,238,220,25,A,ADSBLOL
05:33:02,30.700837,37.910573,16076,323.2,2.5,-9.7,238,220,25,A,ADSBLOL
05:33:03,30.702068,37.909652,16074,322.6,2.7,-10.7,238,220,25,A,ADSBLOL
05:33:04,30.703288,37.908715,16074,321.9,2.9,-11.0,238,220,25,A,ADSBLOL
05:33:05,30.704498,37.907764,16075,321.2,3.0,-10.7,240,220,25,A,ADSBLOL
05:33:06,30.705697,37.906797,16077,320.6,3.0,-10.2,242,220,25,A,ADSBLOL
05:33:07,30.706888,37.905814,16081,320.0,3.1,-9.8,243,220,25,A,ADSBLOL
05:33:08,30.708071,37.904818,16087,319.4,3.2,-9.6,243,220,25,A,ADSBLOL
05:33:09,30.709245,37.903806,16092,318.8,3.3,-9.9,243,220,25,A,ADSBLOL
05:33:10,30.710412,37.902778,16099,318.2,3.3,-10.6,243,220,25,A,ADSBLOL
05:33:11,30.711569,37.901734,16105,317.6,3.3,-11.0,243,220,25,A,ADSBLOL
05:33:12,30.712718,37.900674,16110,316.9,3.2,-10.8,243,220,25,A,ADSBLOL
05:33:13,30.713856,37.899598,16115,316.2,3.1,-10.3,243,220,25,A,ADSBLOL
05:33:14,30.714986,37.898506,16120,315.7,3.0,-9.3,243,220,24,A,ADSBLOL
05:33:15,30.716107,37.897402,16123,315.1,2.9,-8.1,243,220,24,R,ADSBLOL
05:33:16,30.717221,37.896286,16125,314.7,2.8,-6.6,243,220,24,R,ADSBLOL
05:33:17,30.718330,37.895161,16126,314.3,2.7,-5.0,243,220,24,R,ADSBLOL
05:33:18,30.719433,37.894031,16127,314.1,2.6,-3.3,243,220,24,R,ADSBLOL
05:33:19,30.720534,37.892896,16127,314.0,2.5,-1.5,243,220,24,R,ADSBLOL
05:33:20,30.721634,37.891759,16126,313.9,2.4,0.1,243,220,24,R,ADSBLOL
05:33:21,30.722735,37.890624,16124,314.0,2.4,1.7,243,220,24,R,ADSBLOL
05:33:22,30.723837,37.889491,16123,314.1,2.3,3.0,243,220,24,R,ADSBLOL
05:33:23,30.724943,37.888363,16121,314.3,2.3,4.1,243,220,24,R,ADSBLOL
05:33:24,30.726053,37.887241,16119,314.6,2.4,4.8,243,220,24,R,ADSBLOL
05:33:25,30.727167,37.886126,16118,314.9,2.4,5.1,243,220,24,R,ADSBLOL
05:33:26,30.728286,37.885019,16117,315.2,2.5,4.9,243,220,24,A,ADSBLOL
05:33:27,30.729408,37.883920,16117,315.5,2.5,4.2,243,220,24,A,ADSBLOL
05:33:28,30.730533,37.882827,16117,315.7,2.6,2.8,243,220,24,A,ADSBLOL
05:33:29,30.731659,37.881738,16119,315.9,2.7,0.7,243,220,24,A,ADSBLOL
05:33:30,30.732783,37.880651,16122,315.8,2.9,-2.3,243,220,24,A,ADSBLOL
05:33:31,30.733902,37.879561,16126,315.6,3.0,-5.6,243,220,24,A,ADSBLOL
05:33:32,30.735014,37.878465,16131,315.2,3.2,-7.0,243,220,24,A,ADSBLOL
05:33:33,30.736117,37.877361,16137,314.8,3.3,-6.2,243,220,24,A,ADSBLOL
05:33:34,30.737212,37.876250,16144,314.4,3.3,-5.1,244,220,24,A,ADSBLOL
05:33:35,30.738302,37.875134,16152,314.2,3.4,-4.0,244,220,24,A,ADSBLOL
05:33:36,30.739387,37.874013,16161,314.0,3.4,-3.2,245,220,23,A,ADSBLOL
05:33:37,30.740470,37.872887,16170,313.8,3.4,-2.9,245,220,23,A,ADSBLOL
05:33:38,30.741549,37.871759,16180,313.7,3.5,-2.9,245,220,23,A,ADSBLOL
05:33:39,30.742625,37.870626,16189,313.5,3.5,-2.7,245,220,23,A,ADSBLOL
05:33:40,30.743697,37.869491,16199,313.4,3.5,-2.3,245,220,23,A,ADSBLOL
05:33:41,30.744767,37.868354,16208,313.2,3.5,-1.8,245,220,23,A,ADSBLOL
05:33:42,30.745834,37.867216,16218,313.2,3.5,-1.2,245,220,23,A,ADSBLOL
05:33:43,30.746899,37.866077,16227,313.1,3.5,-0.5,245,220,23,R,ADSBLOL
05:33:44,30.747964,37.864939,16237,313.1,3.5,0.2,245,220,23,R,ADSBLOL
05:33:45,30.749027,37.863802,16247,313.1,3.5,0.8,245,220,23,A,ADSBLOL
05:33:46,30.750092,37.862667,16257,313.2,3.5,1.3,245,220,23,A,ADSBLOL
05:33:47,30.751157,37.861534,16267,313.3,3.6,1.7,245,220,23,A,ADSBLOL
05:33:48,30.752223,37.860405,16278,313.4,3.6,2.0,245,220,23,A,ADSBLOL
05:33:49,30.753291,37.859278,16289,313.6,3.6,2.0,245,220,23,A,ADSBLOL
05:33:50,30.754361,37.858155,16300,313.7,3.7,1.8,245,220,23,A,ADSBLOL
05:33:51,30.755432,37.857034,16312,313.8,3.8,1.5,243,220,23,A,ADSBLOL
05:33:52,30.756506,37.855914,16324,313.9,3.9,1.2,241,220,23,A,ADSBLOL
05:33:53,30.757582,37.854794,16336,314.0,3.9,0.9,241,220,23,A,ADSBLOL
05:33:54,30.758661,37.853673,16347,314.0,3.9,0.6,241,220,22,A,ADSBLOL
05:33:55,30.759742,37.852552,16358,314.1,3.7,0.3,241,220,22,A,ADSBLOL
05:33:56,30.760823,37.851431,16366,314.1,3.5,0.2,240,220,22,A,ADSBLOL
05:33:57,30.761902,37.850312,16373,314.1,3.3,0.0,240,220,22,A,ADSBLOL
05:33:58,30.762978,37.849196,16376,314.1,3.0,-0.0,241,220,22,A,ADSBLOL
05:33:59,30.764052,37.848083,16377,314.1,2.7,-0.1,241,220,22,A,ADSBLOL
05:34:00,30.765123,37.846972,16376,314.1,2.5,-0.1,241,220,22,A,ADSBLOL
05:34:01,30.766193,37.845862,16374,314.1,2.3,-0.1,241,220,22,A,ADSBLOL
05:34:02,30.767264,37.844751,16370,314.1,2.1,-0.1,242,220,22,A,ADSBLOL
05:34:03,30.768339,37.843636,16365,314.2,2.0,0.1,242,220,22,A,ADSBLOL
05:34:04,30.769419,37.842516,16361,314.2,2.1,0.3,242,220,22,A,ADSBLOL
05:34:05,30.770505,37.841390,16356,314.3,2.1,0.5,242,220,22,A,ADSBLOL
05:34:06,30.771596,37.840260,16353,314.3,2.2,0.6,242,220,22,A,ADSBLOL
05:34:07,30.772691,37.839128,16350,314.4,2.3,0.6,242,220,22,A,ADSBLOL
05:34:08,30.773788,37.837995,16347,314.4,2.3,0.5,242,220,21,A,ADSBLOL
05:34:09,30.774883,37.836865,16345,314.5,2.3,0.3,242,220,21,A,ADSBLOL
05:34:10,30.775977,37.835737,16342,314.5,2.2,0.1,242,220,21,A,ADSBLOL
05:34:11,30.777069,37.834611,16338,314.5,2.2,-0.2,242,220,21,A,ADSBLOL
05:34:12,30.778159,37.833486,16335,314.4,2.1,-0.4,243,220,21,A,ADSBLOL
05:34:13,30.779249,37.832361,16331,314.4,2.1,-0.4,243,220,21,A,ADSBLOL
05:34:14,30.780340,37.831234,16328,314.4,2.2,-0.4,243,220,21,A,ADSBLOL
05:34:15,30.781431,37.830105,16324,314.4,2.2,-0.5,243,220,21,A,ADSBLOL
05:34:16,30.782524,37.828974,16321,314.4,2.1,-0.4,244,220,21,A,ADSBLOL
05:34:17,30.783617,37.827841,16317,314.4,2.1,-0.2,244,220,21,A,ADSBLOL
05:34:18,30.784711,37.826707,16313,314.4,2.0,0.3,244,220,21,A,ADSBLOL
05:34:19,30.785807,37.825573,16309,314.4,2.0,0.8,244,220,21,A,ADSBLOL
05:34:20,30.786903,37.824441,16305,314.5,2.0,1.2,244,220,21,A,ADSBLOL
05:34:21,30.787999,37.823311,16301,314.5,2.1,1.3,244,220,21,A,ADSBLOL
05:34:22,30.789094,37.822185,16298,314.6,2.0,1.3,245,220,21,A,ADSBLOL
05:34:23,30.790188,37.821064,16294,314.7,2.0,1.1,245,220,21,A,ADSBLOL
05:34:24,30.791280,37.819948,16291,314.8,2.0,0.8,245,220,21,A,ADSBLOL
05:34:25,30.792370,37.818834,16287,314.8,2.0,0.6,245,220,21,A,ADSBLOL
05:34:26,30.793461,37.817721,16283,314.8,2.0,0.3,246,220,21,A,ADSBLOL
05:34:27,30.794554,37.816608,16280,314.8,2.0,0.2,246,220,21,A,ADSBLOL
05:34:28,30.795648,37.815492,16277,314.9,2.1,0.1,246,220,21,A,ADSBLOL
05:34:29,30.796744,37.814375,16274,314.9,2.2,0.1,246,220,21,A,ADSBLOL
05:34:30,30.797843,37.813256,16273,314.9,2.3,-0.1,245,220,21,A,ADSBLOL
05:34:31,30.798943,37.812135,16272,314.9,2.4,-0.2,245,220,21,A,ADSBLOL
05:34:32,30.800044,37.811013,16272,314.9,2.4,-0.2,244,220,21,A,ADSBLOL
05:34:33,30.801144,37.809891,16272,314.9,2.5,-0.2,244,220,21,A,ADSBLOL
05:34:34,30.802245,37.808768,16273,314.8,2.5,-0.2,244,220,21,A,ADSBLOL
05:34:35,30.803344,37.807646,16274,314.8,2.6,-0.1,244,220,21,A,ADSBLOL
05:34:36,30.804441,37.806526,16274,314.8,2.6,0.0,243,220,21,A,ADSBLOL
05:34:37,30.805536,37.805408,16275,314.8,2.5,0.2,243,220,21,A,ADSBLOL
05:34:38,30.806630,37.804292,16275,314.8,2.5,0.4,243,220,21,A,ADSBLOL
05:34:39,30.807723,37.803178,16274,314.9,2.5,0.5,243,220,21,A,ADSBLOL
05:34:40,30.808815,37.802066,16274,314.9,2.4,0.4,243,220,21,A,ADSBLOL
05:34:41,30.809908,37.800955,16272,314.9,2.4,0.2,243,220,21,A,ADSBLOL
05:34:42,30.811000,37.799844,16271,314.9,2.4,-0.1,243,220,21,A,ADSBLOL
05:34:43,30.812092,37.798733,16269,314.9,2.4,-0.4,243,220,21,A,ADSBLOL
05:34:44,30.813184,37.797620,16268,314.9,2.4,-0.6,243,220,21,A,ADSBLOL
05:34:45,30.814276,37.796508,16268,314.8,2.5,-0.6,243,220,21,A,ADSBLOL
05:34:46,30.815366,37.795395,16268,314.8,2.6,-0.5,243,220,21,A,ADSBLOL
05:34:47,30.816455,37.794282,16269,314.8,2.7,-0.3,242,220,21,A,ADSBLOL
05:34:48,30.817542,37.793170,16270,314.7,2.7,-0.2,242,221,21,A,ADSBLOL
05:34:49,30.818628,37.792060,16272,314.7,2.8,-0.2,242,221,21,A,ADSBLOL
05:34:50,30.819713,37.790950,16274,314.7,2.7,-0.2,242,221,21,A,ADSBLOL
05:34:51,30.820797,37.789840,16275,314.7,2.7,-0.2,241,221,21,A,ADSBLOL
05:34:52,30.821881,37.788730,16275,314.7,2.6,-0.2,241,221,21,A,ADSBLOL
05:34:53,30.822964,37.787619,16274,314.7,2.5,-0.2,241,221,21,A,ADSBLOL
05:34:54,30.824047,37.786509,16272,314.6,2.3,-0.3,241,221,21,A,ADSBLOL
05:34:55,30.825128,37.785399,16268,314.6,2.2,-0.3,241,221,21,A,ADSBLOL
05:34:56,30.826208,37.784291,16264,314.6,2.1,-0.2,241,221,21,A,ADSBLOL
05:34:57,30.827286,37.783184,16259,314.6,2.1,-0.2,240,221,21,A,ADSBLOL
05:34:58,30.828361,37.782079,16254,314.6,2.1,-0.1,240,221,21,A,ADSBLOL
05:34:59,30.829435,37.780975,16250,314.6,2.2,-0.1,240,221,21,A,ADSBLOL
05:35:00,30.830508,37.779873,16247,314.5,2.4,-0.3,239,221,21,A,ADSBLOL
05:35:01,30.831581,37.778769,16244,314.5,2.5,-0.4,239,221,21,A,ADSBLOL
05:35:02,30.832654,37.777664,16242,314.5,2.4,-0.6,240,221,21,A,ADSBLOL
05:35:03,30.833730,37.776555,16240,314.5,2.4,-0.5,240,221,21,A,ADSBLOL
05:35:04,30.834808,37.775442,16237,314.5,2.3,-0.4,240,221,21,A,ADSBLOL
05:35:05,30.835892,37.774323,16232,314.5,2.1,-0.3,240,221,21,A,ADSBLOL
05:35:06,30.836978,37.773200,16227,314.5,2.0,-0.1,241,221,21,A,ADSBLOL
05:35:07,30.838066,37.772076,16220,314.5,1.9,0.1,241,221,21,A,ADSBLOL
05:35:08,30.839152,37.770953,16213,314.5,1.8,0.2,241,221,21,A,ADSBLOL
05:35:09,30.840235,37.769835,16206,314.5,1.8,0.3,241,221,21,A,ADSBLOL
05:35:10,30.841314,37.768722,16198,314.5,1.6,0.1,242,221,21,A,ADSBLOL
05:35:11,30.842388,37.767613,16189,314.4,1.5,-0.1,242,221,21,A,ADSBLOL
05:35:12,30.843460,37.766507,16178,314.4,1.4,-0.2,242,221,21,A,ADSBLOL
05:35:13,30.844530,37.765402,16167,314.4,1.3,-0.2,242,221,21,A,ADSBLOL
05:35:14,30.845600,37.764295,16156,314.4,1.4,-0.1,241,221,21,A,ADSBLOL
05:35:15,30.846673,37.763187,16146,314.4,1.5,0.0,241,221,21,A,ADSBLOL
05:35:16,30.847747,37.762077,16137,314.4,1.7,0.3,241,221,21,A,ADSBLOL
05:35:17,30.848824,37.760965,16130,314.5,1.9,0.5,241,221,21,A,ADSBLOL
05:35:18,30.849901,37.759854,16124,314.5,2.1,0.5,241,221,21,A,ADSBLOL
05:35:19,30.850980,37.758742,16121,314.5,2.3,0.4,241,221,21,A,ADSBLOL
05:35:20,30.852058,37.757632,16119,314.5,2.4,0.3,241,221,21,A,ADSBLOL
05:35:21,30.853137,37.756522,16118,314.5,2.5,0.2,,221,21,A,ADSBLOL
05:35:22,30.854216,37.755412,16118,314.6,2.5,0.0,,221,21,A,ADSBLOL
05:35:23,30.855294,37.754303,16118,314.6,2.6,-0.1,,221,21,A,ADSBLOL
05:35:24,30.856373,37.753193,16119,314.5,2.6,-0.2,,221,21,A,ADSBLOL
05:35:25,30.857451,37.752083,16119,314.5,2.6,-0.2,,221,21,A,ADSBLOL
05:35:26,30.858529,37.750973,16119,314.5,2.6,-0.3,,221,21,R,ADSBLOL
05:35:27,30.859607,37.749862,16119,314.5,2.5,-0.4,,221,21,R,ADSBLOL
05:35:28,30.860685,37.748751,16119,314.5,2.4,-0.4,,221,21,R,ADSBLOL
05:35:29,30.861762,37.747639,16118,314.5,2.4,-0.4,,221,21,R,ADSBLOL
05:35:30,30.862840,37.746525,16116,314.4,2.3,-0.5,,221,21,R,ADSBLOL
05:35:31,30.863917,37.745411,16113,314.4,2.2,-0.5,,221,21,R,ADSBLOL
05:35:32,30.864994,37.744296,16109,314.4,2.1,-0.5,,221,21,R,ADSBLOL
05:35:33,30.866071,37.743180,16105,314.4,2.0,-0.5,,221,21,R,ADSBLOL
05:35:34,30.867149,37.742062,16099,314.3,1.9,-0.5,,221,21,R,ADSBLOL
05:35:35,30.868226,37.740944,16093,314.3,1.8,-0.4,,221,21,R,ADSBLOL
05:35:36,30.869303,37.739824,16086,314.3,1.7,-0.4,,221,21,R,ADSBLOL
05:35:37,30.870381,37.738703,16078,314.3,1.6,-0.4,,221,21,R,ADSBLOL
05:35:38,30.871459,37.737580,16070,314.3,1.5,-0.3,,221,21,R,ADSBLOL
05:35:39,30.872537,37.736457,16061,314.3,1.5,-0.3,,221,21,R,ADSBLOL
05:35:40,30.873616,37.735332,16051,314.2,1.4,-0.3,,221,21,R,ADSBLOL
05:35:41,30.874696,37.734207,16041,314.2,1.3,-0.2,,222,21,R,ADSBLOL
05:35:42,30.875776,37.733080,16031,314.2,1.3,-0.1,,222,21,R,ADSBLOL
05:35:43,30.876856,37.731952,16020,314.3,1.3,-0.1,,222,21,R,ADSBLOL
05:35:44,30.877938,37.730823,16009,314.3,1.2,-0.0,,222,21,R,ADSBLOL
05:35:45,30.879020,37.729693,15999,314.3,1.2,0.0,,222,21,R,ADSBLOL
05:35:46,30.880103,37.728562,15988,314.3,1.2,0.1,,223,20,R,ADSBLOL
05:35:47,30.881187,37.727431,15977,314.3,1.3,0.1,,223,20,R,ADSBLOL
05:35:48,30.882273,37.726299,15967,314.3,1.3,0.2,,223,20,R,ADSBLOL
05:35:49,30.883359,37.725166,15957,314.4,1.3,0.2,,223,20,R,ADSBLOL
05:35:50,30.884446,37.724033,15948,314.4,1.4,0.3,,223,20,R,ADSBLOL
05:35:51,30.885534,37.722899,15939,314.4,1.4,0.3,,223,20,R,ADSBLOL
05:35:52,30.886623,37.721765,15931,314.5,1.5,0.4,,223,20,R,ADSBLOL
05:35:53,30.887714,37.720631,15924,314.5,1.5,0.4,,223,20,A,ADSBLOL
05:35:54,30.888805,37.719497,15917,314.5,1.6,0.4,,223,20,A,ADSBLOL
05:35:55,30.889897,37.718363,15911,314.5,1.7,0.5,,223,20,A,ADSBLOL
05:35:56,30.890990,37.717229,15905,314.6,1.7,0.5,,223,20,A,ADSBLOL
05:35:57,30.892084,37.716095,15901,314.6,1.8,0.5,,223,20,A,ADSBLOL
05:35:58,30.893179,37.714961,15897,314.6,1.9,0.5,,223,20,A,ADSBLOL
05:35:59,30.894274,37.713829,15893,314.7,1.9,0.5,,223,20,A,ADSBLOL
05:36:00,30.895370,37.712696,15890,314.7,2.0,0.5,,223,20,A,ADSBLOL
05:36:01,30.896466,37.711565,15887,314.7,2.0,0.5,,223,20,A,ADSBLOL
05:36:02,30.897563,37.710435,15885,314.8,2.0,0.4,,223,20,A,ADSBLOL
05:36:03,30.898659,37.709305,15883,314.8,2.0,0.4,,223,20,R,ADSBLOL
05:36:04,30.899756,37.708177,15880,314.8,2.0,0.4,,224,20,R,ADSBLOL
05:36:05,30.900852,37.707049,15878,314.8,2.0,0.3,,224,20,R,ADSBLOL
05:36:06,30.901947,37.705923,15875,314.8,2.0,0.3,,224,20,R,ADSBLOL
05:36:07,30.903042,37.704798,15871,314.8,2.0,0.3,,224,20,R,ADSBLOL
05:36:08,30.904137,37.703675,15867,314.8,1.9,0.2,,225,20,R,ADSBLOL
05:36:09,30.905230,37.702553,15863,314.8,1.8,0.2,,225,20,R,ADSBLOL
05:36:10,30.906323,37.701431,15858,314.8,1.8,0.1,,225,20,R,ADSBLOL
05:36:11,30.907415,37.700311,15852,314.9,1.7,0.1,,225,20,R,ADSBLOL
05:36:12,30.908507,37.699192,15845,314.9,1.6,0.0,,225,20,R,ADSBLOL
05:36:13,30.909597,37.698074,15837,314.9,1.5,0.0,,225,20,A,ADSBLOL
05:36:14,30.910687,37.696957,15829,314.8,1.5,-0.0,,225,20,A,ADSBLOL
05:36:15,30.911777,37.695839,15820,314.8,1.4,-0.1,,225,20,A,ADSBLOL
05:36:16,30.912866,37.694722,15810,314.8,1.3,-0.1,,225,20,A,ADSBLOL
05:36:17,30.913955,37.693604,15801,314.8,1.3,-0.1,,225,20,A,ADSBLOL
05:36:18,30.915045,37.692486,15791,314.8,1.3,-0.1,248,225,20,A,ADSBLOL
05:36:19,30.916136,37.691367,15781,314.8,1.3,-0.1,248,225,20,A,ADSBLOL
05:36:20,30.917227,37.690247,15773,314.8,1.4,-0.1,248,225,20,A,ADSBLOL
05:36:21,30.918319,37.689126,15765,314.8,1.5,0.0,248,225,20,A,ADSBLOL
05:36:22,30.919410,37.688005,15759,314.8,1.7,0.1,248,225,20,A,ADSBLOL
05:36:23,30.920500,37.686887,15755,314.8,1.9,0.2,248,225,20,A,ADSBLOL
05:36:24,30.921588,37.685771,15752,314.8,2.1,0.3,248,225,20,A,ADSBLOL
05:36:25,30.922673,37.684658,15752,314.9,2.3,0.4,248,226,20,A,ADSBLOL
05:36:26,30.923755,37.683550,15753,314.9,2.5,0.5,248,226,20,A,ADSBLOL
05:36:27,30.924834,37.682447,15757,314.9,2.7,0.4,248,226,20,A,ADSBLOL
05:36:28,30.925908,37.681349,15761,314.9,2.8,0.4,248,226,20,A,ADSBLOL
05:36:29,30.926978,37.680256,15767,314.9,3.0,0.3,248,226,20,A,ADSBLOL
05:36:30,30.928045,37.679167,15774,314.9,3.0,0.3,247,226,20,A,ADSBLOL
05:36:31,30.929110,37.678081,15781,314.9,3.1,0.2,246,226,20,A,ADSBLOL
05:36:32,30.930175,37.676995,15788,314.9,3.2,0.0,246,227,20,A,ADSBLOL
05:36:33,30.931240,37.675909,15796,314.9,3.2,-0.1,245,227,20,A,ADSBLOL
05:36:34,30.932305,37.674823,15804,314.9,3.3,-0.3,245,228,20,A,ADSBLOL
05:36:35,30.933369,37.673736,15811,314.8,3.3,-0.5,245,228,20,A,ADSBLOL
05:36:36,30.934432,37.672650,15819,314.8,3.3,-0.6,244,229,20,A,ADSBLOL
05:36:37,30.935493,37.671565,15827,314.7,3.3,-0.6,244,229,20,A,ADSBLOL
05:36:38,30.936551,37.670480,15835,314.7,3.3,-0.6,244,231,21,A,ADSBLOL
05:36:39,30.937607,37.669397,15842,314.6,3.2,-0.6,244,231,21,R,ADSBLOL
05:36:40,30.938661,37.668313,15848,314.6,3.2,-0.5,244,231,21,R,ADSBLOL
05:36:41,30.939714,37.667231,15854,314.5,3.1,-0.4,243,231,21,R,ADSBLOL
05:36:42,30.940766,37.666148,15859,314.5,3.0,-0.4,243,231,21,A,ADSBLOL
05:36:43,30.941818,37.665064,15863,314.4,2.9,-0.4,243,233,21,A,ADSBLOL
05:36:44,30.942870,37.663979,15866,314.4,2.8,-0.5,243,233,21,A,ADSBLOL
05:36:45,30.943923,37.662892,15868,314.4,2.8,-0.6,242,235,21,A,ADSBLOL
05:36:46,30.944976,37.661803,15870,314.3,2.7,-0.9,242,235,21,A,ADSBLOL
05:36:47,30.946031,37.660710,15870,314.2,2.6,-1.2,242,235,21,A,ADSBLOL
05:36:48,30.947085,37.659615,15870,314.1,2.6,-1.4,242,238,22,A,ADSBLOL
05:36:49,30.948139,37.658516,15870,314.0,2.6,-1.5,242,238,22,A,ADSBLOL
05:36:50,30.949192,37.657416,15870,314.0,2.6,-1.4,242,238,22,A,ADSBLOL
05:36:51,30.950243,37.656313,15870,313.9,2.6,-1.2,241,238,22,A,ADSBLOL
05:36:52,30.951292,37.655210,15871,313.7,2.7,-0.9,241,239,23,A,ADSBLOL
05:36:53,30.952340,37.654107,15873,313.6,2.8,-0.5,241,239,23,A,ADSBLOL
05:36:54,30.953386,37.653004,15876,313.6,3.0,-0.1,241,239,23,A,ADSBLOL
05:36:55,30.954432,37.651901,15880,313.6,3.1,0.3,241,239,23,A,ADSBLOL
05:36:56,30.955480,37.650798,15885,313.6,3.2,0.7,241,239,23,A,ADSBLOL
05:36:57,30.956529,37.649695,15891,313.7,3.3,1.1,240,239,23,A,ADSBLOL
05:36:58,30.957579,37.648594,15897,313.8,3.3,1.5,240,239,23,A,ADSBLOL
05:36:59,30.958630,37.647495,15903,313.9,3.3,1.8,240,239,23,A,ADSBLOL
05:37:00,30.959681,37.646402,15909,314.0,3.3,2.2,240,239,23,A,ADSBLOL
05:37:01,30.960731,37.645315,15913,314.1,3.2,2.5,239,239,23,A,ADSBLOL
05:37:02,30.961779,37.644236,15917,314.2,3.1,2.8,239,239,23,A,ADSBLOL
05:37:03,30.962826,37.643165,15920,314.4,3.0,3.1,239,239,23,A,ADSBLOL
05:37:04,30.963874,37.642100,15921,314.6,2.8,3.3,239,239,23,A,ADSBLOL
05:37:05,30.964923,37.641042,15921,314.8,2.7,3.3,239,239,23,A,ADSBLOL
05:37:06,30.965975,37.639990,15920,315.0,2.5,3.2,239,239,23,A,ADSBLOL
05:37:07,30.967029,37.638943,15918,315.2,2.5,2.9,239,239,23,A,ADSBLOL
05:37:08,30.968085,37.637899,15915,315.4,2.4,2.6,239,239,23,R,ADSBLOL
05:37:09,30.969145,37.636859,15912,315.5,2.4,2.2,239,239,23,R,ADSBLOL
05:37:10,30.970206,37.635821,15909,315.5,2.4,1.7,239,240,24,R,ADSBLOL
05:37:11,30.971270,37.634785,15906,315.6,2.4,1.2,239,240,24,A,ADSBLOL
05:37:12,30.972335,37.633750,15904,315.6,2.5,0.7,239,240,24,A,ADSBLOL
05:37:13,30.973401,37.632716,15903,315.6,2.6,0.2,239,240,24,A,ADSBLOL
05:37:14,30.974468,37.631681,15903,315.6,2.7,-0.2,239,240,24,A,ADSBLOL
05:37:15,30.975535,37.630645,15904,315.6,2.9,-0.6,239,240,24,A,ADSBLOL
05:37:16,30.976602,37.629608,15906,315.6,2.9,-0.9,239,240,24,A,ADSBLOL
05:37:17,30.977667,37.628570,15908,315.5,3.0,-1.1,239,240,24,A,ADSBLOL
05:37:18,30.978732,37.627530,15911,315.4,3.0,-1.3,239,240,24,A,ADSBLOL
05:37:19,30.979795,37.626488,15914,315.4,3.0,-1.5,239,240,24,A,ADSBLOL
05:37:20,30.980857,37.625445,15915,315.3,2.9,-1.5,239,240,24,A,ADSBLOL
05:37:21,30.981918,37.624398,15916,315.2,2.8,-1.5,239,240,24,A,ADSBLOL
05:37:22,30.982978,37.623349,15916,315.1,2.7,-1.4,239,240,24,A,ADSBLOL
05:37:23,30.984037,37.622298,15915,315.0,2.6,-1.3,239,240,24,A,ADSBLOL
05:37:24,30.985093,37.621246,15913,314.9,2.5,-1.2,238,240,24,A,ADSBLOL
05:37:25,30.986147,37.620194,15911,314.8,2.5,-1.1,238,240,24,A,ADSBLOL
05:37:26,30.987198,37.619143,15908,314.8,2.4,-1.1,238,241,24,A,ADSBLOL
05:37:27,30.988246,37.618092,15905,314.7,2.4,-1.3,238,241,24,A,ADSBLOL
05:37:28,30.989290,37.617041,15901,314.6,2.3,-1.6,238,241,24,A,ADSBLOL
05:37:29,30.990331,37.615990,15897,314.5,2.3,-1.9,239,241,24,A,ADSBLOL
05:37:30,30.991370,37.614935,15893,314.3,2.2,-2.3,239,241,24,A,ADSBLOL
05:37:31,30.992408,37.613877,15887,314.2,2.1,-2.7,239,241,24,A,ADSBLOL
05:37:32,30.993443,37.612813,15881,314.0,2.0,-3.1,239,241,24,A,ADSBLOL
05:37:33,30.994476,37.611745,15873,313.8,1.8,-3.7,239,241,24,A,ADSBLOL
05:37:34,30.995505,37.610672,15864,313.6,1.7,-4.2,239,241,24,A,ADSBLOL
05:37:35,30.996530,37.609593,15854,313.3,1.5,-4.4,240,241,24,A,ADSBLOL
05:37:36,30.997550,37.608508,15842,313.0,1.3,-4.2,240,241,24,A,ADSBLOL
05:37:37,30.998565,37.607419,15829,312.8,1.1,-3.8,241,241,24,A,ADSBLOL
05:37:38,30.999577,37.606324,15814,312.5,0.9,-3.2,241,241,24,A,ADSBLOL
05:37:39,31.000587,37.605224,15797,312.4,0.7,-2.5,242,241,24,R,ADSBLOL
05:37:40,31.001595,37.604120,15779,312.2,0.5,-1.8,242,241,24,A,ADSBLOL
05:37:41,31.002603,37.603012,15760,312.2,0.4,-1.1,243,241,24,A,ADSBLOL
05:37:42,31.003612,37.601900,15739,312.1,0.2,-0.6,243,241,24,A,ADSBLOL
05:37:43,31.004624,37.600785,15718,312.1,0.1,-0.3,243,241,24,A,ADSBLOL
05:37:44,31.005638,37.599667,15697,312.1,0.1,-0.2,244,241,24,A,ADSBLOL
05:37:45,31.006654,37.598544,15675,312.1,0.1,-0.4,244,241,24,A,ADSBLOL
05:37:46,31.007674,37.597418,15655,312.1,0.2,-0.6,245,241,24,A,ADSBLOL
05:37:47,31.008695,37.596289,15635,312.0,0.3,-0.7,245,241,24,A,ADSBLOL
05:37:48,31.009717,37.595156,15618,312.0,0.5,-1.1,246,242,25,A,ADSBLOL
05:37:49,31.010739,37.594020,15603,311.9,0.8,-1.9,246,242,25,A,ADSBLOL
05:37:50,31.011760,37.592881,15590,311.7,1.1,-3.3,246,242,25,A,ADSBLOL
05:37:51,31.012776,37.591736,15581,311.5,1.5,-5.2,246,242,25,A,ADSBLOL
05:37:52,31.013786,37.590585,15574,311.1,1.8,-7.7,246,242,25,A,ADSBLOL
05:37:53,31.014785,37.589424,15571,310.5,2.1,-10.0,246,242,25,A,ADSBLOL
05:37:54,31.015771,37.588253,15569,309.8,2.3,-12.0,246,242,25,A,ADSBLOL
05:37:55,31.016740,37.587069,15568,309.0,2.5,-12.7,246,242,25,A,ADSBLOL
05:37:56,31.017692,37.585874,15569,308.3,2.6,-12.4,246,242,25,A,ADSBLOL
05:37:57,31.018627,37.584667,15570,307.5,2.6,-12.0,246,242,25,A,ADSBLOL
05:37:58,31.019545,37.583449,15570,306.7,2.6,-11.6,245,242,25,A,ADSBLOL
05:37:59,31.020448,37.582220,15571,306.0,2.6,-11.2,245,242,25,A,ADSBLOL
05:38:00,31.021337,37.580978,15571,305.4,2.5,-10.6,245,242,25,A,ADSBLOL
05:38:01,31.022213,37.579725,15571,304.7,2.5,-9.9,245,243,25,A,ADSBLOL
05:38:02,31.023079,37.578461,15570,304.2,2.4,-8.6,245,243,25,A,ADSBLOL
05:38:03,31.023934,37.577188,15569,303.7,2.4,-6.8,244,243,25,A,ADSBLOL
05:38:04,31.024781,37.575909,15569,303.3,2.4,-5.0,244,243,25,A,ADSBLOL
05:38:05,31.025620,37.574628,15569,303.0,2.5,-3.6,244,243,25,A,ADSBLOL
05:38:06,31.026452,37.573348,15570,302.8,2.6,-2.9,244,242,25,A,ADSBLOL
05:38:07,31.027279,37.572068,15573,302.6,2.8,-2.1,244,242,25,A,ADSBLOL
05:38:08,31.028101,37.570790,15577,302.5,3.0,-1.2,243,242,25,A,ADSBLOL
05:38:09,31.028921,37.569512,15584,302.4,3.3,-0.5,243,242,25,A,ADSBLOL
05:38:10,31.029740,37.568236,15593,302.4,3.6,-0.3,243,242,25,A,ADSBLOL
05:38:11,31.030557,37.566961,15604,302.4,3.8,-0.8,243,242,25,A,ADSBLOL
05:38:12,31.031372,37.565685,15617,302.3,4.1,-1.6,243,242,25,A,ADSBLOL
05:38:13,31.032185,37.564409,15633,302.1,4.3,-2.2,242,242,25,A,ADSBLOL
05:38:14,31.032993,37.563132,15649,302.0,4.4,-2.5,242,242,25,A,ADSBLOL
05:38:15,31.033796,37.561855,15666,301.8,4.5,-2.7,242,242,25,A,ADSBLOL
05:38:16,31.034594,37.560579,15683,301.6,4.4,-2.9,241,242,25,R,ADSBLOL
05:38:17,31.035386,37.559302,15698,301.4,4.3,-2.9,241,242,25,A,ADSBLOL
05:38:18,31.036173,37.558027,15712,301.2,4.1,-3.1,241,242,25,A,ADSBLOL
05:38:19,31.036952,37.556752,15724,301.0,3.9,-3.3,241,242,25,A,ADSBLOL
05:38:20,31.037725,37.555477,15732,300.8,3.5,-3.7,240,242,25,A,ADSBLOL
05:38:21,31.038492,37.554202,15738,300.5,3.2,-4.4,240,242,25,A,ADSBLOL
05:38:22,31.039251,37.552924,15740,300.2,2.8,-5.1,240,242,25,A,ADSBLOL
05:38:23,31.040003,37.551642,15739,299.9,2.5,-5.5,240,242,25,A,ADSBLOL
05:38:24,31.040748,37.550354,15735,299.5,2.3,-5.6,239,242,25,A,ADSBLOL
05:38:25,31.041487,37.549059,15730,299.2,2.1,-5.9,238,242,25,A,ADSBLOL
05:38:26,31.042219,37.547757,15723,298.8,2.0,-5.9,238,242,25,A,ADSBLOL
05:38:27,31.042944,37.546447,15716,298.5,1.9,-5.7,239,242,25,A,ADSBLOL
05:38:28,31.043662,37.545133,15708,298.1,1.8,-5.3,239,242,25,A,ADSBLOL
05:38:29,31.044372,37.543815,15700,297.8,1.8,-4.8,239,242,25,A,ADSBLOL
05:38:30,31.045075,37.542494,15692,297.5,1.8,-4.4,239,242,25,A,ADSBLOL
05:38:31,31.045771,37.541171,15684,297.2,1.9,-4.0,239,242,25,A,ADSBLOL
05:38:32,31.046462,37.539846,15677,297.0,1.9,-3.4,239,242,25,A,ADSBLOL
05:38:33,31.047148,37.538518,15671,296.8,2.0,-2.8,239,242,25,A,ADSBLOL
05:38:34,31.047830,37.537188,15665,296.6,2.1,-2.1,239,242,26,A,ADSBLOL
05:38:35,31.048510,37.535856,15660,296.5,2.2,-1.4,239,242,26,A,ADSBLOL
05:38:36,31.049189,37.534522,15655,296.4,2.2,-0.9,239,242,26,A,ADSBLOL
05:38:37,31.049868,37.533187,15652,296.4,2.3,-0.4,239,242,26,A,ADSBLOL
05:38:38,31.050546,37.531849,15649,296.3,2.4,-0.1,239,242,26,A,ADSBLOL
05:38:39,31.051225,37.530511,15646,296.3,2.5,-0.1,239,242,26,A,ADSBLOL
05:38:40,31.051904,37.529172,15645,296.3,2.6,-0.4,239,242,26,A,ADSBLOL
05:38:41,31.052583,37.527832,15644,296.3,2.6,-0.6,239,242,26,A,ADSBLOL
05:38:42,31.053260,37.526492,15644,296.3,2.7,-0.6,239,242,26,A,ADSBLOL
05:38:43,31.053936,37.525154,15645,296.2,2.8,-0.6,239,242,26,A,ADSBLOL
05:38:44,31.054610,37.523816,15647,296.2,3.0,-0.5,239,242,26,A,ADSBLOL
05:38:45,31.055282,37.522481,15649,296.1,3.1,-0.3,238,242,26,A,ADSBLOL
05:38:46,31.055954,37.521146,15653,296.1,3.2,-0.2,238,242,26,A,ADSBLOL
05:38:47,31.056624,37.519813,15658,296.1,3.4,-0.0,237,242,26,A,ADSBLOL
05:38:48,31.057294,37.518480,15664,296.1,3.5,0.2,237,242,26,A,ADSBLOL
05:38:49,31.057964,37.517149,15671,296.1,3.6,0.3,237,242,26,A,ADSBLOL
05:38:50,31.058634,37.515819,15678,296.1,3.7,0.5,237,242,26,R,ADSBLOL
05:38:51,31.059304,37.514491,15686,296.1,3.7,0.6,236,242,26,A,ADSBLOL
05:38:52,31.059973,37.513165,15693,296.2,3.7,0.7,236,242,26,A,ADSBLOL
05:38:53,31.060643,37.511842,15701,296.2,3.7,0.6,236,242,26,A,ADSBLOL
05:38:54,31.061312,37.510523,15707,296.2,3.7,0.5,235,242,26,A,ADSBLOL
05:38:55,31.061979,37.509207,15714,296.2,3.6,0.3,235,242,26,A,ADSBLOL
05:38:56,31.062645,37.507896,15719,296.2,3.5,-0.0,235,242,26,A,ADSBLOL
05:38:57,31.063308,37.506590,15723,296.2,3.5,-0.5,233,242,26,A,ADSBLOL
05:38:58,31.063968,37.505287,15726,296.1,3.5,-1.1,233,242,26,A,ADSBLOL
05:38:59,31.064624,37.503989,15728,296.0,3.4,-1.3,233,242,26,A,ADSBLOL
05:39:00,31.065276,37.502693,15728,295.9,3.2,-1.4,233,242,26,A,ADSBLOL
05:39:01,31.065925,37.501399,15728,295.8,3.1,-1.2,232,242,26,A,ADSBLOL
05:39:02,31.066572,37.500104,15726,295.8,3.0,-1.0,232,242,26,A,ADSBLOL
05:39:03,31.067217,37.498809,15724,295.7,2.9,-0.6,232,242,26,A,ADSBLOL
05:39:04,31.067863,37.497513,15720,295.6,2.8,-0.3,232,242,26,A,ADSBLOL
05:39:05,31.068508,37.496215,15716,295.6,2.8,-0.0,232,242,26,A,ADSBLOL
05:39:06,31.069154,37.494916,15711,295.6,2.7,0.2,232,242,26,A,ADSBLOL
05:39:07,31.069802,37.493615,15706,295.7,2.7,0.4,232,242,26,A,ADSBLOL
05:39:08,31.070451,37.492313,15702,295.7,2.7,0.5,232,242,26,A,ADSBLOL
05:39:09,31.071103,37.491008,15697,295.7,2.7,0.6,232,242,26,A,ADSBLOL
05:39:10,31.071756,37.489702,15693,295.8,2.8,0.7,232,242,26,A,ADSBLOL
05:39:11,31.072411,37.488395,15689,295.8,2.9,0.8,231,242,26,A,ADSBLOL
05:39:12,31.073067,37.487087,15685,295.9,2.9,0.8,231,242,26,A,ADSBLOL
05:39:13,31.073725,37.485781,15682,295.9,3.0,0.8,231,242,26,R,ADSBLOL
05:39:14,31.074383,37.484476,15678,296.0,3.0,0.8,231,242,26,A,ADSBLOL
05:39:15,31.075041,37.483174,15675,296.0,3.0,0.9,231,242,26,A,ADSBLOL
05:39:16,31.075699,37.481876,15671,296.1,3.0,0.9,230,242,26,A,ADSBLOL
05:39:17,31.076356,37.480582,15668,296.1,3.0,0.9,230,242,26,A,ADSBLOL
05:39:18,31.077013,37.479292,15663,296.2,3.0,1.0,230,242,26,A,ADSBLOL
05:39:19,31.077669,37.478006,15659,296.2,3.0,1.0,230,242,26,A,ADSBLOL
05:39:20,31.078326,37.476724,15654,296.3,3.0,1.0,230,242,26,A,ADSBLOL
05:39:21,31.078983,37.475445,15650,296.4,3.0,0.9,230,242,26,A,ADSBLOL
05:39:22,31.079640,37.474168,15647,296.4,3.1,0.8,230,242,26,A,ADSBLOL
05:39:23,31.080298,37.472892,15643,296.4,3.1,0.5,230,242,26,A,ADSBLOL
05:39:24,31.080956,37.471617,15641,296.5,3.2,0.4,230,242,26,A,ADSBLOL
05:39:25,31.081614,37.470344,15639,296.5,3.3,0.3,230,242,26,A,ADSBLOL
05:39:26,31.082273,37.469070,15637,296.5,3.3,0.2,230,242,26,A,ADSBLOL
05:39:27,31.082932,37.467796,15635,296.5,3.4,0.1,229,242,26,A,ADSBLOL
05:39:28,31.083592,37.466521,15634,296.5,3.4,0.0,229,242,26,A,ADSBLOL
05:39:29,31.084253,37.465245,15632,296.5,3.4,-0.1,229,242,26,A,ADSBLOL
05:39:30,31.084914,37.463967,15630,296.5,3.4,-0.3,229,242,26,A,ADSBLOL
05:39:31,31.085576,37.462687,15628,296.5,3.3,-0.5,229,242,26,A,ADSBLOL
05:39:32,31.086236,37.461407,15626,296.5,3.3,-0.7,229,242,26,A,ADSBLOL
05:39:33,31.086895,37.460128,15624,296.4,3.3,-1.0,229,242,26,A,ADSBLOL
05:39:34,31.087552,37.458850,15621,296.3,3.3,-1.3,229,242,26,A,ADSBLOL
05:39:35,31.088205,37.457572,15619,296.2,3.3,-1.8,229,242,26,A,ADSBLOL
05:39:36,31.088855,37.456296,15616,296.1,3.3,-2.2,229,242,26,A,ADSBLOL
05:39:37,31.089500,37.455019,15613,295.9,3.2,-2.4,229,242,26,A,ADSBLOL
05:39:38,31.090142,37.453741,15609,295.7,3.2,-2.5,229,242,26,A,ADSBLOL
05:39:39,31.090781,37.452460,15606,295.6,3.2,-2.5,228,242,26,A,ADSBLOL
05:39:40,31.091417,37.451175,15602,295.4,3.2,-2.5,228,241,26,A,ADSBLOL
05:39:41,31.092052,37.449885,15598,295.2,3.2,-2.5,228,241,26,A,ADSBLOL
05:39:42,31.092685,37.448588,15594,295.1,3.3,-2.7,228,241,26,A,ADSBLOL
05:39:43,31.093317,37.447284,15590,294.9,3.3,-2.6,228,241,26,A,ADSBLOL
05:39:44,31.093949,37.445971,15587,294.7,3.3,-2.5,228,241,26,A,ADSBLOL
05:39:45,31.094579,37.444653,15584,294.6,3.4,-2.3,228,241,26,A,ADSBLOL
05:39:46,31.095207,37.443329,15582,294.5,3.5,-2.1,228,241,26,A,ADSBLOL
05:39:47,31.095834,37.442002,15580,294.3,3.6,-1.9,228,241,26,A,ADSBLOL
05:39:48,31.096458,37.440673,15580,294.2,3.7,-1.7,228,241,26,R,ADSBLOL
05:39:49,31.097079,37.439345,15580,294.1,3.8,-1.6,228,241,26,A,ADSBLOL
05:39:50,31.097696,37.438019,15582,294.0,3.9,-1.5,228,241,26,A,ADSBLOL
05:39:51,31.098309,37.436696,15584,293.9,4.1,-1.6,228,241,26,A,ADSBLOL
05:39:52,31.098917,37.435379,15589,293.7,4.2,-1.9,228,240,26,A,ADSBLOL
05:39:53,31.099519,37.434066,15594,293.6,4.4,-2.4,228,240,26,A,ADSBLOL
05:39:54,31.100114,37.432757,15600,293.4,4.5,-3.1,228,240,26,A,ADSBLOL
05:39:55,31.100703,37.431451,15607,293.2,4.6,-3.6,228,240,26,A,ADSBLOL
05:39:56,31.101284,37.430147,15615,292.9,4.7,-3.8,228,240,26,A,ADSBLOL
05:39:57,31.101859,37.428843,15624,292.6,4.7,-3.7,228,240,26,A,ADSBLOL
05:39:58,31.102428,37.427538,15632,292.4,4.8,-3.4,228,240,26,A,ADSBLOL
05:39:59,31.102993,37.426231,15640,292.2,4.7,-2.9,227,240,26,A,ADSBLOL
05:40:00,31.103553,37.424922,15647,292.0,4.6,-2.4,227,240,26,A,ADSBLOL
05:40:01,31.104110,37.423611,15654,291.8,4.5,-2.0,227,240,27,A,ADSBLOL
05:40:02,31.104665,37.422298,15659,291.7,4.4,-1.6,227,240,27,A,ADSBLOL
05:40:03,31.105219,37.420982,15663,291.6,4.3,-1.3,227,240,27,A,ADSBLOL
05:40:04,31.105771,37.419664,15666,291.5,4.2,-1.3,227,240,27,A,ADSBLOL
05:40:05,31.106322,37.418344,15669,291.4,4.1,-1.4,227,240,27,A,ADSBLOL
05:40:06,31.106871,37.417024,15670,291.3,4.0,-1.4,227,240,27,A,ADSBLOL
05:40:07,31.107418,37.415702,15671,291.2,3.9,-1.3,227,240,27,A,ADSBLOL
05:40:08,31.107962,37.414381,15672,291.1,4.0,-1.1,227,240,27,A,ADSBLOL
05:40:09,31.108506,37.413059,15673,291.1,4.0,-0.8,227,240,27,A,ADSBLOL
05:40:10,31.109047,37.411737,15675,291.1,4.1,-0.4,227,240,26,A,ADSBLOL
05:40:11,31.109589,37.410416,15679,291.1,4.2,0.0,227,240,26,A,ADSBLOL
05:40:12,31.110130,37.409095,15683,291.1,4.4,0.6,227,240,26,A,ADSBLOL
05:40:13,31.110672,37.407776,15688,291.1,4.5,1.3,226,240,26,A,ADSBLOL
05:40:14,31.111216,37.406458,15694,291.3,4.7,2.0,226,240,26,A,ADSBLOL
05:40:15,31.111763,37.405142,15700,291.4,4.7,2.8,226,240,26,A,ADSBLOL
05:40:16,31.112314,37.403828,15707,291.6,4.7,3.6,226,240,26,A,ADSBLOL
05:40:17,31.112871,37.402516,15713,291.8,4.7,4.1,226,239,27,A,ADSBLOL
05:40:18,31.113434,37.401207,15720,292.1,4.7,4.5,226,239,27,A,ADSBLOL
05:40:19,31.114003,37.399901,15726,292.4,4.7,4.7,226,239,27,A,ADSBLOL
05:40:20,31.114580,37.398597,15732,292.7,4.7,4.8,226,239,27,A,ADSBLOL
05:40:21,31.115163,37.397297,15738,293.0,4.7,4.7,226,239,27,A,ADSBLOL
05:40:22,31.115753,37.395999,15744,293.3,4.7,4.6,226,239,27,R,ADSBLOL
05:40:23,31.116350,37.394705,15749,293.6,4.6,4.4,226,239,27,R,ADSBLOL
05:40:24,31.116953,37.393414,15754,293.9,4.6,4.1,226,239,27,R,ADSBLOL
05:40:25,31.117562,37.392126,15759,294.2,4.5,3.8,226,239,27,R,ADSBLOL
05:40:26,31.118175,37.390842,15764,294.4,4.5,3.4,226,238,27,R,ADSBLOL
05:40:27,31.118793,37.389560,15768,294.5,4.4,3.0,226,238,27,R,ADSBLOL
05:40:28,31.119414,37.388282,15772,294.7,4.4,2.6,226,238,27,R,ADSBLOL
05:40:29,31.120038,37.387007,15775,294.9,4.3,2.1,226,238,27,R,ADSBLOL
05:40:30,31.120665,37.385735,15778,295.0,4.3,1.7,226,238,27,R,ADSBLOL
05:40:31,31.121292,37.384465,15780,295.1,4.2,1.2,226,238,27,R,ADSBLOL
05:40:32,31.121921,37.383197,15782,295.1,4.2,0.8,226,238,27,R,ADSBLOL
05:40:33,31.122550,37.381931,15783,295.2,4.1,0.5,226,238,27,R,ADSBLOL
05:40:34,31.123179,37.380667,15784,295.2,4.0,0.2,226,238,27,R,ADSBLOL
05:40:35,31.123808,37.379404,15784,295.2,4.0,-0.0,226,238,27,R,ADSBLOL
05:40:36,31.124436,37.378142,15784,295.2,3.9,-0.2,226,238,27,R,ADSBLOL
05:40:37,31.125064,37.376880,15783,295.2,3.8,-0.2,226,238,27,R,ADSBLOL
05:40:38,31.125692,37.375616,15781,295.1,3.8,-0.2,226,237,27,A,ADSBLOL
05:40:39,31.126321,37.374352,15779,295.1,3.7,-0.0,226,237,27,A,ADSBLOL
05:40:40,31.126950,37.373085,15777,295.1,3.7,0.3,226,237,27,A,ADSBLOL
05:40:41,31.127582,37.371815,15774,295.1,3.6,0.8,226,237,27,A,ADSBLOL
05:40:42,31.128217,37.370541,15771,295.2,3.6,1.4,226,237,27,A,ADSBLOL
05:40:43,31.128858,37.369262,15768,295.3,3.6,2.1,226,237,27,A,ADSBLOL
05:40:44,31.129506,37.367977,15764,295.5,3.5,2.7,226,237,27,A,ADSBLOL
05:40:45,31.130162,37.366686,15761,295.8,3.5,3.0,226,237,27,A,ADSBLOL
05:40:46,31.130826,37.365390,15758,296.0,3.5,3.0,226,237,27,A,ADSBLOL
05:40:47,31.131496,37.364092,15754,296.2,3.5,2.8,227,237,27,A,ADSBLOL
05:40:48,31.132170,37.362795,15751,296.3,3.6,2.5,227,237,27,A,ADSBLOL
05:40:49,31.132847,37.361501,15749,296.5,3.6,2.2,227,237,27,A,ADSBLOL
05:40:50,31.133526,37.360212,15747,296.6,3.6,1.9,227,237,27,A,ADSBLOL
05:40:51,31.134205,37.358929,15745,296.7,3.7,1.8,227,237,27,A,ADSBLOL
05:40:52,31.134884,37.357649,15744,296.8,3.7,1.7,227,237,27,A,ADSBLOL
05:40:53,31.135566,37.356372,15744,296.9,3.7,1.6,227,237,27,A,ADSBLOL
05:40:54,31.136250,37.355095,15743,297.0,3.8,1.4,227,237,27,A,ADSBLOL
05:40:55,31.136937,37.353817,15743,297.1,3.8,1.2,228,237,27,A,ADSBLOL
05:40:56,31.137627,37.352538,15744,297.2,3.8,0.9,228,237,27,R,ADSBLOL
05:40:57,31.138319,37.351257,15744,297.2,3.7,0.6,228,237,27,R,ADSBLOL
05:40:58,31.139014,37.349974,15744,297.3,3.7,0.3,228,237,27,R,ADSBLOL
05:40:59,31.139710,37.348688,15743,297.3,3.6,-0.0,228,237,27,R,ADSBLOL
05:41:00,31.140408,37.347399,15742,297.3,3.5,-0.4,228,237,27,R,ADSBLOL
05:41:01,31.141106,37.346107,15741,297.2,3.4,-0.7,229,236,28,R,ADSBLOL
05:41:02,31.141804,37.344814,15739,297.1,3.3,-1.0,229,236,28,R,ADSBLOL
05:41:03,31.142501,37.343518,15735,297.0,3.2,-1.4,229,236,28,R,ADSBLOL
05:41:04,31.143196,37.342221,15731,296.9,3.1,-1.7,229,236,28,R,ADSBLOL
05:41:05,31.143888,37.340923,15726,296.8,2.9,-1.9,229,236,28,A,ADSBLOL
05:41:06,31.144577,37.339625,15720,296.6,2.8,-2.2,229,236,28,A,ADSBLOL
05:41:07,31.145262,37.338326,15713,296.4,2.7,-2.4,230,236,28,A,ADSBLOL
05:41:08,31.145943,37.337029,15706,296.3,2.6,-2.5,230,236,28,A,ADSBLOL
05:41:09,31.146618,37.335731,15698,296.1,2.5,-2.6,230,236,28,A,ADSBLOL
05:41:10,31.147289,37.334434,15689,295.9,2.5,-2.7,230,236,28,A,ADSBLOL
05:41:11,31.147954,37.333138,15681,295.7,2.6,-2.6,230,236,28,A,ADSBLOL
05:41:12,31.148615,37.331842,15674,295.5,2.7,-2.5,230,236,28,A,ADSBLOL
05:41:13,31.149270,37.330547,15669,295.4,2.8,-2.3,230,236,28,A,ADSBLOL
05:41:14,31.149922,37.329252,15664,295.2,3.0,-1.9,230,236,28,A,ADSBLOL
05:41:15,31.150570,37.327957,15662,295.1,3.2,-1.5,230,236,28,A,ADSBLOL
05:41:16,31.151217,37.326662,15662,295.0,3.5,-1.2,230,236,28,A,ADSBLOL
05:41:17,31.151861,37.325366,15665,295.0,3.8,-0.9,231,236,28,A,ADSBLOL
05:41:18,31.152505,37.324068,15669,294.9,4.0,-0.7,231,236,28,A,ADSBLOL
05:41:19,31.153149,37.322767,15677,294.9,4.3,-0.8,231,236,28,A,ADSBLOL
05:41:20,31.153794,37.321463,15686,294.8,4.5,-1.0,231,236,28,A,ADSBLOL
05:41:21,31.154438,37.320156,15697,294.7,4.7,-1.6,231,236,28,A,ADSBLOL
05:41:22,31.155080,37.318844,15709,294.6,4.8,-2.3,231,236,28,A,ADSBLOL
05:41:23,31.155721,37.317529,15722,294.5,4.9,-2.6,231,236,28,A,ADSBLOL
05:41:24,31.156358,37.316210,15736,294.3,5.0,-2.6,231,236,28,A,ADSBLOL
05:41:25,31.156992,37.314889,15750,294.1,5.0,-2.4,231,236,28,A,ADSBLOL
05:41:26,31.157623,37.313567,15763,294.0,4.9,-2.0,231,236,28,A,ADSBLOL
05:41:27,31.158250,37.312245,15775,293.9,4.7,-1.5,231,236,28,A,ADSBLOL
05:41:28,31.158874,37.310924,15786,293.8,4.6,-1.0,231,236,28,A,ADSBLOL
05:41:29,31.159495,37.309606,15795,293.7,4.4,-0.5,231,236,28,A,ADSBLOL
05:41:30,31.160115,37.308290,15803,293.7,4.2,-0.2,231,236,28,A,ADSBLOL
05:41:31,31.160734,37.306976,15809,293.7,4.0,-0.0,231,236,28,A,ADSBLOL
05:41:32,31.161351,37.305663,15813,293.7,3.9,-0.2,231,236,28,A,ADSBLOL
05:41:33,31.161968,37.304352,15818,293.6,3.9,-0.8,231,236,28,A,ADSBLOL
05:41:34,31.162582,37.303041,15822,293.5,3.9,-1.6,231,234,28,A,ADSBLOL
05:41:35,31.163195,37.301728,15827,293.4,4.0,-2.5,231,234,28,A,ADSBLOL
05:41:36,31.163803,37.300414,15832,293.2,4.0,-3.5,231,234,28,A,ADSBLOL
05:41:37,31.164406,37.299096,15839,292.9,4.2,-4.1,230,234,28,A,ADSBLOL
05:41:38,31.165004,37.297774,15845,292.6,4.3,-4.1,230,234,28,A,ADSBLOL
05:41:39,31.165598,37.296447,15853,292.4,4.4,-3.7,230,234,28,A,ADSBLOL
05:41:40,31.166186,37.295117,15860,292.2,4.5,-3.1,229,234,28,A,ADSBLOL
05:41:41,31.166771,37.293784,15868,292.0,4.5,-2.3,229,234,28,R,ADSBLOL
05:41:42,31.167352,37.292451,15877,291.9,4.6,-1.5,229,234,28,A,ADSBLOL
05:41:43,31.167930,37.291120,15885,291.8,4.6,-0.9,228,234,28,A,ADSBLOL
05:41:44,31.168506,37.289791,15893,291.7,4.7,-0.5,228,234,28,A,ADSBLOL
05:41:45,31.169079,37.288467,15902,291.7,4.7,-0.7,228,234,28,A,ADSBLOL
05:41:46,31.169649,37.287148,15910,291.6,4.7,-1.4,227,234,28,A,ADSBLOL
05:41:47,31.170212,37.285835,15918,291.4,4.8,-2.9,227,234,28,A,ADSBLOL
05:41:48,31.170768,37.284527,15926,291.2,4.8,-4.3,227,234,28,A,ADSBLOL
05:41:49,31.171315,37.283223,15933,290.8,4.8,-4.8,227,234,28,A,ADSBLOL
05:41:50,31.171853,37.281921,15941,290.5,4.8,-4.7,227,234,28,A,ADSBLOL
05:41:51,31.172383,37.280617,15948,290.2,4.8,-4.4,226,234,28,A,ADSBLOL
05:41:52,31.172908,37.279309,15955,289.9,4.8,-4.7,226,234,28,A,ADSBLOL
05:41:53,31.173427,37.277994,15962,289.5,4.8,-6.1,226,234,28,A,ADSBLOL
05:41:54,31.173937,37.276670,15968,289.0,4.8,-9.2,226,234,28,A,ADSBLOL
05:41:55,31.174435,37.275334,15975,288.3,5.0,-14.1,226,234,28,A,ADSBLOL
05:41:56,31.174911,37.273986,15981,287.2,5.1,-18.1,226,234,28,A,ADSBLOL
05:41:57,31.175359,37.272625,15986,285.9,5.1,-20.2,226,234,28,A,ADSBLOL
05:41:58,31.175775,37.271254,15990,284.4,5.1,-21.1,226,234,28,A,ADSBLOL
05:41:59,31.176158,37.269873,15993,282.9,5.0,-21.6,226,234,28,A,ADSBLOL
05:42:00,31.176506,37.268484,15995,281.4,5.0,-22.3,226,234,28,A,ADSBLOL
05:42:01,31.176818,37.267087,15996,279.8,5.0,-22.6,225,234,28,A,ADSBLOL
05:42:02,31.177094,37.265681,15996,278.2,4.9,-23.0,225,234,28,A,ADSBLOL
05:42:03,31.177333,37.264268,15996,276.6,4.8,-22.6,226,234,28,A,ADSBLOL
05:42:04,31.177535,37.262849,15996,275.1,4.7,-22.3,226,234,28,A,ADSBLOL
05:42:05,31.177702,37.261427,15995,273.5,4.6,-22.4,226,234,28,A,ADSBLOL
05:42:06,31.177832,37.260003,15994,271.9,4.6,-23.0,226,234,28,A,ADSBLOL
05:42:07,31.177924,37.258580,15992,270.2,4.7,-24.7,226,234,28,A,ADSBLOL
05:42:08,31.177973,37.257162,15990,268.4,4.8,-27.2,226,234,28,A,ADSBLOL
05:42:09,31.177976,37.255749,15987,266.3,4.8,-29.3,227,234,28,A,ADSBLOL
05:42:10,31.177929,37.254344,15982,264.1,4.8,-30.6,227,234,28,A,ADSBLOL
05:42:11,31.177830,37.252947,15977,261.8,4.7,-31.3,227,234,28,A,ADSBLOL
05:42:12,31.177677,37.251560,15971,259.5,4.5,-31.5,228,234,28,A,ADSBLOL
05:42:13,31.177471,37.250183,15964,257.1,4.3,-31.2,228,234,28,R,ADSBLOL
05:42:14,31.177212,37.248817,15956,254.9,4.0,-30.5,228,234,28,R,ADSBLOL
05:42:15,31.176904,37.247462,15947,252.7,3.7,-29.4,229,234,28,R,ADSBLOL
05:42:16,31.176547,37.246119,15937,250.6,3.4,-28.0,229,234,28,R,ADSBLOL
05:42:17,31.176144,37.244788,15925,248.7,3.1,-26.4,229,234,28,R,ADSBLOL
05:42:18,31.175700,37.243469,15913,246.9,2.8,-24.7,230,234,28,R,ADSBLOL
05:42:19,31.175217,37.242162,15899,245.2,2.6,-22.9,230,234,28,R,ADSBLOL
05:42:20,31.174699,37.240867,15885,243.7,2.3,-21.2,230,234,28,R,ADSBLOL
05:42:21,31.174149,37.239584,15870,242.4,2.1,-19.5,231,234,28,R,ADSBLOL
05:42:22,31.173571,37.238314,15854,241.1,1.9,-18.1,231,234,28,R,ADSBLOL
05:42:23,31.172966,37.237058,15838,239.9,1.8,-17.0,231,234,28,A,ADSBLOL
05:42:24,31.172337,37.235815,15822,238.8,1.7,-16.3,232,234,28,A,ADSBLOL
05:42:25,31.171686,37.234588,15806,237.8,1.7,-16.1,232,234,28,A,ADSBLOL
05:42:26,31.171014,37.233376,15790,236.6,1.7,-16.5,232,233,29,A,ADSBLOL
05:42:27,31.170319,37.232181,15775,235.5,1.8,-17.5,233,233,29,A,ADSBLOL
05:42:28,31.169602,37.231006,15761,234.3,1.9,-19.1,233,233,29,A,ADSBLOL
05:42:29,31.168859,37.229851,15748,232.9,2.2,-20.6,233,233,29,A,ADSBLOL
05:42:30,31.168089,37.228720,15737,231.5,2.4,-21.2,233,233,29,A,ADSBLOL
05:42:31,31.167292,37.227614,15728,230.1,2.7,-21.4,233,233,29,A,ADSBLOL
05:42:32,31.166470,37.226533,15721,228.7,3.0,-21.8,233,233,29,A,ADSBLOL
05:42:33,31.165621,37.225482,15717,227.1,3.3,-23.2,233,233,29,A,ADSBLOL
05:42:34,31.164745,37.224462,15716,225.5,3.8,-26.2,233,233,29,A,ADSBLOL
05:42:35,31.163838,37.223481,15716,223.5,4.2,-28.4,233,233,29,A,ADSBLOL
05:42:36,31.162900,37.222541,15719,221.6,4.4,-28.2,233,233,29,A,ADSBLOL
05:42:37,31.161931,37.221642,15724,219.6,4.5,-26.2,234,233,29,A,ADSBLOL
05:42:38,31.160935,37.220780,15732,218.0,4.6,-22.8,234,233,29,A,ADSBLOL
05:42:39,31.159916,37.219950,15742,216.6,4.6,-18.7,234,233,29,A,ADSBLOL
05:42:40,31.158881,37.219146,15754,215.5,4.8,-14.7,234,233,30,A,ADSBLOL
05:42:41,31.157834,37.218363,15769,214.7,4.9,-11.6,235,233,30,A,ADSBLOL
05:42:42,31.156779,37.217597,15786,214.0,5.1,-10.3,235,233,30,A,ADSBLOL
05:42:43,31.155717,37.216849,15806,213.3,5.4,-11.6,235,233,30,A,ADSBLOL
05:42:44,31.154647,37.216121,15826,212.4,5.7,-13.8,234,233,30,A,ADSBLOL
05:42:45,31.153568,37.215417,15848,211.5,5.9,-15.3,232,233,30,A,ADSBLOL
05:42:46,31.152480,37.214740,15870,210.4,6.1,-17.1,231,233,30,A,ADSBLOL
05:42:47,31.151382,37.214093,15890,209.2,6.2,-18.7,230,233,30,A,ADSBLOL
05:42:48,31.150275,37.213481,15909,207.9,6.2,-18.9,229,233,30,A,ADSBLOL
05:42:49,31.149157,37.212901,15926,206.7,5.9,-18.0,229,233,30,A,ADSBLOL
05:42:50,31.148031,37.212352,15940,205.5,5.6,-16.3,228,233,30,A,ADSBLOL
05:42:51,31.146897,37.211830,15951,204.5,5.4,-14.8,226,233,30,A,ADSBLOL
05:42:52,31.145755,37.211334,15960,203.5,5.2,-14.3,226,233,30,A,ADSBLOL
05:42:53,31.144605,37.210862,15966,202.6,4.9,-14.7,226,233,30,A,ADSBLOL
05:42:54,31.143446,37.210415,15969,201.5,4.7,-15.1,226,233,30,A,ADSBLOL
05:42:55,31.142278,37.209994,15971,200.5,4.5,-15.4,226,233,30,A,ADSBLOL
05:42:56,31.141101,37.209600,15972,199.4,4.4,-16.0,226,233,30,A,ADSBLOL
05:42:57,31.139915,37.209233,15972,198.4,4.3,-15.9,226,233,30,A,ADSBLOL
05:42:58,31.138720,37.208893,15971,197.3,4.2,-15.3,226,233,30,A,ADSBLOL
05:42:59,31.137516,37.208580,15970,196.3,4.2,-15.7,226,233,30,A,ADSBLOL
05:43:00,31.136304,37.208294,15969,195.2,4.2,-16.5,226,233,30,A,ADSBLOL
05:43:01,31.135084,37.208037,15968,194.1,4.2,-15.8,226,232,30,A,ADSBLOL
05:43:02,31.133857,37.207808,15967,193.0,4.2,-14.8,226,232,30,A,ADSBLOL
05:43:03,31.132624,37.207605,15966,192.0,4.2,-14.9,226,232,30,A,ADSBLOL
05:43:04,31.131387,37.207429,15966,191.0,4.3,-15.1,226,232,30,A,ADSBLOL
05:43:05,31.130147,37.207280,15967,190.0,4.4,-15.5,226,232,30,A,ADSBLOL
05:43:06,31.128903,37.207160,15967,188.9,4.5,-17.4,226,232,30,A,ADSBLOL
05:43:07,31.127658,37.207074,15969,187.6,4.7,-20.0,226,232,30,A,ADSBLOL
05:43:08,31.126411,37.207025,15971,186.2,4.9,-21.5,226,232,30,A,ADSBLOL
05:43:09,31.125161,37.207017,15974,184.7,5.0,-21.3,226,232,30,A,ADSBLOL
05:43:10,31.123910,37.207049,15977,183.3,5.0,-20.6,226,232,30,A,ADSBLOL
05:43:11,31.122658,37.207119,15980,181.9,4.9,-20.1,226,232,30,A,ADSBLOL
05:43:12,31.121405,37.207226,15983,180.5,4.9,-20.5,226,232,30,A,ADSBLOL
05:43:13,31.120153,37.207373,15985,179.0,5.0,-23.0,226,232,30,A,ADSBLOL
05:43:14,31.118903,37.207565,15986,177.2,5.3,-27.9,226,232,30,A,ADSBLOL
05:43:15,31.117655,37.207814,15986,175.0,5.3,-30.2,226,232,30,A,ADSBLOL
05:43:16,31.116411,37.208123,15984,172.9,5.0,-29.1,226,232,30,A,ADSBLOL
05:43:17,31.115170,37.208487,15980,171.0,4.5,-25.3,226,230,32,A,ADSBLOL
05:43:18,31.113931,37.208898,15975,169.4,3.9,-20.2,226,230,32,A,ADSBLOL
05:43:19,31.112693,37.209345,15968,168.2,3.5,-15.0,226,230,32,A,ADSBLOL
05:43:20,31.111455,37.209819,15960,167.3,3.2,-11.6,226,230,32,A,ADSBLOL
05:43:21,31.110217,37.210314,15951,166.6,3.1,-11.7,226,230,32,A,ADSBLOL
05:43:22,31.108980,37.210833,15941,165.7,3.1,-15.2,227,230,32,A,ADSBLOL
05:43:23,31.107746,37.211382,15931,164.6,3.0,-17.6,227,230,32,A,ADSBLOL
05:43:24,31.106519,37.211963,15921,163.3,3.0,-19.3,228,230,32,A,ADSBLOL
05:43:25,31.105300,37.212581,15909,161.9,3.0,-22.3,229,230,32,A,ADSBLOL
05:43:26,31.104094,37.213241,15898,160.3,3.1,-25.5,229,230,32,A,ADSBLOL
05:43:27,31.102902,37.213947,15887,158.5,3.1,-25.9,230,230,32,A,ADSBLOL
05:43:28,31.101725,37.214699,15876,156.7,3.0,-25.0,230,230,32,A,ADSBLOL
05:43:29,31.100564,37.215495,15866,155.1,2.9,-22.7,231,230,32,A,ADSBLOL
05:43:30,31.099417,37.216329,15857,153.7,2.7,-19.6,231,230,32,A,ADSBLOL
05:43:31,31.098284,37.217196,15847,152.4,2.6,-18.1,232,230,32,A,ADSBLOL
05:43:32,31.097163,37.218093,15839,151.2,2.7,-20.1,232,230,32,A,ADSBLOL
05:43:33,31.096060,37.219024,15830,149.7,2.9,-23.1,232,230,32,A,ADSBLOL
05:43:34,31.094977,37.219992,15822,148.1,3.0,-24.9,232,230,32,A,ADSBLOL
05:43:35,31.093918,37.221001,15814,146.3,3.1,-25.6,232,230,32,A,ADSBLOL
05:43:36,31.092883,37.222050,15807,144.6,3.2,-26.0,232,230,32,A,ADSBLOL
05:43:37,31.091875,37.223139,15800,142.7,3.4,-27.7,232,230,32,A,ADSBLOL
05:43:38,31.090896,37.224273,15794,140.6,3.7,-31.3,232,230,32,A,ADSBLOL
05:43:39,31.089951,37.225457,15788,138.3,3.9,-32.4,232,230,32,A,ADSBLOL
05:43:40,31.089042,37.226692,15783,136.0,3.9,-30.6,232,230,32,A,ADSBLOL
05:43:41,31.088166,37.227973,15779,134.0,3.7,-26.8,232,230,32,A,ADSBLOL
05:43:42,31.087318,37.229290,15776,132.3,3.4,-22.1,232,230,32,A,ADSBLOL
05:43:43,31.086495,37.230635,15773,131.0,3.3,-17.6,232,230,32,A,ADSBLOL
05:43:44,31.085693,37.232000,15771,130.0,3.3,-15.1,232,231,33,A,ADSBLOL
05:43:45,31.084910,37.233381,15769,129.1,3.3,-16.0,232,231,33,A,ADSBLOL
05:43:46,31.084148,37.234779,15768,128.0,3.5,-17.7,232,231,33,A,ADSBLOL
05:43:47,31.083410,37.236195,15767,126.8,3.5,-18.4,232,231,33,A,ADSBLOL
05:43:48,31.082698,37.237629,15766,125.6,3.6,-19.2,232,231,33,A,ADSBLOL
05:43:49,31.082011,37.239081,15767,124.3,3.7,-19.7,232,231,33,A,ADSBLOL
05:43:50,31.081352,37.240553,15768,123.0,3.8,-18.4,232,231,33,A,ADSBLOL
05:43:51,31.080717,37.242040,15769,121.9,3.8,-15.7,232,231,33,A,ADSBLOL
05:43:52,31.080103,37.243540,15773,120.9,3.8,-12.6,232,231,33,A,ADSBLOL
05:43:53,31.079507,37.245049,15777,120.2,4.0,-9.9,232,231,33,A,ADSBLOL
05:43:54,31.078923,37.246562,15784,119.7,4.1,-7.3,231,231,33,A,ADSBLOL
05:43:55,31.078351,37.248078,15791,119.3,4.3,-5.6,231,231,33,A,ADSBLOL
05:43:56,31.077787,37.249595,15801,118.9,4.5,-5.0,231,231,33,A,ADSBLOL
05:43:57,31.077231,37.251112,15811,118.7,4.7,-4.5,231,231,33,A,ADSBLOL
05:43:58,31.076683,37.252628,15823,118.4,4.8,-4.9,231,231,33,A,ADSBLOL
05:43:59,31.076144,37.254144,15835,118.1,4.9,-6.2,230,230,33,A,ADSBLOL
05:44:00,31.075615,37.255660,15848,117.7,5.1,-6.6,229,230,33,A,ADSBLOL
05:44:01,31.075097,37.257179,15860,117.3,5.2,-6.3,228,230,33,A,ADSBLOL
05:44:02,31.074588,37.258698,15871,116.9,5.2,-6.6,226,230,33,A,ADSBLOL
05:44:03,31.074091,37.260218,15881,116.4,5.2,-8.5,225,230,33,A,ADSBLOL
05:44:04,31.073609,37.261741,15889,115.7,5.2,-12.0,225,230,33,A,ADSBLOL
05:44:05,31.073146,37.263268,15896,114.8,5.2,-15.0,225,230,33,A,ADSBLOL
05:44:06,31.072707,37.264803,15901,113.7,5.1,-16.7,225,230,33,A,ADSBLOL
05:44:07,31.072294,37.266348,15905,112.6,5.1,-17.2,224,230,33,A,ADSBLOL
05:44:08,31.071906,37.267904,15908,111.4,5.0,-17.2,224,230,33,A,ADSBLOL
05:44:09,31.071544,37.269470,15911,110.2,5.0,-17.3,224,230,33,A,ADSBLOL
05:44:10,31.071208,37.271048,15913,109.0,5.0,-17.5,224,230,33,A,ADSBLOL
05:44:11,31.070899,37.272636,15916,107.7,5.1,-18.6,224,230,33,A,ADSBLOL
05:44:12,31.070618,37.274236,15919,106.4,5.1,-18.6,224,230,33,A,ADSBLOL
05:44:13,31.070366,37.275847,15922,105.2,5.2,-17.4,224,230,33,A,ADSBLOL
05:44:14,31.070139,37.277469,15927,104.0,5.3,-16.2,224,230,33,A,ADSBLOL
05:44:15,31.069935,37.279101,15934,102.9,5.4,-14.4,224,230,33,A,ADSBLOL
05:44:16,31.069753,37.280742,15942,101.8,5.5,-11.7,223,231,32,A,ADSBLOL
05:44:17,31.069588,37.282386,15952,101.1,5.6,-9.0,223,231,32,A,ADSBLOL
05:44:18,31.069435,37.284032,15963,100.6,5.8,-7.3,223,231,32,A,ADSBLOL
05:44:19,31.069294,37.285676,15976,100.1,6.0,-6.9,223,231,32,A,ADSBLOL
05:44:20,31.069163,37.287318,15990,99.7,6.2,-5.7,222,231,32,A,ADSBLOL
05:44:21,31.069041,37.288958,16005,99.4,6.3,-3.7,222,231,32,A,ADSBLOL
05:44:22,31.068923,37.290593,16020,99.3,6.4,-1.6,221,231,32,A,ADSBLOL
05:44:23,31.068808,37.292222,16036,98.9,6.5,0.2,220,232,31,A,ADSBLOL
05:44:24,31.068693,37.293846,16051,99.0,6.6,2.3,219,232,31,A,ADSBLOL
05:44:25,31.068573,37.295463,16065,99.3,6.7,4.4,217,232,31,A,ADSBLOL
05:44:26,31.068446,37.297072,16079,99.7,6.7,6.3,216,232,31,A,ADSBLOL
05:44:27,31.068310,37.298671,16091,100.2,6.6,7.4,215,232,31,A,ADSBLOL
05:44:28,31.068162,37.300263,16101,100.7,6.5,8.1,215,232,31,A,ADSBLOL
05:44:29,31.068003,37.301846,16109,101.3,6.3,8.7,215,232,31,A,ADSBLOL
05:44:30,31.067830,37.303424,16116,101.9,6.0,9.1,215,232,31,A,ADSBLOL
05:44:31,31.067643,37.304996,16120,102.6,5.8,9.4,215,232,31,A,ADSBLOL
05:44:32,31.067443,37.306565,16123,103.2,5.6,9.2,214,232,31,A,ADSBLOL
05:44:33,31.067228,37.308131,16124,103.9,5.4,8.6,214,232,31,A,ADSBLOL
05:44:34,31.067001,37.309693,16123,104.4,5.2,7.6,214,232,31,A,ADSBLOL
05:44:35,31.066762,37.311253,16122,104.9,5.0,6.4,213,232,31,A,ADSBLOL
05:44:36,31.066515,37.312812,16118,105.3,4.9,5.2,213,232,31,A,ADSBLOL
05:44:37,31.066259,37.314369,16114,105.6,4.7,3.9,213,232,31,A,ADSBLOL
05:44:38,31.065998,37.315927,16109,105.9,4.6,2.7,213,232,31,A,ADSBLOL
05:44:39,31.065734,37.317483,16103,106.0,4.5,1.6,213,232,31,A,ADSBLOL
05:44:40,31.065467,37.319039,16096,106.1,4.4,0.7,213,232,31,A,ADSBLOL
05:44:41,31.065200,37.320595,16089,106.1,4.4,0.1,213,232,31,A,ADSBLOL
05:44:42,31.064933,37.322148,16082,106.1,4.3,-0.1,213,232,31,A,ADSBLOL
05:44:43,31.064667,37.323700,16074,106.1,4.3,0.1,213,232,31,A,ADSBLOL
05:44:44,31.064400,37.325249,16067,106.2,4.3,0.8,213,232,31,A,ADSBLOL
05:44:45,31.064133,37.326795,16059,106.3,4.3,1.5,213,232,31,A,ADSBLOL
05:44:46,31.063864,37.328338,16051,106.4,4.3,1.8,213,232,31,A,ADSBLOL
05:44:47,31.063592,37.329877,16044,106.5,4.3,1.9,214,232,31,A,ADSBLOL
05:44:48,31.063318,37.331414,16037,106.7,4.3,1.8,214,232,31,A,ADSBLOL
05:44:49,31.063041,37.332949,16030,106.6,4.3,1.6,214,233,30,R,ADSBLOL
05:44:50,31.062762,37.334484,16023,106.7,4.4,1.4,214,233,30,R,ADSBLOL
05:44:51,31.062480,37.336019,16017,106.8,4.4,1.4,214,233,30,A,ADSBLOL
05:44:52,31.062196,37.337557,16011,106.8,4.5,1.5,214,233,30,A,ADSBLOL
05:44:53,31.061909,37.339097,16006,106.9,4.5,1.9,215,233,30,A,ADSBLOL
05:44:54,31.061618,37.340641,16001,107.1,4.6,2.8,215,233,30,A,ADSBLOL
05:44:55,31.061321,37.342189,15997,107.3,4.6,4.1,215,233,30,A,ADSBLOL
05:44:56,31.061016,37.343742,15993,107.6,4.7,5.7,215,233,30,A,ADSBLOL
05:44:57,31.060701,37.345300,15989,108.0,4.7,6.7,215,233,30,A,ADSBLOL
05:44:58,31.060374,37.346860,15985,108.5,4.7,6.8,215,233,30,A,ADSBLOL
05:44:59,31.060037,37.348420,15981,108.9,4.7,6.1,215,233,30,A,ADSBLOL
05:45:00,31.059691,37.349977,15977,109.3,4.7,4.9,215,233,30,A,ADSBLOL
05:45:01,31.059339,37.351530,15973,109.6,4.6,3.2,215,233,30,A,ADSBLOL
05:45:02,31.058984,37.353079,15969,109.7,4.6,1.0,215,233,30,A,ADSBLOL
05:45:03,31.058628,37.354625,15964,109.7,4.6,-1.2,215,233,30,A,ADSBLOL
05:45:04,31.058275,37.356173,15960,109.6,4.5,-2.9,215,233,30,A,ADSBLOL
05:45:05,31.057926,37.357724,15955,109.3,4.5,-3.9,215,233,30,A,ADSBLOL
05:45:06,31.057584,37.359279,15950,109.0,4.6,-4.4,215,233,30,A,ADSBLOL
05:45:07,31.057247,37.360837,15946,108.7,4.6,-4.4,215,233,30,A,ADSBLOL
05:45:08,31.056917,37.362396,15941,108.5,4.6,-4.0,215,233,30,A,ADSBLOL
05:45:09,31.056593,37.363956,15937,108.2,4.6,-3.3,215,233,30,A,ADSBLOL
05:45:10,31.056274,37.365513,15933,108.0,4.6,-2.4,215,233,30,A,ADSBLOL
05:45:11,31.055959,37.367066,15929,107.9,4.6,-1.4,215,233,30,A,ADSBLOL
05:45:12,31.055648,37.368614,15925,107.9,4.7,-0.3,215,233,30,A,ADSBLOL
05:45:13,31.055337,37.370156,15921,107.9,4.6,0.6,215,233,30,A,ADSBLOL
05:45:14,31.055027,37.371692,15917,108.0,4.6,1.4,215,234,30,A,ADSBLOL
05:45:15,31.054715,37.373221,15913,108.1,4.6,1.9,214,234,30,A,ADSBLOL
05:45:16,31.054402,37.374743,15908,108.2,4.5,2.0,214,234,30,A,ADSBLOL
05:45:17,31.054087,37.376258,15902,108.4,4.5,1.9,214,234,30,A,ADSBLOL
05:45:18,31.053770,37.377768,15895,108.5,4.4,1.5,214,234,30,A,ADSBLOL
05:45:19,31.053452,37.379276,15889,108.6,4.4,1.1,213,234,30,A,ADSBLOL
05:45:20,31.053131,37.380784,15882,108.7,4.4,0.7,213,234,30,A,ADSBLOL
05:45:21,31.052810,37.382294,15876,108.7,4.5,0.5,213,234,30,A,ADSBLOL
05:45:22,31.052487,37.383806,15871,108.7,4.6,0.4,213,234,30,A,ADSBLOL
05:45:23,31.052163,37.385320,15866,108.7,4.6,0.3,213,234,30,A,ADSBLOL
05:45:24,31.051839,37.386834,15861,108.8,4.7,0.1,213,234,30,A,ADSBLOL
05:45:25,31.051514,37.388350,15856,108.7,4.7,-0.1,213,234,30,A,ADSBLOL
05:45:26,31.051190,37.389866,15851,108.6,4.6,-0.4,213,235,30,A,ADSBLOL
05:45:27,31.050866,37.391384,15846,108.6,4.6,-0.7,213,235,29,A,ADSBLOL
05:45:28,31.050543,37.392902,15841,108.5,4.5,-0.9,213,235,29,A,ADSBLOL
05:45:29,31.050221,37.394420,15835,108.4,4.5,-1.1,213,235,29,A,ADSBLOL
05:45:30,31.049902,37.395938,15828,108.3,4.4,-1.2,214,235,29,A,ADSBLOL
05:45:31,31.049584,37.397456,15821,108.2,4.3,-1.2,214,235,29,A,ADSBLOL
05:45:32,31.049268,37.398973,15814,108.2,4.3,-1.0,214,235,29,A,ADSBLOL
05:45:33,31.048954,37.400490,15807,108.1,4.3,-0.7,214,235,29,A,ADSBLOL
05:45:34,31.048640,37.402009,15800,108.1,4.3,-0.4,214,235,29,A,ADSBLOL
05:45:35,31.048327,37.403528,15794,108.1,4.4,-0.1,214,235,29,A,ADSBLOL
05:45:36,31.048013,37.405049,15788,108.1,4.4,0.1,214,235,29,A,ADSBLOL
05:45:37,31.047699,37.406571,15782,108.1,4.5,0.4,214,235,29,A,ADSBLOL
05:45:38,31.047384,37.408094,15777,108.1,4.6,0.6,214,235,29,A,ADSBLOL
05:45:39,31.047067,37.409619,15772,108.1,4.6,0.7,214,235,29,A,ADSBLOL
05:45:40,31.046750,37.411144,15768,108.2,4.8,0.6,214,235,29,A,ADSBLOL
05:45:41,31.046431,37.412671,15766,108.2,4.9,0.5,214,235,29,A,ADSBLOL
05:45:42,31.046111,37.414200,15764,108.2,5.0,0.4,215,235,29,A,ADSBLOL
05:45:43,31.045790,37.415730,15764,108.3,5.1,0.3,215,235,29,A,ADSBLOL
05:45:44,31.045469,37.417261,15765,108.3,5.3,0.1,216,235,29,A,ADSBLOL
05:45:45,31.045147,37.418794,15768,108.3,5.5,-0.3,216,235,29,A,ADSBLOL
05:45:46,31.044825,37.420328,15773,108.2,5.7,-0.8,216,235,29,A,ADSBLOL
05:45:47,31.044505,37.421864,15779,108.1,5.9,-1.3,216,235,29,A,ADSBLOL
05:45:48,31.044187,37.423403,15787,108.0,6.0,-1.8,216,235,29,A,ADSBLOL
05:45:49,31.043871,37.424945,15796,107.9,6.2,-2.2,216,235,29,A,ADSBLOL
05:45:50,31.043558,37.426490,15805,107.7,6.2,-2.6,216,235,29,A,ADSBLOL
05:45:51,31.043248,37.428038,15814,107.5,6.2,-3.0,216,235,29,A,ADSBLOL
05:45:52,31.042943,37.429592,15823,107.3,6.1,-3.4,216,235,29,A,ADSBLOL
05:45:53,31.042641,37.431153,15831,107.0,6.0,-3.7,216,235,29,A,ADSBLOL
05:45:54,31.042344,37.432724,15838,106.7,5.9,-3.9,216,235,29,A,ADSBLOL
05:45:55,31.042050,37.434308,15844,106.4,5.7,-3.9,216,235,29,A,ADSBLOL
05:45:56,31.041760,37.435905,15849,106.1,5.5,-3.9,216,235,29,A,ADSBLOL
05:45:57,31.041474,37.437514,15852,105.8,5.4,-3.8,217,235,29,A,ADSBLOL
05:45:58,31.041192,37.439136,15854,105.6,5.2,-3.6,217,235,29,R,ADSBLOL
05:45:59,31.040913,37.440770,15854,105.3,5.0,-3.4,217,235,29,R,ADSBLOL
05:46:00,31.040637,37.442415,15854,105.1,4.9,-3.2,217,235,29,R,ADSBLOL
05:46:01,31.040365,37.444069,15852,104.8,4.7,-2.9,217,235,29,R,ADSBLOL
05:46:02,31.040096,37.445731,15850,104.6,4.6,-2.6,217,235,29,R,ADSBLOL
05:46:03,31.039831,37.447400,15846,104.5,4.5,-2.3,217,235,29,R,ADSBLOL
05:46:04,31.039568,37.449072,15843,104.3,4.5,-2.0,217,235,29,R,ADSBLOL
05:46:05,31.039308,37.450745,15839,104.2,4.4,-1.8,217,236,30,R,ADSBLOL
05:46:06,31.039050,37.452418,15835,104.1,4.4,-1.5,217,236,30,R,ADSBLOL
05:46:07,31.038795,37.454089,15831,104.0,4.4,-1.2,218,236,30,A,ADSBLOL
05:46:08,31.038543,37.455757,15827,104.0,4.5,-1.0,218,236,30,A,ADSBLOL
05:46:09,31.038293,37.457420,15824,103.9,4.5,-0.8,218,236,30,A,ADSBLOL
05:46:10,31.038044,37.459078,15822,103.9,4.6,-0.6,218,236,30,A,ADSBLOL
05:46:11,31.037797,37.460733,15821,103.9,4.7,-0.5,218,236,30,A,ADSBLOL
05:46:12,31.037551,37.462384,15821,103.8,4.8,-0.4,218,236,30,A,ADSBLOL
05:46:13,31.037307,37.464034,15821,103.8,5.0,-0.3,218,236,30,A,ADSBLOL
05:46:14,31.037062,37.465683,15823,103.8,5.0,-0.3,220,236,30,A,ADSBLOL
05:46:15,31.036819,37.467330,15827,103.8,5.0,-0.2,221,236,30,A,ADSBLOL
05:46:16,31.036576,37.468976,15831,103.8,5.0,-0.2,223,236,30,A,ADSBLOL
05:46:17,31.036333,37.470619,15837,103.8,4.9,-0.1,224,236,30,A,ADSBLOL
05:46:18,31.036091,37.472259,15844,103.8,4.8,-0.1,226,236,30,A,ADSBLOL
05:46:19,31.035850,37.473894,15851,103.8,4.8,-0.1,227,236,30,A,ADSBLOL
05:46:20,31.035610,37.475526,15860,103.8,4.8,-0.1,227,236,30,A,ADSBLOL
05:46:21,31.035370,37.477155,15868,103.8,4.8,-0.1,227,236,30,A,ADSBLOL
05:46:22,31.035131,37.478782,15877,103.8,4.8,-0.1,227,236,30,A,ADSBLOL
05:46:23,31.034891,37.480409,15885,103.8,4.8,-0.1,227,236,30,A,ADSBLOL
05:46:24,31.034652,37.482036,15892,103.8,4.7,-0.0,227,236,30,A,ADSBLOL
05:46:25,31.034413,37.483663,15899,103.8,4.6,-0.0,227,236,30,A,ADSBLOL
05:46:26,31.034174,37.485291,15906,103.8,4.5,0.0,227,236,30,R,ADSBLOL
05:46:27,31.033934,37.486921,15911,103.8,4.4,0.1,227,236,30,R,ADSBLOL
05:46:28,31.033694,37.488553,15915,103.8,4.3,0.1,228,236,30,R,ADSBLOL
05:46:29,31.033453,37.490186,15919,103.8,4.2,0.2,228,236,30,R,ADSBLOL
05:46:30,31.033212,37.491822,15921,103.8,4.0,0.2,228,236,30,A,ADSBLOL
05:46:31,31.032970,37.493461,15923,103.8,3.9,0.2,228,236,30,A,ADSBLOL
05:46:32,31.032728,37.495102,15924,103.8,3.8,0.2,228,236,30,A,ADSBLOL
05:46:33,31.032484,37.496747,15924,103.8,3.7,0.2,228,236,30,A,ADSBLOL
05:46:34,31.032239,37.498397,15923,103.8,3.6,0.2,228,236,30,A,ADSBLOL
05:46:35,31.031994,37.500050,15921,103.8,3.5,0.2,228,236,30,A,ADSBLOL
05:46:36,31.031748,37.501709,15918,103.8,3.4,0.2,228,236,30,A,ADSBLOL
05:46:37,31.031500,37.503372,15915,103.8,3.3,0.3,228,236,30,A,ADSBLOL
05:46:38,31.031251,37.505040,15910,103.8,3.1,0.5,228,236,30,A,ADSBLOL
05:46:39,31.031002,37.506710,15905,103.9,3.0,0.8,228,236,30,A,ADSBLOL
05:46:40,31.030750,37.508381,15899,103.9,2.9,1.0,229,236,30,A,ADSBLOL
05:46:41,31.030497,37.510053,15892,104.0,2.8,1.3,229,236,30,A,ADSBLOL
05:46:42,31.030242,37.511724,15885,104.1,2.7,1.4,229,236,30,A,ADSBLOL
05:46:43,31.029984,37.513395,15877,104.2,2.6,1.5,229,236,30,A,ADSBLOL
05:46:44,31.029724,37.515065,15868,104.2,2.6,1.4,229,236,29,A,ADSBLOL
05:46:45,31.029462,37.516738,15859,104.2,2.5,1.2,229,236,29,A,ADSBLOL
05:46:46,31.029198,37.518413,15850,104.2,2.4,1.0,230,236,29,A,ADSBLOL
05:46:47,31.028932,37.520093,15841,104.3,2.4,0.8,230,236,29,A,ADSBLOL
05:46:48,31.028663,37.521777,15832,104.3,2.5,0.7,230,236,29,A,ADSBLOL
05:46:49,31.028393,37.523466,15824,104.4,2.5,0.5,230,236,29,A,ADSBLOL
05:46:50,31.028122,37.525157,15816,104.4,2.6,0.4,230,236,29,A,ADSBLOL
05:46:51,31.027850,37.526848,15810,104.4,2.7,0.3,230,236,29,A,ADSBLOL
05:46:52,31.027578,37.528538,15804,104.4,2.9,0.1,230,236,29,A,ADSBLOL
05:46:53,31.027306,37.530225,15800,104.4,3.0,0.0,230,236,29,A,ADSBLOL
05:46:54,31.027035,37.531910,15797,104.4,3.2,-0.1,230,236,29,A,ADSBLOL
05:46:55,31.026764,37.533596,15795,104.4,3.3,-0.1,230,236,29,A,ADSBLOL
05:46:56,31.026493,37.535282,15795,104.4,3.4,-0.1,230,236,29,A,ADSBLOL
05:46:57,31.026222,37.536967,15795,104.4,3.5,-0.1,230,236,29,A,ADSBLOL
05:46:58,31.025951,37.538650,15796,104.4,3.6,0.0,230,236,29,A,ADSBLOL
05:46:59,31.025682,37.540329,15798,104.3,3.7,0.1,230,238,28,A,ADSBLOL
05:47:00,31.025413,37.542003,15800,104.3,3.8,0.1,230,238,28,A,ADSBLOL
05:47:01,31.025144,37.543671,15803,104.3,3.8,0.2,230,238,28,A,ADSBLOL
05:47:02,31.024876,37.545334,15806,104.3,3.9,0.2,230,238,28,A,ADSBLOL
05:47:03,31.024609,37.546991,15810,104.3,3.9,0.2,230,238,28,R,ADSBLOL
05:47:04,31.024342,37.548643,15813,104.4,3.9,0.3,230,238,28,R,ADSBLOL
05:47:05,31.024076,37.550289,15816,104.4,3.9,0.3,230,238,28,R,ADSBLOL
05:47:06,31.023810,37.551931,15820,104.4,3.9,0.3,230,238,28,R,ADSBLOL
05:47:07,31.023544,37.553569,15823,104.5,3.9,0.4,230,238,28,R,ADSBLOL
05:47:08,31.023278,37.555204,15826,104.5,3.9,0.4,229,238,28,R,ADSBLOL
05:47:09,31.023012,37.556837,15829,104.5,3.9,0.5,229,238,28,R,ADSBLOL
05:47:10,31.022744,37.558470,15831,104.6,3.9,0.6,229,238,28,R,ADSBLOL
05:47:11,31.022476,37.560102,15834,104.6,3.8,0.7,229,238,28,R,ADSBLOL
05:47:12,31.022207,37.561736,15836,104.6,3.8,0.8,229,238,28,R,ADSBLOL
05:47:13,31.021936,37.563372,15838,104.7,3.8,0.9,229,238,28,A,ADSBLOL
05:47:14,31.021663,37.565010,15840,104.7,3.8,1.1,229,238,28,A,ADSBLOL
05:47:15,31.021388,37.566652,15842,104.8,3.8,1.3,229,238,28,A,ADSBLOL
05:47:16,31.021110,37.568298,15844,104.8,3.8,1.6,229,238,28,A,ADSBLOL
05:47:17,31.020828,37.569948,15846,104.9,3.8,1.9,229,238,28,A,ADSBLOL
05:47:18,31.020543,37.571602,15847,105.0,3.8,2.2,229,238,28,A,ADSBLOL
05:47:19,31.020254,37.573261,15849,105.2,3.8,2.3,229,238,28,A,ADSBLOL
05:47:20,31.019960,37.574923,15851,105.3,3.8,2.2,229,238,28,A,ADSBLOL
05:47:21,31.019662,37.576587,15853,105.4,3.8,2.0,229,238,28,A,ADSBLOL
05:47:22,31.019362,37.578253,15855,105.6,3.8,1.8,229,238,28,A,ADSBLOL
05:47:23,31.019058,37.579919,15857,105.7,3.9,1.5,229,238,28,A,ADSBLOL
05:47:24,31.018753,37.581583,15859,105.8,3.9,1.3,229,238,28,A,ADSBLOL
05:47:25,31.018446,37.583245,15862,105.9,3.9,1.2,229,238,28,A,ADSBLOL
05:47:26,31.018137,37.584904,15866,106.0,4.0,1.3,229,238,28,A,ADSBLOL
05:47:27,31.017827,37.586561,15869,106.1,4.0,1.6,229,238,28,A,ADSBLOL
05:47:28,31.017514,37.588215,15873,106.2,4.0,2.2,229,238,28,A,ADSBLOL
05:47:29,31.017198,37.589869,15877,106.4,4.1,2.7,229,238,28,A,ADSBLOL
05:47:30,31.016877,37.591524,15881,106.6,4.1,2.9,229,238,28,A,ADSBLOL
05:47:31,31.016552,37.593180,15884,106.7,4.0,2.7,229,238,28,A,ADSBLOL
05:47:32,31.016223,37.594834,15888,106.9,4.0,2.3,229,238,28,A,ADSBLOL
05:47:33,31.015890,37.596486,15891,107.0,4.0,1.6,229,238,28,A,ADSBLOL
05:47:34,31.015557,37.598134,15894,107.1,3.9,0.8,229,238,28,A,ADSBLOL
05:47:35,31.015223,37.599777,15896,107.1,3.8,0.0,229,238,28,A,ADSBLOL
05:47:36,31.014891,37.601416,15898,107.1,3.8,-0.6,229,238,28,A,ADSBLOL
05:47:37,31.014560,37.603051,15899,107.1,3.7,-1.0,229,238,28,A,ADSBLOL
05:47:38,31.014232,37.604683,15900,107.0,3.6,-1.3,229,238,28,A,ADSBLOL
05:47:39,31.013907,37.606313,15900,106.9,3.5,-1.5,229,238,28,A,ADSBLOL
05:47:40,31.013584,37.607944,15900,106.8,3.5,-1.7,230,238,28,A,ADSBLOL
05:47:41,31.013262,37.609577,15899,106.7,3.4,-1.9,230,238,28,A,ADSBLOL
05:47:42,31.012943,37.611216,15898,106.6,3.3,-2.2,230,238,28,A,ADSBLOL
05:47:43,31.012626,37.612862,15896,106.4,3.3,-2.7,230,238,28,A,ADSBLOL
05:47:44,31.012312,37.614518,15894,106.4,3.3,-3.1,230,236,30,A,ADSBLOL
05:47:45,31.012001,37.616185,15892,106.3,3.2,-3.2,230,236,30,A,ADSBLOL
05:47:46,31.011692,37.617862,15890,106.1,3.2,-3.1,230,236,30,A,ADSBLOL
05:47:47,31.011387,37.619547,15888,105.9,3.2,-2.9,230,236,30,A,ADSBLOL
05:47:48,31.011085,37.621240,15885,105.7,3.2,-2.6,230,236,30,R,ADSBLOL
05:47:49,31.010787,37.622937,15883,105.6,3.2,-2.2,230,235,30,R,ADSBLOL
05:47:50,31.010491,37.624636,15881,105.5,3.2,-1.7,230,235,30,R,ADSBLOL
05:47:51,31.010198,37.626333,15879,105.5,3.2,-1.3,230,235,30,A,ADSBLOL
05:47:52,31.009907,37.628026,15877,105.4,3.3,-0.9,230,235,30,A,ADSBLOL
05:47:53,31.009619,37.629712,15875,105.4,3.2,-0.6,230,235,30,A,ADSBLOL
05:47:54,31.009334,37.631388,15873,105.4,2.8,-0.4,230,235,30,A,ADSBLOL
05:47:55,31.009051,37.633054,15872,105.4,2.5,-0.3,230,235,30,A,ADSBLOL
05:47:56,31.008770,37.634709,15871,105.3,2.6,-0.5,230,234,29,A,ADSBLOL
05:47:57,31.008493,37.636353,15870,105.3,2.9,-0.6,230,234,29,A,ADSBLOL
05:47:58,31.008218,37.637986,15870,105.3,3.2,-0.8,230,234,29,A,ADSBLOL
05:47:59,31.007946,37.639610,15870,105.2,3.4,-0.8,230,234,29,A,ADSBLOL
05:48:00,31.007677,37.641226,15870,105.2,3.5,-0.8,230,234,29,A,ADSBLOL
05:48:01,31.007410,37.642835,15870,105.2,3.5,-0.7,230,234,29,R,ADSBLOL
05:48:02,31.007146,37.644438,15870,105.1,3.6,-0.6,230,234,29,R,ADSBLOL
05:48:03,31.006882,37.646037,15871,105.1,3.6,-0.4,230,234,29,R,ADSBLOL
05:48:04,31.006620,37.647633,15871,105.1,3.6,-0.2,230,234,29,R,ADSBLOL
05:48:05,31.006359,37.649227,15872,105.1,3.6,0.0,229,234,29,R,ADSBLOL
05:48:06,31.006097,37.650822,15872,105.1,3.6,0.2,229,234,29,R,ADSBLOL
05:48:07,31.005835,37.652418,15873,105.1,3.6,0.5,229,234,29,R,ADSBLOL
05:48:08,31.005571,37.654017,15873,105.2,3.6,0.7,229,234,29,R,ADSBLOL
05:48:09,31.005305,37.655620,15873,105.2,3.6,0.9,229,234,29,R,ADSBLOL
05:48:10,31.005037,37.657228,15873,105.2,3.6,1.1,229,234,29,A,ADSBLOL
05:48:11,31.004766,37.658843,15873,105.3,3.6,1.3,229,234,29,A,ADSBLOL
05:48:12,31.004492,37.660464,15873,105.4,3.5,1.4,229,234,29,A,ADSBLOL
05:48:13,31.004215,37.662093,15873,105.4,3.5,1.5,229,234,29,A,ADSBLOL
05:48:14,31.003933,37.663729,15872,105.6,3.5,1.6,229,233,29,A,ADSBLOL
05:48:15,31.003648,37.665374,15871,105.7,3.5,1.6,229,233,29,A,ADSBLOL
05:48:16,31.003359,37.667026,15870,105.8,3.4,1.4,229,233,29,A,ADSBLOL
05:48:17,31.003067,37.668686,15868,105.8,3.4,1.1,229,233,29,A,ADSBLOL
05:48:18,31.002772,37.670353,15867,105.9,3.4,0.7,229,233,29,A,ADSBLOL
05:48:19,31.002474,37.672025,15865,105.9,3.4,0.3,229,233,29,A,ADSBLOL
05:48:20,31.002176,37.673704,15863,105.9,3.4,-0.1,229,233,29,R,ADSBLOL
05:48:21,31.001877,37.675387,15861,105.8,3.4,-0.6,229,233,29,R,ADSBLOL
05:48:22,31.001578,37.677074,15859,105.8,3.4,-1.1,229,233,29,R,ADSBLOL
05:48:23,31.001281,37.678763,15857,105.7,3.4,-1.5,229,233,29,R,ADSBLOL
05:48:24,31.000987,37.680453,15855,105.6,3.4,-1.8,229,233,29,R,ADSBLOL
05:48:25,31.000695,37.682143,15853,105.5,3.4,-2.1,229,233,29,R,ADSBLOL
05:48:26,31.000407,37.683830,15852,105.3,3.4,-2.2,229,233,29,R,ADSBLOL
05:48:27,31.000122,37.685515,15850,105.3,3.4,-2.1,229,232,30,R,ADSBLOL
05:48:28,30.999842,37.687196,15849,105.2,3.5,-1.9,229,232,30,R,ADSBLOL
05:48:29,30.999566,37.688870,15848,105.1,3.5,-1.5,229,232,30,A,ADSBLOL
05:48:30,30.999292,37.690539,15847,105.1,3.5,-0.8,229,232,30,A,ADSBLOL
05:48:31,30.999021,37.692200,15847,105.1,3.5,0.2,229,232,30,A,ADSBLOL
05:48:32,30.998750,37.693853,15847,105.1,3.6,1.5,229,232,30,A,ADSBLOL
05:48:33,30.998478,37.695499,15847,105.3,3.6,3.1,229,232,30,A,ADSBLOL
05:48:34,30.998201,37.697136,15847,105.6,3.7,5.1,229,232,30,A,ADSBLOL
05:48:35,30.997917,37.698765,15847,106.0,3.7,7.1,229,232,30,A,ADSBLOL
05:48:36,30.997622,37.700385,15848,106.6,3.7,9.1,229,232,30,A,ADSBLOL
05:48:37,30.997314,37.701997,15848,107.2,3.8,11.0,229,232,30,A,ADSBLOL
05:48:38,30.996989,37.703598,15849,108.0,3.8,12.5,229,232,30,A,ADSBLOL
05:48:39,30.996646,37.705190,15849,108.9,3.8,13.7,229,232,30,A,ADSBLOL
05:48:40,30.996283,37.706773,15848,109.9,3.8,14.2,229,232,30,A,ADSBLOL
05:48:41,30.995898,37.708348,15847,110.8,3.7,14.8,229,232,30,A,ADSBLOL
05:48:42,30.995489,37.709916,15846,111.9,3.7,16.0,229,232,30,A,ADSBLOL
05:48:43,30.995057,37.711475,15843,113.0,3.7,17.0,229,232,30,A,ADSBLOL
05:48:44,30.994598,37.713025,15840,114.0,3.5,16.1,229,230,28,A,ADSBLOL
05:48:45,30.994117,37.714564,15836,115.0,3.4,14.3,229,230,28,A,ADSBLOL
05:48:46,30.993616,37.716092,15832,115.9,3.3,12.7,229,230,28,A,ADSBLOL
05:48:47,30.993097,37.717611,15828,116.7,3.3,12.6,229,230,28,A,ADSBLOL
05:48:48,30.992561,37.719117,15823,117.6,3.3,14.6,229,230,28,A,ADSBLOL
05:48:49,30.992003,37.720608,15819,118.7,3.4,16.8,229,230,28,A,ADSBLOL
05:48:50,30.991423,37.722081,15814,119.9,3.5,18.3,229,230,28,A,ADSBLOL
05:48:51,30.990818,37.723536,15810,121.2,3.5,17.9,229,230,28,A,ADSBLOL
05:48:52,30.990189,37.724975,15807,122.3,3.5,16.4,229,228,28,A,ADSBLOL
05:48:53,30.989537,37.726399,15803,123.3,3.5,15.0,229,228,28,A,ADSBLOL
05:48:54,30.988865,37.727811,15801,124.3,3.5,14.6,229,228,28,A,ADSBLOL
05:48:55,30.988173,37.729210,15798,125.2,3.6,13.9,229,228,28,A,ADSBLOL
05:48:56,30.987463,37.730595,15796,126.1,3.6,13.4,229,228,28,A,ADSBLOL
05:48:57,30.986736,37.731966,15794,127.0,3.6,14.1,229,228,28,A,ADSBLOL
05:48:58,30.985991,37.733319,15791,128.0,3.6,15.0,229,228,28,A,ADSBLOL
05:48:59,30.985229,37.734654,15789,129.0,3.5,13.4,229,228,28,A,ADSBLOL
05:49:00,30.984453,37.735974,15786,129.8,3.4,9.9,229,228,28,A,ADSBLOL
05:49:01,30.983666,37.737282,15784,130.2,3.3,5.8,229,227,27,A,ADSBLOL
05:49:02,30.982875,37.738584,15781,130.5,3.3,2.2,229,227,27,A,ADSBLOL
05:49:03,30.982081,37.739884,15778,130.6,3.3,0.7,229,227,27,A,ADSBLOL
05:49:04,30.981285,37.741184,15776,130.6,3.3,2.6,229,227,27,A,ADSBLOL
05:49:05,30.980483,37.742482,15774,130.9,3.5,9.0,229,225,27,A,ADSBLOL
05:49:06,30.979667,37.743770,15772,131.7,3.8,15.7,229,225,27,A,ADSBLOL
05:49:07,30.978827,37.745043,15771,132.8,3.9,18.1,229,225,27,A,ADSBLOL
05:49:08,30.977963,37.746299,15771,134.0,4.0,17.3,229,224,27,A,ADSBLOL
05:49:09,30.977075,37.747538,15773,135.0,4.0,14.7,229,224,27,A,ADSBLOL
05:49:10,30.976170,37.748763,15775,135.8,4.1,10.8,229,224,27,A,ADSBLOL
05:49:11,30.975255,37.749975,15779,136.4,4.2,6.4,229,224,26,A,ADSBLOL
05:49:12,30.974337,37.751176,15785,136.7,4.3,2.4,229,224,26,A,ADSBLOL
05:49:13,30.973422,37.752369,15792,136.7,4.5,-0.6,229,224,26,A,ADSBLOL
05:49:14,30.972513,37.753556,15802,136.7,4.8,-1.9,229,223,26,A,ADSBLOL
05:49:15,30.971612,37.754739,15813,136.6,5.1,-2.3,228,223,26,A,ADSBLOL
05:49:16,30.970719,37.755919,15826,136.4,5.4,-2.8,227,223,26,A,ADSBLOL
05:49:17,30.969832,37.757098,15841,136.2,5.7,-3.1,226,223,26,A,ADSBLOL
05:49:18,30.968952,37.758275,15858,136.1,6.0,-2.9,226,223,26,A,ADSBLOL
05:49:19,30.968079,37.759452,15876,135.9,6.2,-2.2,226,223,26,A,ADSBLOL
05:49:20,30.967212,37.760626,15895,135.8,6.3,-1.5,226,223,26,A,ADSBLOL
05:49:21,30.966348,37.761799,15916,135.7,6.4,-1.1,226,223,26,A,ADSBLOL
05:49:22,30.965487,37.762971,15937,135.7,6.5,-0.9,226,223,26,A,ADSBLOL
05:49:23,30.964628,37.764144,15959,135.6,6.6,-0.8,226,223,26,A,ADSBLOL
05:49:24,30.963769,37.765318,15982,135.6,6.6,-0.6,226,223,26,A,ADSBLOL
05:49:25,30.962911,37.766492,16004,135.5,6.7,-0.3,225,223,26,A,ADSBLOL
05:49:26,30.962053,37.767667,16026,135.5,6.8,-0.1,,223,26,A,ADSBLOL
05:49:27,30.961195,37.768841,16047,135.5,6.7,0.0,,223,26,A,ADSBLOL
05:49:28,30.960337,37.770016,16067,135.5,6.6,0.1,,223,26,A,ADSBLOL
05:49:29,30.959478,37.771192,16086,135.5,6.4,0.2,,223,26,A,ADSBLOL
05:49:30,30.958619,37.772368,16103,135.5,6.2,0.3,,223,26,A,ADSBLOL
05:49:31,30.957758,37.773545,16119,135.5,6.0,0.4,,223,26,R,ADSBLOL
05:49:32,30.956895,37.774723,16134,135.6,5.8,0.4,,223,26,R,ADSBLOL
05:49:33,30.956031,37.775902,16146,135.6,5.5,0.5,,223,26,R,ADSBLOL
05:49:34,30.955165,37.777082,16157,135.6,5.3,0.5,,223,26,R,ADSBLOL
05:49:35,30.954296,37.778264,16166,135.6,5.0,0.5,,223,26,R,ADSBLOL
05:49:36,30.953426,37.779447,16173,135.7,4.7,0.5,,223,26,R,ADSBLOL
05:49:37,30.952553,37.780632,16178,135.7,4.5,0.5,,223,26,R,ADSBLOL
05:49:38,30.951678,37.781820,16181,135.7,4.2,0.5,,223,26,R,ADSBLOL
05:49:39,30.950800,37.783009,16182,135.7,3.9,0.4,,223,26,R,ADSBLOL
05:49:40,30.949919,37.784201,16182,135.7,3.7,0.4,,223,26,R,ADSBLOL
05:49:41,30.949036,37.785395,16180,135.8,3.4,0.4,,223,26,R,ADSBLOL
05:49:42,30.948150,37.786592,16176,135.8,3.2,0.3,,223,26,R,ADSBLOL
05:49:43,30.947262,37.787791,16172,135.8,2.9,0.3,,223,26,R,ADSBLOL
05:49:44,30.946372,37.788992,16165,135.8,2.7,0.2,,223,26,R,ADSBLOL
05:49:45,30.945479,37.790197,16158,135.8,2.5,0.2,,222,26,R,ADSBLOL
05:49:46,30.944584,37.791403,16150,135.8,2.4,0.1,,222,26,R,ADSBLOL
05:49:47,30.943687,37.792612,16141,135.8,2.2,0.1,,222,26,R,ADSBLOL
05:49:48,30.942788,37.793824,16131,135.8,2.1,0.0,,222,26,R,ADSBLOL
05:49:49,30.941888,37.795037,16120,135.7,2.0,0.0,,222,26,R,ADSBLOL
05:49:50,30.940986,37.796252,16110,135.7,1.9,-0.0,,222,26,R,ADSBLOL
05:49:51,30.940084,37.797468,16099,135.7,1.9,-0.0,,222,26,R,ADSBLOL
05:49:52,30.939181,37.798686,16087,135.7,1.8,-0.1,,222,26,R,ADSBLOL
05:49:53,30.938277,37.799904,16076,135.7,1.8,-0.1,,222,26,R,ADSBLOL
05:49:54,30.937374,37.801122,16065,135.7,1.9,-0.1,,222,26,R,ADSBLOL
05:49:55,30.936471,37.802339,16054,135.7,1.9,-0.0,,222,26,R,ADSBLOL
05:49:56,30.935569,37.803555,16044,135.7,2.0,-0.0,,222,26,A,ADSBLOL
05:49:57,30.934669,37.804770,16034,135.7,2.1,0.0,,222,26,A,ADSBLOL
05:49:58,30.933770,37.805981,16024,135.8,2.2,0.1,,222,26,A,ADSBLOL
05:49:59,30.932874,37.807189,16015,135.8,2.3,0.2,,222,26,A,ADSBLOL
05:50:00,30.931981,37.808391,16007,135.8,2.5,0.3,,222,26,A,ADSBLOL
05:50:01,30.931092,37.809588,15999,135.9,2.5,0.4,232,222,26,A,ADSBLOL
05:50:02,30.930208,37.810778,15992,135.9,2.6,0.5,230,222,26,A,ADSBLOL
05:50:03,30.929328,37.811959,15985,136.0,2.8,0.4,229,222,26,A,ADSBLOL
05:50:04,30.928455,37.813132,15979,136.1,3.0,0.3,227,222,26,A,ADSBLOL
05:50:05,30.927587,37.814296,15973,136.1,3.1,-0.0,226,222,26,A,ADSBLOL
05:50:06,30.926726,37.815451,15967,136.1,3.0,-0.3,225,222,26,A,ADSBLOL
05:50:07,30.925873,37.816597,15963,136.2,3.1,-0.5,224,222,26,A,ADSBLOL
05:50:08,30.925028,37.817735,15958,136.1,3.6,-0.7,224,222,26,A,ADSBLOL
05:50:09,30.924187,37.818867,15954,136.1,3.9,-0.8,223,222,26,A,ADSBLOL
05:50:10,30.923350,37.819997,15952,136.1,4.0,-0.8,223,222,26,A,ADSBLOL
05:50:11,30.922515,37.821128,15950,136.0,4.2,-0.8,222,222,26,A,ADSBLOL
05:50:12,30.921678,37.822261,15949,136.0,4.4,-0.8,222,222,26,A,ADSBLOL
05:50:13,30.920840,37.823400,15949,135.9,4.6,-0.9,221,222,26,A,ADSBLOL
05:50:14,30.920000,37.824543,15950,135.8,4.7,-1.1,221,222,26,A,ADSBLOL
05:50:15,30.919159,37.825692,15952,135.7,4.8,-1.3,221,222,26,A,ADSBLOL
05:50:16,30.918317,37.826844,15954,135.6,4.9,-1.4,221,222,26,A,ADSBLOL
05:50:17,30.917478,37.827998,15957,135.5,4.9,-1.3,220,222,26,A,ADSBLOL
05:50:18,30.916640,37.829152,15959,135.4,4.9,-1.1,220,222,26,A,ADSBLOL
05:50:19,30.915806,37.830304,15960,135.4,4.9,-0.9,219,222,26,A,ADSBLOL
05:50:20,30.914976,37.831453,15961,135.4,4.8,-0.8,219,222,26,A,ADSBLOL
05:50:21,30.914148,37.832601,15961,135.3,4.7,-0.7,219,222,26,A,ADSBLOL
05:50:22,30.913323,37.833746,15959,135.3,4.6,-0.7,219,222,26,A,ADSBLOL
05:50:23,30.912500,37.834892,15957,135.2,4.5,-0.6,219,222,26,A,ADSBLOL
05:50:24,30.911679,37.836037,15955,135.2,4.4,-0.6,219,222,26,A,ADSBLOL
05:50:25,30.910858,37.837181,15951,135.2,4.3,-0.5,219,222,26,A,ADSBLOL
05:50:26,30.910039,37.838326,15946,135.1,4.2,-0.5,219,222,26,A,ADSBLOL
05:50:27,30.909221,37.839470,15941,135.1,4.0,-0.6,219,222,26,A,ADSBLOL
05:50:28,30.908404,37.840616,15934,135.1,3.9,-0.7,218,222,26,A,ADSBLOL
05:50:29,30.907586,37.841763,15926,135.0,3.9,-1.0,218,222,26,A,ADSBLOL
05:50:30,30.906769,37.842913,15918,134.9,3.8,-1.2,218,222,26,A,ADSBLOL
05:50:31,30.905953,37.844065,15909,134.8,3.8,-1.3,217,222,26,A,ADSBLOL
05:50:32,30.905137,37.845221,15899,134.7,3.8,-1.3,217,222,26,A,ADSBLOL
05:50:33,30.904321,37.846379,15890,134.6,3.8,-1.2,217,222,26,A,ADSBLOL
05:50:34,30.903505,37.847541,15881,134.6,3.8,-1.1,218,222,26,A,ADSBLOL
05:50:35,30.902690,37.848706,15873,134.5,3.9,-1.0,218,222,26,A,ADSBLOL
05:50:36,30.901874,37.849874,15866,134.4,3.9,-0.9,218,222,26,A,ADSBLOL
05:50:37,30.901059,37.851044,15859,134.3,4.0,-0.7,219,222,26,A,ADSBLOL
05:50:38,30.900242,37.852217,15853,134.3,4.0,-0.6,219,222,26,A,ADSBLOL
05:50:39,30.899426,37.853392,15847,134.3,4.1,-0.4,219,222,26,A,ADSBLOL
05:50:40,30.898609,37.854568,15842,134.2,4.0,-0.2,220,222,26,A,ADSBLOL
05:50:41,30.897792,37.855745,15837,134.2,4.1,-0.1,220,222,27,A,ADSBLOL
05:50:42,30.896974,37.856922,15833,134.2,4.1,-0.1,220,222,27,A,ADSBLOL
05:50:43,30.896157,37.858100,15829,134.2,4.2,-0.0,220,222,27,A,ADSBLOL
05:50:44,30.895339,37.859278,15826,134.2,4.3,0.1,220,222,26,A,ADSBLOL
05:50:45,30.894521,37.860457,15824,134.1,4.4,0.3,221,222,26,A,ADSBLOL
05:50:46,30.893702,37.861635,15823,134.2,4.4,0.4,221,222,26,A,ADSBLOL
05:50:47,30.892882,37.862814,15823,134.2,4.5,0.5,221,222,26,A,ADSBLOL
05:50:48,30.892061,37.863994,15823,134.2,4.6,0.4,221,222,26,A,ADSBLOL
05:50:49,30.891239,37.865174,15823,134.2,4.6,0.5,221,222,26,A,ADSBLOL
05:50:50,30.890415,37.866354,15824,134.3,4.6,0.6,221,222,26,A,ADSBLOL
05:50:51,30.889591,37.867534,15824,134.3,4.6,0.7,221,222,26,A,ADSBLOL
05:50:52,30.888765,37.868714,15824,134.4,4.5,0.8,222,222,26,A,ADSBLOL
05:50:53,30.887938,37.869893,15824,134.4,4.4,0.9,222,222,26,A,ADSBLOL
05:50:54,30.887109,37.871073,15824,134.5,4.4,1.0,222,222,26,A,ADSBLOL
05:50:55,30.886277,37.872253,15824,134.5,4.4,1.0,222,222,26,A,ADSBLOL
05:50:56,30.885442,37.873436,15824,134.6,4.4,0.9,222,222,26,A,ADSBLOL
05:50:57,30.884604,37.874621,15824,134.6,4.4,0.8,222,222,26,A,ADSBLOL
05:50:58,30.883761,37.875810,15824,134.7,4.4,0.6,222,222,26,A,ADSBLOL
05:50:59,30.882915,37.877002,15824,134.7,4.4,0.4,222,222,26,A,ADSBLOL
05:51:00,30.882065,37.878198,15824,134.7,4.4,0.1,222,222,26,A,ADSBLOL
05:51:01,30.881214,37.879396,15824,134.7,4.4,-0.2,222,222,26,A,ADSBLOL
05:51:02,30.880362,37.880596,15824,134.7,4.3,-0.3,223,222,26,A,ADSBLOL
05:51:03,30.879510,37.881796,15824,134.7,4.3,-0.3,223,222,26,A,ADSBLOL
05:51:04,30.878661,37.882995,15823,134.7,4.3,-0.1,223,222,26,A,ADSBLOL
05:51:05,30.877813,37.884190,15823,134.7,4.3,0.2,223,222,26,A,ADSBLOL
05:51:06,30.876967,37.885383,15823,134.7,4.3,0.6,223,222,26,A,ADSBLOL
05:51:07,30.876122,37.886571,15824,134.8,4.4,0.8,223,222,26,A,ADSBLOL
05:51:08,30.875278,37.887757,15825,134.9,4.5,0.8,223,222,26,A,ADSBLOL
05:51:09,30.874434,37.888940,15827,134.9,4.6,0.7,223,222,26,A,ADSBLOL
05:51:10,30.873590,37.890122,15831,134.9,4.8,0.6,223,222,26,A,ADSBLOL
05:51:11,30.872744,37.891304,15836,135.0,4.9,0.5,223,222,26,A,ADSBLOL
05:51:12,30.871898,37.892486,15842,135.0,5.1,0.4,223,222,26,A,ADSBLOL
05:51:13,30.871051,37.893668,15849,135.0,5.2,0.2,223,222,27,A,ADSBLOL
05:51:14,30.870203,37.894850,15856,135.1,5.2,0.1,223,222,27,A,ADSBLOL
05:51:15,30.869356,37.896033,15863,135.1,5.2,-0.2,223,222,27,A,ADSBLOL
05:51:16,30.868508,37.897215,15871,135.0,5.1,-0.4,223,222,27,A,ADSBLOL
05:51:17,30.867662,37.898397,15877,135.0,5.1,-0.5,223,222,27,A,ADSBLOL
05:51:18,30.866816,37.899581,15882,135.0,5.0,-0.5,223,222,27,A,ADSBLOL
05:51:19,30.865970,37.900765,15887,134.9,4.8,-0.5,223,222,27,A,ADSBLOL
05:51:20,30.865125,37.901950,15891,134.9,4.7,-0.4,223,222,27,A,ADSBLOL
05:51:21,30.864280,37.903134,15894,134.9,4.6,-0.2,223,222,27,A,ADSBLOL
05:51:22,30.863436,37.904319,15896,134.9,4.6,-0.1,223,222,27,A,ADSBLOL
05:51:23,30.862592,37.905504,15898,134.9,4.5,0.1,223,222,27,A,ADSBLOL
05:51:24,30.861747,37.906690,15900,134.9,4.6,0.2,223,222,27,A,ADSBLOL
05:51:25,30.860900,37.907877,15902,134.9,4.5,0.3,224,222,27,A,ADSBLOL
05:51:26,30.860051,37.909067,15906,134.9,4.6,0.3,224,222,27,A,ADSBLOL
05:51:27,30.859200,37.910259,15910,134.9,4.8,0.2,224,222,27,A,ADSBLOL
05:51:28,30.858348,37.911452,15916,134.9,4.9,0.0,224,222,27,A,ADSBLOL
05:51:29,30.857496,37.912646,15922,134.9,5.0,-0.3,224,222,27,A,ADSBLOL
05:51:30,30.856644,37.913841,15929,134.9,5.0,-0.6,224,222,27,A,ADSBLOL
05:51:31,30.855792,37.915035,15936,134.8,5.0,-1.0,224,222,27,A,ADSBLOL
05:51:32,30.854943,37.916230,15941,134.8,4.9,-1.3,224,222,27,A,ADSBLOL
05:51:33,30.854097,37.917425,15946,134.7,4.7,-1.6,224,222,27,A,ADSBLOL
05:51:34,30.853255,37.918618,15949,134.6,4.6,-1.8,224,222,27,A,ADSBLOL
05:51:35,30.852418,37.919810,15952,134.5,4.4,-1.8,224,222,27,A,ADSBLOL
05:51:36,30.851585,37.921001,15953,134.4,4.3,-1.5,224,222,27,A,ADSBLOL
05:51:37,30.850756,37.922190,15953,134.3,4.2,-1.1,224,222,27,A,ADSBLOL
05:51:38,30.849928,37.923380,15953,134.2,4.2,-0.7,224,222,27,A,ADSBLOL
05:51:39,30.849100,37.924572,15953,134.2,4.1,-0.3,224,222,27,A,ADSBLOL
05:51:40,30.848271,37.925767,15952,134.2,4.1,-0.2,224,222,27,A,ADSBLOL
05:51:41,30.847440,37.926965,15951,134.1,4.1,-0.4,224,222,27,A,ADSBLOL
05:51:42,30.846607,37.928167,15950,134.1,4.1,-1.0,224,222,27,A,ADSBLOL
05:51:43,30.845773,37.929374,15950,134.0,4.1,-1.6,224,222,27,A,ADSBLOL
05:51:44,30.844940,37.930584,15950,133.9,4.2,-1.7,224,222,27,A,ADSBLOL
05:51:45,30.844109,37.931797,15950,133.8,4.2,-1.5,224,222,27,A,ADSBLOL
05:51:46,30.843279,37.933011,15950,133.7,4.2,-1.2,224,222,27,A,ADSBLOL
05:51:47,30.842451,37.934226,15950,133.6,4.2,-1.0,224,222,27,A,ADSBLOL
05:51:48,30.841625,37.935441,15950,133.6,4.2,-0.7,224,222,27,A,ADSBLOL
05:51:49,30.840800,37.936656,15950,133.5,4.2,-0.5,224,222,27,A,ADSBLOL
05:51:50,30.839975,37.937872,15950,133.5,4.2,-0.3,224,222,27,A,ADSBLOL
05:51:51,30.839150,37.939090,15950,133.5,4.1,-0.3,224,222,27,A,ADSBLOL
05:51:52,30.838322,37.940311,15949,133.4,4.1,-0.2,224,222,27,A,ADSBLOL
05:51:53,30.837493,37.941537,15948,133.4,4.0,-0.2,224,222,27,A,ADSBLOL
05:51:54,30.836661,37.942766,15946,133.4,3.9,-0.1,224,222,27,A,ADSBLOL
05:51:55,30.835828,37.943997,15943,133.4,3.9,-0.1,224,222,27,A,ADSBLOL
05:51:56,30.834993,37.945231,15940,133.4,3.8,-0.0,224,222,27,A,ADSBLOL
05:51:57,30.834159,37.946465,15936,133.4,3.7,0.0,224,222,27,A,ADSBLOL
05:51:58,30.833324,37.947699,15932,133.4,3.7,0.1,224,222,27,A,ADSBLOL
05:51:59,30.832490,37.948932,15927,133.4,3.6,0.1,224,222,27,A,ADSBLOL
05:52:00,30.831656,37.950165,15922,133.4,3.5,0.1,224,222,27,A,ADSBLOL
05:52:01,30.830821,37.951397,15916,133.4,3.5,0.1,224,222,27,A,ADSBLOL
05:52:02,30.829988,37.952627,15909,133.4,3.4,0.0,224,222,27,A,ADSBLOL
05:52:03,30.829157,37.953854,15902,133.4,3.3,-0.0,224,222,27,A,ADSBLOL
05:52:04,30.828329,37.955078,15895,133.5,3.3,-0.1,224,222,27,A,ADSBLOL
05:52:05,30.827503,37.956299,15887,133.5,3.2,-0.0,224,222,27,A,ADSBLOL
05:52:06,30.826678,37.957517,15878,133.5,3.2,0.1,224,222,27,A,ADSBLOL
05:52:07,30.825854,37.958733,15869,133.5,3.1,0.4,224,222,27,A,ADSBLOL
05:52:08,30.825031,37.959947,15860,133.5,2.9,0.6,225,222,27,A,ADSBLOL
05:52:09,30.824208,37.961161,15850,133.6,2.8,0.6,226,222,27,A,ADSBLOL
05:52:10,30.823382,37.962376,15840,133.6,2.7,0.6,227,222,27,A,ADSBLOL
05:52:11,30.822552,37.963594,15830,133.6,2.5,0.6,228,222,27,A,ADSBLOL
05:52:12,30.821719,37.964816,15820,133.7,2.5,0.7,228,222,27,A,ADSBLOL
05:52:13,30.820882,37.966042,15810,133.7,2.6,0.8,228,222,27,A,ADSBLOL
05:52:14,30.820041,37.967271,15801,133.7,2.7,0.8,228,223,27,A,ADSBLOL
05:52:15,30.819195,37.968505,15793,133.8,2.6,0.9,230,223,27,A,ADSBLOL
05:52:16,30.818346,37.969741,15786,133.8,2.7,0.9,230,223,27,A,ADSBLOL
05:52:17,30.817493,37.970979,15781,133.9,2.9,0.8,230,223,27,A,ADSBLOL
05:52:18,30.816638,37.972219,15777,133.9,3.0,0.7,231,223,27,A,ADSBLOL
05:52:19,30.815780,37.973461,15775,134.0,3.1,0.6,231,223,27,A,ADSBLOL
05:52:20,30.814920,37.974705,15774,134.0,3.3,0.5,231,223,27,A,ADSBLOL
05:52:21,30.814057,37.975950,15773,134.0,3.3,0.4,231,223,27,A,ADSBLOL
05:52:22,30.813193,37.977197,15773,134.0,3.4,0.4,231,223,27,A,ADSBLOL
05:52:23,30.812330,37.978441,15774,134.1,3.4,0.4,231,223,27,A,ADSBLOL
05:52:24,30.811469,37.979681,15774,134.1,3.4,0.4,231,223,27,A,ADSBLOL
05:52:25,30.810611,37.980916,15774,134.2,3.4,0.4,231,223,27,A,ADSBLOL
05:52:26,30.809757,37.982145,15774,134.2,3.4,0.5,231,223,27,A,ADSBLOL
05:52:27,30.808905,37.983367,15775,134.3,3.4,0.5,231,223,27,A,ADSBLOL
05:52:28,30.808056,37.984585,15776,134.3,3.5,0.6,231,223,27,A,ADSBLOL
05:52:29,30.807209,37.985799,15777,134.4,3.6,0.6,231,223,27,A,ADSBLOL
05:52:30,30.806360,37.987013,15780,134.4,3.7,0.7,231,223,27,A,ADSBLOL
05:52:31,30.805509,37.988228,15783,134.5,3.8,0.8,231,223,27,A,ADSBLOL
05:52:32,30.804655,37.989445,15787,134.5,3.9,0.9,230,223,27,A,ADSBLOL
05:52:33,30.803798,37.990663,15792,134.6,4.0,0.9,230,223,27,A,ADSBLOL
05:52:34,30.802940,37.991882,15796,134.6,3.9,0.9,230,223,27,A,ADSBLOL
05:52:35,30.802080,37.993099,15799,134.7,3.9,1.0,230,223,28,A,ADSBLOL
05:52:36,30.801220,37.994315,15803,134.8,3.9,1.1,230,223,28,A,ADSBLOL
05:52:37,30.800358,37.995529,15807,134.9,4.0,1.2,229,223,28,A,ADSBLOL
05:52:38,30.799496,37.996741,15811,134.9,4.1,1.3,229,223,28,A,ADSBLOL
05:52:39,30.798633,37.997950,15815,135.0,4.1,1.3,229,223,28,A,ADSBLOL
05:52:40,30.797768,37.999158,15820,135.1,4.1,1.2,229,223,28,A,ADSBLOL
05:52:41,30.796903,38.000363,15825,135.2,4.2,1.3,229,223,28,A,ADSBLOL
05:52:42,30.796037,38.001566,15830,135.3,4.2,1.2,229,223,28,A,ADSBLOL
05:52:43,30.795170,38.002767,15836,135.4,4.4,1.0,228,223,28,A,ADSBLOL
05:52:44,30.794302,38.003967,15841,135.4,4.4,0.7,228,223,28,A,ADSBLOL
05:52:45,30.793434,38.005165,15847,135.5,4.3,0.4,229,223,28,A,ADSBLOL
05:52:46,30.792567,38.006361,15853,135.5,4.4,0.0,,223,28,A,ADSBLOL
05:52:47,30.791702,38.007555,15859,135.5,4.4,-0.4,,223,28,A,ADSBLOL
05:52:48,30.790837,38.008749,15864,135.4,4.4,-0.8,,223,28,A,ADSBLOL
05:52:49,30.789975,38.009943,15870,135.4,4.4,-1.1,,223,28,A,ADSBLOL
05:52:50,30.789114,38.011138,15875,135.3,4.4,-1.4,,223,28,A,ADSBLOL
05:52:51,30.788255,38.012334,15879,135.2,4.4,-1.7,,223,28,R,ADSBLOL
05:52:52,30.787399,38.013531,15884,135.1,4.4,-1.9,,223,28,R,ADSBLOL
05:52:53,30.786545,38.014730,15888,135.0,4.3,-2.0,,223,28,R,ADSBLOL
05:52:54,30.785694,38.015932,15892,134.8,4.3,-2.2,,223,28,R,ADSBLOL
05:52:55,30.784845,38.017136,15895,134.7,4.3,-2.3,,223,28,R,ADSBLOL
05:52:56,30.783999,38.018343,15898,134.5,4.2,-2.3,,223,28,R,ADSBLOL
05:52:57,30.783155,38.019553,15901,134.4,4.2,-2.4,,223,28,R,ADSBLOL
05:52:58,30.782315,38.020766,15903,134.2,4.1,-2.4,,223,28,R,ADSBLOL
05:52:59,30.781476,38.021981,15905,134.1,4.1,-2.4,,223,28,R,ADSBLOL
05:53:00,30.780641,38.023200,15906,133.9,4.0,-2.3,,223,28,R,ADSBLOL
05:53:01,30.779808,38.024422,15907,133.8,4.0,-2.3,,223,28,R,ADSBLOL
05:53:02,30.778978,38.025646,15908,133.6,3.9,-2.2,,223,28,R,ADSBLOL
05:53:03,30.778150,38.026874,15908,133.5,3.9,-2.1,,223,28,R,ADSBLOL
05:53:04,30.777324,38.028104,15908,133.3,3.8,-2.0,,223,28,R,ADSBLOL
05:53:05,30.776500,38.029336,15908,133.2,3.8,-1.9,,224,28,R,ADSBLOL
05:53:06,30.775679,38.030571,15908,133.1,3.7,-1.8,,224,28,R,ADSBLOL
05:53:07,30.774859,38.031808,15907,133.0,3.7,-1.6,,224,28,R,ADSBLOL
05:53:08,30.774042,38.033047,15906,132.9,3.7,-1.5,,224,28,R,ADSBLOL
05:53:09,30.773226,38.034288,15904,132.8,3.6,-1.3,,224,28,R,ADSBLOL
05:53:10,30.772411,38.035530,15903,132.7,3.6,-1.2,,224,28,R,ADSBLOL
05:53:11,30.771598,38.036774,15902,132.6,3.6,-1.0,,224,28,R,ADSBLOL
05:53:12,30.770786,38.038019,15900,132.6,3.6,-0.9,,224,28,R,ADSBLOL
05:53:13,30.769975,38.039264,15898,132.5,3.6,-0.8,,224,28,R,ADSBLOL
05:53:14,30.769165,38.040511,15896,132.5,3.6,-0.6,,224,28,R,ADSBLOL
05:53:15,30.768356,38.041758,15894,132.4,3.6,-0.5,,224,28,R,ADSBLOL
05:53:16,30.767547,38.043005,15892,132.4,3.6,-0.4,,224,28,R,ADSBLOL
05:53:17,30.766739,38.044253,15891,132.4,3.6,-0.3,,224,28,R,ADSBLOL
05:53:18,30.765932,38.045500,15889,132.4,3.6,-0.2,,224,28,R,ADSBLOL
05:53:19,30.765125,38.046748,15887,132.4,3.6,-0.1,,224,28,R,ADSBLOL
05:53:20,30.764318,38.047995,15885,132.4,3.6,-0.1,,224,28,R,ADSBLOL
05:53:21,30.763511,38.049243,15884,132.4,3.6,-0.0,,224,28,R,ADSBLOL
05:53:22,30.762704,38.050490,15882,132.4,3.6,-0.0,,224,28,R,ADSBLOL
05:53:23,30.761898,38.051737,15881,132.4,3.7,-0.0,,224,28,A,ADSBLOL
05:53:24,30.761091,38.052984,15880,132.4,3.7,-0.1,,224,28,A,ADSBLOL
05:53:25,30.760285,38.054232,15879,132.4,3.7,-0.2,,224,28,A,ADSBLOL
05:53:26,30.759479,38.055480,15878,132.4,3.7,-0.3,,224,28,A,ADSBLOL
05:53:27,30.758672,38.056728,15877,132.3,3.7,-0.4,,224,28,A,ADSBLOL
05:53:28,30.757867,38.057977,15877,132.3,3.7,-0.6,,224,28,A,ADSBLOL
05:53:29,30.757061,38.059228,15877,132.3,3.7,-0.7,,224,28,A,ADSBLOL
05:53:30,30.756256,38.060480,15876,132.2,3.7,-0.8,,224,28,A,ADSBLOL
05:53:31,30.755451,38.061735,15876,132.1,3.7,-0.9,,224,28,A,ADSBLOL
