time,lat,lon,alt_ft,hdg,pitch,roll,gnd,ias_kt,gs_kt,vs_fpm,g,wind_dir,wind_kt,epr1,epr2,epr3,epr4,q,src
18:11:15,35.561890,139.760020,12,145.6,-0.2,-0.2,1,,0.0,0,,216,16,,,,,R,GSI:15L threshold
18:11:16,35.561890,139.760020,12,145.6,-0.2,-0.2,1,,0.0,0,,216,16,,,,,R,GSI:15L threshold
18:11:17,35.561890,139.760020,12,145.6,-0.2,-0.2,1,,0.0,0,,216,16,,,,,R,GSI:15L threshold
18:11:18,35.561890,139.760020,12,145.6,-0.2,-0.2,1,,0.0,0,,216,16,,,,,R,GSI:15L threshold
18:11:19,35.561890,139.760020,12,145.6,-0.2,-0.2,1,,0.0,0,,216,16,,,,,R,GSI:15L threshold
18:11:20,35.561890,139.760020,12,145.6,-0.2,-0.2,1,,0.0,0,,216,16,,,,,R,GSI:15L threshold
18:11:21,35.561890,139.760020,12,145.6,-0.2,-0.2,1,,0.0,0,,216,16,,,,,R,GSI:15L threshold
18:11:22,35.561890,139.760020,12,145.6,-0.2,-0.2,1,,0.0,0,,216,16,,,,,R,GSI:15L threshold
18:11:23,35.561890,139.760020,12,145.6,-0.2,-0.2,1,,0.0,0,,216,16,,,,,R,GSI:15L threshold
18:11:24,35.561890,139.760020,12,145.6,-0.2,-0.2,1,,0.0,0,,216,16,,,,,R,GSI:15L threshold
18:11:25,35.561890,139.760020,12,145.6,-0.2,-0.2,1,,0.0,0,,216,16,,,,,R,GSI:15L threshold
18:11:26,35.561890,139.760020,12,145.6,-0.2,-0.2,1,,0.0,0,,216,16,,,,,R,GSI:15L threshold
18:11:27,35.561890,139.760020,12,145.6,-0.2,-0.2,1,,0.0,0,,216,16,,,,,R,GSI:15L threshold
18:11:28,35.561890,139.760020,12,145.6,-0.2,-0.2,1,,0.0,0,,216,16,,,,,R,GSI:15L threshold
18:11:29,35.561890,139.760020,12,145.6,-0.2,-0.2,1,,0.0,0,,216,16,,,,,R,GSI:15L threshold
18:11:30,35.561890,139.760020,12,145.6,-0.2,-0.2,1,,0.0,0,,216,16,,,,,R,GSI:15L threshold
18:11:31,35.561890,139.760020,12,145.6,-0.2,-0.2,1,,0.0,0,,216,16,,,,,R,GSI:15L threshold
18:11:32,35.561890,139.760020,12,145.6,-0.2,-0.2,1,,0.0,0,0.97,216,16,1.020,1.023,1.051,1.038,R,GSI:15L roll
18:11:33,35.561883,139.760026,12,145.6,-0.2,-0.2,1,,3.6,0,0.98,216,16,1.029,1.033,1.062,1.058,R,GSI:15L roll
18:11:34,35.561862,139.760044,12,145.5,-0.2,-0.2,1,,7.3,0,0.98,216,16,1.040,1.044,1.068,1.059,R,GSI:15L roll
18:11:35,35.561827,139.760073,12,145.5,-0.2,-0.2,1,,10.9,0,0.98,216,16,1.049,1.051,1.069,1.066,R,GSI:15L roll
18:11:36,35.561779,139.760114,12,145.5,-0.2,-0.2,1,,14.5,0,0.98,216,16,1.058,1.055,1.092,1.074,R,GSI:15L roll
18:11:37,35.561717,139.760166,12,145.5,-0.2,-0.2,1,,18.1,0,0.97,216,16,1.079,1.086,1.109,1.097,R,GSI:15L roll
18:11:38,35.561641,139.760230,12,145.5,-0.2,-0.2,1,,21.6,0,0.98,216,16,1.109,1.103,1.140,1.121,R,GSI:15L roll
18:11:39,35.561552,139.760306,12,145.4,-0.2,-0.2,1,,25.2,0,0.98,216,16,1.140,1.143,1.173,1.147,R,GSI:15L roll
18:11:40,35.561449,139.760393,12,145.4,-0.2,-0.2,1,,28.7,0,0.98,216,16,1.162,1.165,1.195,1.171,R,GSI:15L roll
18:11:41,35.561333,139.760491,12,145.4,-0.2,-0.2,1,,32.2,0,0.98,216,16,1.181,1.191,1.244,1.190,R,GSI:15L roll
18:11:42,35.561203,139.760601,12,145.4,-0.2,-0.2,1,,35.7,0,0.99,216,16,1.195,1.265,1.326,1.234,R,GSI:15L roll
18:11:43,35.561060,139.760721,12,145.3,-0.2,-0.2,1,,39.2,0,0.97,216,16,1.270,1.334,1.368,1.296,R,GSI:15L roll
18:11:44,35.560904,139.760854,12,145.3,-0.2,-0.2,1,,42.7,0,0.98,216,16,1.332,1.361,1.388,1.340,R,GSI:15L roll
18:11:45,35.560734,139.760997,13,145.3,-0.2,-0.2,1,,46.1,0,0.98,216,16,1.371,1.363,1.389,1.352,R,GSI:15L roll
18:11:46,35.560552,139.761151,13,145.2,-0.2,-0.2,1,,49.6,0,0.96,216,16,1.380,1.369,1.398,1.356,R,GSI:15L roll
18:11:47,35.560356,139.761316,13,145.2,-0.2,-0.2,1,,53.0,0,1.01,216,16,1.390,1.373,1.398,1.361,R,GSI:15L roll
18:11:48,35.560148,139.761492,13,145.2,-0.2,-0.2,1,60.2,56.4,0,0.97,216,16,1.400,1.373,1.398,1.361,M,R11:p2/p8/p14/p20
18:11:49,35.559928,139.761678,13,145.2,-0.2,-0.2,1,62.4,58.6,0,0.99,216,16,1.409,1.377,1.398,1.364,M,R11:p2/p8/p14/p20
18:11:50,35.559697,139.761874,13,145.1,-0.2,-0.2,1,66.5,62.8,0,1.00,216,16,1.420,1.384,1.398,1.371,M,R11:p2/p8/p14/p20
18:11:51,35.559449,139.762083,13,145.1,-0.2,-0.2,1,70.5,66.9,0,1.00,216,16,1.429,1.384,1.398,1.371,M,R11:p2/p8/p14/p20
18:11:52,35.559182,139.762308,13,145.1,-0.2,-0.2,1,76.6,73.2,0,0.96,216,16,1.423,1.384,1.398,1.371,M,R11:p2/p8/p14/p20
18:11:53,35.558900,139.762547,13,145.1,-0.2,-0.2,1,78.3,74.9,0,1.01,216,16,1.421,1.384,1.398,1.371,M,R11:p2/p8/p14/p20
18:11:54,35.558604,139.762797,13,145.0,-0.2,-0.2,1,83.3,80.0,0,0.99,216,16,1.421,1.383,1.398,1.371,M,R11:p2/p8/p14/p20
18:11:55,35.558289,139.763063,13,145.0,-0.2,-0.1,1,88.3,85.1,0,0.96,216,16,1.421,1.383,1.398,1.371,M,R11:p2/p8/p14/p20
18:11:56,35.557961,139.763340,13,145.0,-0.2,-0.1,1,89.9,86.8,0,0.98,216,16,1.413,1.383,1.398,1.371,M,R11:p2/p8/p14/p20
18:11:57,35.557616,139.763632,13,145.0,-0.2,-0.1,1,97.0,94.0,0,0.98,216,16,1.411,1.383,1.398,1.371,M,R11:p2/p8/p14/p20
18:11:58,35.557253,139.763938,13,145.0,-0.1,-0.1,1,99.1,96.2,0,0.97,216,16,1.411,1.384,1.398,1.371,M,R11:p2/p8/p14/p20
18:11:59,35.556872,139.764260,13,144.9,-0.1,-0.1,1,106.4,103.7,0,0.97,216,16,1.411,1.384,1.398,1.371,M,R11:p2/p8/p14/p20
18:12:00,35.556473,139.764598,13,144.9,-0.1,-0.1,1,108.4,105.7,0,0.97,216,16,1.411,1.384,1.398,1.371,M,R11:p2/p8/p14/p20
18:12:01,35.556062,139.764945,13,144.9,-0.1,-0.1,1,112.1,109.5,0,0.97,216,16,1.411,1.384,1.398,1.371,M,R11:p2/p8/p14/p20
18:12:02,35.555634,139.765307,13,144.9,-0.1,-0.1,1,117.5,115.0,0,0.97,216,16,1.411,1.377,1.398,1.371,M,R11:p2/p8/p14/p20
18:12:03,35.555187,139.765684,13,144.9,-0.1,-0.1,1,121.5,119.1,0,0.97,216,16,1.410,1.373,1.398,1.371,M,R11:p2/p8/p14/p20
18:12:04,35.554731,139.766070,13,144.8,-0.1,-0.1,1,122.4,120.0,0,0.97,216,16,1.401,1.373,1.389,1.371,M,R11:p2/p8/p14/p20
18:12:05,35.554257,139.766470,13,144.8,-0.1,0.0,1,130.7,128.5,0,0.93,216,16,1.401,1.373,1.389,1.371,M,R11:p2/p8/p14/p20
18:12:06,35.553754,139.766895,13,144.8,-0.1,0.0,1,137.0,135.0,0,0.98,216,16,1.401,1.373,1.388,1.371,M,R11:p2/p8/p14/p20
18:12:07,35.553235,139.767333,13,144.8,-0.1,0.0,1,138.7,136.7,0,1.00,216,16,1.401,1.373,1.388,1.366,M,R11:p2/p8/p14/p20
18:12:08,35.552707,139.767780,13,144.8,0.3,0.0,1,142.3,140.4,0,0.97,216,16,1.401,1.373,1.388,1.361,M,R11:p2/p8/p14/p20
18:12:09,35.552168,139.768235,13,144.8,2.1,0.0,1,143.9,142.1,0,1.01,216,16,1.401,1.373,1.388,1.361,M,R11:p2/p8/p14/p20
18:12:10,35.551615,139.768703,13,144.8,4.8,0.0,1,149.5,147.8,0,0.96,216,16,1.401,1.373,1.388,1.361,M,R11:p2/p8/p14/p20
18:12:11,35.551049,139.769181,13,144.8,7.2,0.1,1,150.6,148.9,0,0.97,216,16,1.401,1.373,1.388,1.365,M,R11:p2/p8/p14/p20
18:12:12,35.550470,139.769670,13,146.1,9.8,1.4,1,156.1,154.5,0,1.06,216,16,1.401,1.373,1.388,1.371,M,R11:p2/p8/p14/p20
18:12:13,35.549902,139.770209,18,148.9,11.5,3.0,0,158.0,155.8,625,1.12,216,16,1.401,1.367,1.388,1.371,R,R11:p2/p8/p14/p20
18:12:14,35.549317,139.770738,33,148.9,12.3,0.9,0,159.7,157.6,1171,1.17,216,16,1.400,1.365,1.388,1.371,R,R11:p2/p8/p14/p20
18:12:15,35.548729,139.771270,57,148.9,14.5,0.0,0,159.8,157.7,1638,1.13,216,16,1.393,1.369,1.388,1.371,R,R11:p2/p8/p14/p20
18:12:16,35.548133,139.771808,87,148.9,16.6,-0.1,0,163.9,161.8,2024,1.19,216,16,1.400,1.373,1.388,1.371,R,R11:p2/p8/p14/p20
18:12:17,35.547542,139.772343,124,148.9,17.4,-0.2,0,157.6,155.3,2330,1.15,216,15,1.400,1.373,1.388,1.371,R,R11:p2/p8/p14/p20
18:12:18,35.546955,139.772875,165,148.9,17.7,-0.1,0,161.9,159.8,2557,1.05,216,15,1.392,1.373,1.388,1.375,R,R11:p2/p8/p14/p20
18:12:19,35.546359,139.773414,209,148.9,17.6,-0.1,0,161.9,159.9,2704,0.99,216,15,1.391,1.373,1.388,1.381,R,R11:p2/p8/p14/p20
18:12:20,35.545759,139.773957,254,148.9,18.1,-0.1,0,163.7,162.0,2775,0.99,216,15,1.391,1.373,1.388,1.381,M,R11:p2/p8/p14/p20
18:12:21,35.545157,139.774501,301,148.8,18.5,0.0,0,162.1,160.6,2862,1.00,216,15,1.391,1.373,1.388,1.381,M,R11:p2/p8/p14/p20
18:12:22,35.544560,139.775045,350,148.8,18.4,0.0,0,161.9,160.6,2936,0.99,216,15,1.381,1.373,1.388,1.381,M,R11:p2/p8/p14/p20
18:12:23,35.543970,139.775583,399,148.8,17.8,0,0,157.8,156.6,2994,0.95,215,15,1.380,1.373,1.388,1.381,M,R11:p2/p8/p14/p20
18:12:24,35.543384,139.776118,448,148.8,17.7,-0.2,0,159.8,159.3,2838,0.89,215,15,1.380,1.378,1.388,1.381,M,R11:p2/p8/p14/p20
18:12:25,35.542783,139.776666,495,148.7,17.7,-1.4,0,163.4,163.4,2863,0.88,215,15,1.380,1.383,1.388,1.381,M,R11:p2/p8/p14/p20
18:12:26,35.542181,139.777216,543,148.7,17.7,-1.5,0,159.9,160.1,2872,0.93,215,15,1.380,1.383,1.388,1.381,M,R11:p2/p8/p14/p20
18:12:27,35.541591,139.777757,591,148.7,17.7,-0.2,0,157.7,158.2,2867,0.93,215,15,1.380,1.383,1.388,1.381,M,R11:p2/p8/p14/p20
18:12:28,35.541006,139.778293,639,148.7,17.0,-1.7,0,156.2,157.1,2846,0.89,215,15,1.380,1.383,1.388,1.380,M,R11:p2/p8/p14/p20
18:12:29,35.540421,139.778831,686,148.6,16.9,-3.3,0,157.6,159.0,2811,0.89,214,14,1.380,1.383,1.388,1.380,M,R11:p2/p8/p14/p20
18:12:30,35.539830,139.779374,732,148.6,16.2,-3.6,0,157.7,159.5,2760,0.89,214,14,1.380,1.383,1.388,1.380,M,R11:p2/p8/p14/p20
18:12:31,35.539242,139.779915,778,148.6,16.0,-3.7,0,155.5,157.7,2694,0.89,214,14,1.380,1.383,1.388,1.380,M,R11:p2/p8/p14/p20
18:12:32,35.538653,139.780456,822,148.6,16.0,-3.6,0,157.5,160.2,2614,0.89,214,14,1.380,1.383,1.398,1.380,M,R11:p2/p8/p14/p20
18:12:33,35.538058,139.781004,865,148.5,16.1,-3.2,0,157.7,161.0,2508,0.90,213,14,1.380,1.383,1.398,1.380,M,R11:p2/p8/p14/p20
18:12:34,35.537460,139.781553,906,148.5,16.1,-1.2,0,157.6,161.4,2401,0.94,213,14,1.390,1.383,1.398,1.380,M,R11:p2/p8/p14/p20
18:12:35,35.536858,139.782107,945,148.5,16.0,-1.3,0,159.3,163.6,2308,0.94,213,14,1.390,1.383,1.398,1.380,M,R11:p2/p8/p14/p20
18:12:36,35.536253,139.782661,983,148.5,15.4,-0.2,0,157.7,162.4,2225,0.96,213,14,1.390,1.383,1.398,1.380,M,R11:p2/p8/p14/p20
18:12:37,35.535650,139.783215,1019,148.5,15.2,0.0,0,157.7,162.8,2150,0.94,213,13,1.390,1.391,1.398,1.380,M,R11:p2/p8/p14/p20
18:12:38,35.535041,139.783773,1054,148.5,15.2,0.1,0,159.6,165.2,2082,0.90,213,13,1.390,1.393,1.398,1.380,M,R11:p2/p8/p14/p20
18:12:39,35.534431,139.784332,1088,148.5,15.2,1.2,0,157.6,163.5,2023,0.90,212,13,1.390,1.393,1.398,1.386,M,R11:p2/p8/p14/p20
18:12:40,35.533821,139.784891,1122,148.5,15.2,2.9,0,159.4,165.8,1971,0.91,212,13,1.390,1.393,1.398,1.391,M,R11:p2/p8/p14/p20
18:12:41,35.533198,139.785457,1154,149.0,15.2,4.4,0,161.8,168.5,1927,0.92,212,13,1.390,1.393,1.398,1.391,M,R11:p2/p8/p14/p20
18:12:42,35.532559,139.785994,1186,152.3,15.2,8.2,0,159.8,165.9,1891,0.94,212,13,1.390,1.393,1.398,1.391,M,R11:p2/p8/p14/p20
18:12:43,35.531910,139.786510,1217,152.3,15.2,9.3,0,161.5,168.0,1863,0.94,212,13,1.390,1.393,1.398,1.391,M,R11:p2/p8/p14/p20
18:12:44,35.531254,139.787029,1248,152.3,15.2,12.4,0,161.7,168.6,1843,0.94,212,13,1.390,1.393,1.398,1.391,M,R11:p2/p8/p14/p20
18:12:45,35.530597,139.787549,1279,152.4,15.2,14.3,0,161.7,168.9,1831,0.96,211,13,1.390,1.393,1.398,1.391,M,R11:p2/p8/p14/p20
18:12:46,35.529931,139.788041,1309,155.9,14.8,14.6,0,160.4,166.9,1826,0.99,211,12,1.392,1.393,1.397,1.391,M,R11:p2/p8/p14/p20
18:12:47,35.529255,139.788506,1340,156.1,15.0,14.6,0,160.8,167.6,1830,0.93,211,12,1.401,1.393,1.397,1.391,M,R11:p2/p8/p14/p20
18:12:48,35.528564,139.788951,1370,159.0,15.3,15.7,0,163.2,169.6,1842,0.93,211,12,1.401,1.393,1.397,1.390,M,R11:p2/p8/p14/p20
18:12:49,35.527855,139.789374,1401,159.5,15.4,16.3,0,163.6,170.2,1861,0.96,211,12,1.401,1.393,1.397,1.390,M,R11:p2/p8/p14/p20
18:12:50,35.527140,139.789766,1432,162.8,15.3,15.1,0,162.1,168.0,1889,0.96,211,12,1.401,1.393,1.397,1.390,M,R11:p2/p8/p14/p20
18:12:51,35.526417,139.790131,1464,162.9,14.7,14.5,0,163.3,169.5,1924,0.96,211,12,1.401,1.393,1.397,1.390,M,R11:p2/p8/p14/p20
18:12:52,35.525679,139.790473,1496,166.2,14.4,14.6,0,165.0,170.6,1967,0.94,210,12,1.401,1.394,1.397,1.390,M,R11:p2/p8/p14/p20
18:12:53,35.524933,139.790788,1530,166.4,14.4,14.7,0,164.0,169.8,2019,0.94,210,12,1.401,1.394,1.397,1.390,M,R11:p2/p8/p14/p20
18:12:54,35.524181,139.791071,1564,169.9,14.3,14.6,0,165.0,170.1,2078,0.96,210,12,1.401,1.394,1.397,1.390,M,R11:p2/p8/p14/p20
18:12:55,35.523418,139.791329,1599,169.9,14.3,13.3,0,165.7,171.1,2140,0.97,210,11,1.399,1.384,1.387,1.384,M,R11:p2/p8/p14/p20
18:12:56,35.522649,139.791587,1635,170.0,14.3,11.9,0,167.2,172.9,2197,0.96,210,11,1.385,1.382,1.377,1.375,M,R11:p2/p8/p14/p20
18:12:57,35.521869,139.791810,1672,174.1,14.3,11.4,0,167.7,172.6,2252,0.96,209,11,1.369,1.376,1.368,1.364,M,R11:p2/p8/p14/p20
18:12:58,35.521087,139.792000,1710,174.1,14.3,9.8,0,166.3,171.4,2302,0.97,209,11,1.364,1.366,1.367,1.362,M,R11:p2/p8/p14/p20
18:12:59,35.520305,139.792189,1749,174.1,14.3,8.7,0,166.9,172.3,2349,0.97,209,11,1.350,1.363,1.358,1.357,M,R11:p2/p8/p14/p20
18:13:00,35.519519,139.792380,1788,174.1,14.4,5.7,0,167.7,173.4,2392,0.96,209,11,1.350,1.363,1.356,1.352,M,R11:p2/p8/p14/p20
18:13:01,35.518730,139.792571,1829,174.1,14.4,3.6,0,167.7,173.7,2432,0.96,208,10,1.350,1.363,1.348,1.352,M,R11:p2/p8/p14/p20
18:13:02,35.517939,139.792762,1869,174.1,14.5,3.2,0,167.7,174.0,2468,0.95,208,10,1.350,1.363,1.348,1.352,M,R11:p2/p8/p14/p20
18:13:03,35.517147,139.792954,1911,174.1,15.1,1.8,0,167.6,174.2,2500,0.93,208,10,1.350,1.355,1.348,1.352,M,R11:p2/p8/p14/p20
18:13:04,35.516354,139.793147,1953,174.1,15.9,0.2,0,167.6,174.5,2528,0.97,207,10,1.348,1.350,1.348,1.352,M,R11:p2/p8/p14/p20
18:13:05,35.515560,139.793340,1995,174.1,16.2,0,0,167.6,174.8,2553,1.00,207,10,1.340,1.350,1.348,1.352,M,R11:p2/p8/p14/p20
18:13:06,35.514767,139.793533,2038,174.1,16.8,-0.1,0,166.3,173.8,2574,1.01,207,10,1.340,1.350,1.346,1.352,M,R11:p2/p8/p14/p20
18:13:07,35.513980,139.793726,2081,174.0,16.9,-0.1,0,164.5,172.3,2592,1.01,206,9,1.340,1.350,1.340,1.352,M,R11:p2/p8/p14/p20
18:13:08,35.513199,139.793919,2124,174.0,16.9,-0.1,0,163.6,171.7,2606,0.98,206,9,1.340,1.343,1.339,1.352,M,R11:p2/p8/p14/p20
18:13:09,35.512421,139.794113,2168,174.0,17.0,0.1,0,162.4,170.7,2616,0.97,206,9,1.347,1.341,1.339,1.352,M,R11:p2/p8/p14/p20
18:13:10,35.511647,139.794306,2211,174.0,17.0,1.4,0,161.5,170.1,2622,0.94,205,9,1.351,1.341,1.339,1.352,M,R11:p2/p8/p14/p20
18:13:11,35.510873,139.794499,2255,174.0,17.0,1.6,0,161.5,170.5,2625,0.91,205,9,1.351,1.341,1.339,1.352,M,R11:p2/p8/p14/p20
18:13:12,35.510098,139.794693,2299,173.9,17.0,0.0,0,161.5,170.9,2622,0.91,205,9,1.351,1.341,1.339,1.352,M,R11:p2/p8/p14/p20
18:13:13,35.509324,139.794888,2342,173.9,17.0,-0.1,0,159.9,169.6,2615,0.94,204,8,1.351,1.341,1.339,1.352,M,R11:p2/p8/p14/p20
18:13:14,35.508554,139.795082,2386,173.9,17.0,-0.2,0,159.6,169.6,2606,0.94,204,8,1.351,1.341,1.339,1.351,M,R11:p2/p8/p14/p20
18:13:15,35.507787,139.795277,2429,173.9,17.0,-0.2,0,158.2,168.5,2594,0.93,203,8,1.351,1.341,1.339,1.351,M,R11:p2/p8/p14/p20
18:13:16,35.507022,139.795472,2472,173.8,17.0,-0.3,0,157.6,168.3,2578,0.94,203,8,1.345,1.341,1.339,1.351,M,R11:p2/p8/p14/p20
18:13:17,35.506258,139.795667,2515,173.8,16.9,-0.3,0,157.6,168.7,2558,0.94,202,8,1.341,1.341,1.339,1.344,M,R11:p2/p8/p14/p20
18:13:18,35.505491,139.795864,2558,173.8,16.9,-0.3,0,157.6,169.1,2535,0.93,202,7,1.341,1.341,1.339,1.342,M,R11:p2/p8/p14/p20
18:13:19,35.504723,139.796060,2600,173.8,16.2,-0.3,0,157.6,169.5,2508,0.93,201,7,1.341,1.340,1.339,1.342,M,R11:p2/p8/p14/p20
18:13:20,35.503956,139.796257,2641,173.7,16.1,-0.3,0,156.3,168.5,2477,0.92,201,7,1.341,1.340,1.338,1.342,M,R11:p2/p8/p14/p20
18:13:21,35.503192,139.796455,2682,173.7,16.1,-0.2,0,155.6,168.2,2443,0.91,200,7,1.341,1.340,1.338,1.342,M,R11:p2/p8/p14/p20
18:13:22,35.502428,139.796653,2723,173.7,16.2,-0.2,0,155.6,168.6,2404,0.89,199,7,1.341,1.340,1.338,1.342,M,R11:p2/p8/p14/p20
18:13:23,35.501663,139.796851,2762,173.7,16.2,-0.1,0,155.6,169.0,2362,0.89,199,7,1.341,1.340,1.338,1.342,M,R11:p2/p8/p14/p20
18:13:24,35.500895,139.797050,2801,173.6,16.1,0.0,0,155.6,169.4,2316,0.91,198,6,1.341,1.340,1.338,1.342,M,R11:p2/p8/p14/p20
18:13:25,35.500129,139.797250,2840,173.6,15.4,0.1,0,154.4,168.6,2267,0.94,197,6,1.340,1.340,1.338,1.342,M,R11:p2/p8/p14/p20
18:13:26,35.499365,139.797449,2877,173.6,15.3,1.3,0,153.8,168.3,2213,0.93,196,6,1.340,1.340,1.338,1.342,M,R11:p2/p8/p14/p20
18:13:27,35.498599,139.797649,2913,173.6,14.6,1.4,0,154.6,169.6,2156,0.91,196,6,1.340,1.340,1.338,1.342,M,R11:p2/p8/p14/p20
18:13:28,35.497827,139.797851,2949,173.5,14.5,1.3,0,155.6,171.1,2095,0.90,195,6,1.340,1.340,1.338,1.342,M,R11:p2/p8/p14/p20
18:13:29,35.497052,139.798054,2983,173.5,15.2,1.3,0,154.6,170.4,2023,0.91,194,6,1.340,1.340,1.338,1.342,M,R11:p2/p8/p14/p20
18:13:30,35.496281,139.798257,3016,173.5,14.5,1.5,0,153.8,170.0,1955,0.92,193,5,1.340,1.340,1.338,1.342,M,R11:p2/p8/p14/p20
18:13:31,35.495510,139.798460,3048,173.5,14.4,1.7,0,153.8,170.4,1883,0.93,193,5,1.340,1.340,1.338,1.342,M,R11:p2/p8/p14/p20
18:13:32,35.494737,139.798664,3079,173.4,14.5,1.2,0,153.8,170.8,1808,0.93,192,5,1.340,1.340,1.338,1.342,M,R11:p2/p8/p14/p20
18:13:33,35.493962,139.798870,3108,173.4,14.5,0.0,0,153.8,171.2,1728,0.92,191,5,1.340,1.340,1.338,1.342,M,R11:p2/p8/p14/p20
18:13:34,35.493186,139.799076,3137,173.4,14.3,-0.1,0,153.8,171.5,1645,0.92,190,5,1.340,1.340,1.338,1.342,M,R11:p2/p8/p14/p20
18:13:35,35.492407,139.799282,3163,173.4,13.7,-0.2,0,153.8,171.9,1558,0.91,189,5,1.340,1.340,1.338,1.342,M,R11:p2/p8/p14/p20
18:13:36,35.491628,139.799489,3189,173.4,13.5,-0.2,0,153.7,172.1,1471,0.91,188,5,1.340,1.340,1.338,1.342,M,R11:p2/p8/p14/p20
18:13:37,35.490847,139.799697,3212,173.3,12.7,-0.3,0,153.7,172.5,1389,0.90,187,5,1.340,1.340,1.338,1.342,M,R11:p2/p8/p14/p20
18:13:38,35.490065,139.799906,3235,173.3,12.0,-0.3,0,153.7,172.8,1311,0.88,187,4,1.340,1.340,1.338,1.342,M,R11:p2/p8/p14/p20
18:13:39,35.489282,139.800116,3256,173.3,12.0,-0.3,0,153.7,173.1,1237,0.87,186,4,1.340,1.340,1.338,1.342,M,R11:p2/p8/p14/p20
18:13:40,35.488494,139.800326,3276,173.3,11.8,-0.2,0,155.2,175.0,1167,0.88,185,4,1.340,1.340,1.338,1.341,M,R11:p2/p8/p14/p20
18:13:41,35.487699,139.800539,3295,173.3,11.1,-0.1,0,155.9,176.0,1102,0.91,184,4,1.340,1.340,1.338,1.341,M,R11:p2/p8/p14/p20
18:13:42,35.486897,139.800752,3313,173.3,10.4,0.1,0,157.1,177.6,1041,0.91,183,4,1.340,1.340,1.338,1.341,M,R11:p2/p8/p14/p20
18:13:43,35.486091,139.800966,3330,173.3,10.3,1.1,0,157.7,178.5,984,0.90,182,4,1.340,1.340,1.338,1.341,M,R11:p2/p8/p14/p20
18:13:44,35.485278,139.801182,3346,173.3,9.4,0.6,0,159.1,180.2,932,0.90,182,4,1.340,1.340,1.338,1.341,M,R11:p2/p8/p14/p20
18:13:45,35.484460,139.801399,3361,173.3,8.8,-0.2,0,159.7,181.1,884,0.90,181,4,1.340,1.340,1.338,1.341,M,R11:p2/p8/p14/p20
18:13:46,35.483635,139.801617,3375,173.3,8.7,-0.3,0,161.4,183.1,841,0.90,180,4,1.340,1.340,1.338,1.341,M,R11:p2/p8/p14/p20
18:13:47,35.482799,139.801836,3389,173.5,8.8,-0.3,0,163.3,185.3,801,0.92,179,4,1.340,1.340,1.338,1.341,M,R11:p2/p8/p14/p20
18:13:48,35.481957,139.802050,3402,173.9,8.7,-0.3,0,163.5,185.6,766,0.93,179,4,1.340,1.340,1.339,1.341,M,R11:p2/p8/p14/p20
18:13:49,35.481110,139.802262,3414,173.9,8.0,0.1,0,165.2,187.7,735,0.94,178,4,1.340,1.340,1.339,1.341,M,R11:p2/p8/p14/p20
18:13:50,35.480251,139.802477,3426,173.9,7.9,1.5,0,167.5,190.3,709,0.95,177,4,1.340,1.340,1.339,1.341,M,R11:p2/p8/p14/p20
18:13:51,35.479380,139.802693,3438,173.9,7.9,0.9,0,169.9,193.1,687,0.96,176,4,1.340,1.340,1.339,1.341,M,R11:p2/p8/p14/p20
18:13:52,35.478497,139.802911,3449,173.9,7.9,-0.2,0,172.1,195.6,669,0.96,176,4,1.340,1.340,1.339,1.341,M,R11:p2/p8/p14/p20
18:13:53,35.477601,139.803131,3460,173.9,7.9,-0.4,0,174.3,198.1,655,0.98,175,4,1.340,1.340,1.339,1.341,M,R11:p2/p8/p14/p20
18:13:54,35.476700,139.803353,3471,173.9,8.0,-0.4,0,174.4,198.4,643,0.98,174,3,1.340,1.340,1.328,1.341,M,R11:p2/p8/p14/p20
18:13:55,35.475795,139.803576,3482,173.8,8.0,-0.5,0,175.8,200.2,638,0.97,174,3,1.340,1.340,1.328,1.341,M,R11:p2/p8/p14/p20
18:13:56,35.474881,139.803815,3493,172.5,8.0,-0.5,0,178.0,203.1,638,0.97,174,3,1.340,1.340,1.328,1.341,M,R11:p2/p8/p14/p20
18:13:57,35.473955,139.804064,3503,173.0,8.0,-0.4,0,180.2,205.5,640,0.98,173,3,1.340,1.340,1.328,1.341,M,R11:p2/p8/p14/p20
18:13:58,35.473022,139.804303,3514,173.5,7.9,-0.2,0,180.4,205.8,645,0.99,173,3,1.340,1.340,1.328,1.341,M,R11:p2/p8/p14/p20
18:13:59,35.472083,139.804540,3525,173.5,7.9,0.4,0,182.0,207.7,650,0.99,173,3,1.340,1.340,1.328,1.341,M,R11:p2/p8/p14/p20
18:14:00,35.471138,139.804777,3536,173.7,7.9,0.9,0,182.7,208.5,658,0.99,172,3,1.340,1.340,1.328,1.341,M,R11:p2/p8/p14/p20
18:14:01,35.470187,139.805010,3547,174.0,8.0,-0.2,0,184.0,210.0,667,0.99,172,3,1.340,1.339,1.328,1.341,M,R11:p2/p8/p14/p20
18:14:02,35.469225,139.805240,3558,174.1,8.1,-0.3,0,186.0,212.3,678,0.97,172,3,1.336,1.333,1.328,1.341,M,R11:p2/p8/p14/p20
18:14:03,35.468258,139.805472,3569,174.1,8.8,-0.4,0,186.4,213.0,690,0.95,171,3,1.330,1.330,1.328,1.337,M,R11:p2/p8/p14/p20
18:14:04,35.467285,139.805704,3581,174.1,8.8,-0.5,0,188.0,214.9,704,0.96,171,3,1.330,1.330,1.328,1.332,M,R11:p2/p8/p14/p20
18:14:05,35.466301,139.805939,3593,174.1,8.9,-0.5,0,190.1,217.3,719,0.96,171,3,1.330,1.330,1.328,1.332,M,R11:p2/p8/p14/p20
18:14:06,35.465310,139.806174,3605,174.1,8.9,-0.5,0,190.6,218.0,737,0.96,170,3,1.330,1.330,1.328,1.332,M,R11:p2/p8/p14/p20
18:14:07,35.464315,139.806412,3617,174.0,8.9,-0.5,0,191.9,219.7,755,0.97,170,3,1.330,1.329,1.328,1.332,M,R11:p2/p8/p14/p20
18:14:08,35.463310,139.806653,3630,174.0,8.9,-0.4,0,194.0,222.1,776,0.97,170,3,1.330,1.329,1.328,1.332,M,R11:p2/p8/p14/p20
18:14:09,35.462297,139.806895,3643,174.0,8.9,-0.3,0,194.5,222.8,798,0.97,169,3,1.330,1.329,1.328,1.331,M,R11:p2/p8/p14/p20
18:14:10,35.461279,139.807139,3657,174.0,8.8,-0.2,0,195.8,224.4,822,0.97,169,3,1.330,1.330,1.321,1.331,M,R11:p2/p8/p14/p20
18:14:11,35.460257,139.807383,3670,174.0,8.7,0.3,0,196.1,225.0,847,0.98,168,3,1.330,1.330,1.319,1.331,M,R11:p2/p8/p14/p20
18:14:12,35.459229,139.807618,3685,175.1,8.0,1.4,0,197.4,226.2,874,0.98,168,2,1.330,1.330,1.319,1.331,M,R11:p2/p8/p14/p20
18:14:13,35.458194,139.807846,3700,174.6,7.9,1.1,0,198.1,227.3,903,0.97,167,2,1.330,1.330,1.318,1.331,M,R11:p2/p8/p14/p20
18:14:14,35.457154,139.808087,3715,174.1,7.9,0.8,0,199.6,229.3,933,0.96,167,2,1.330,1.330,1.318,1.331,M,R11:p2/p8/p14/p20
18:14:15,35.456108,139.808336,3731,174.0,8.1,1.3,0,200.1,230.1,965,0.96,166,2,1.330,1.330,1.318,1.331,M,R11:p2/p8/p14/p20
18:14:16,35.455059,139.808602,3747,172.6,8.8,1.0,0,201.5,232.3,998,0.96,165,2,1.330,1.330,1.318,1.331,M,R11:p2/p8/p14/p20
18:14:17,35.454006,139.808883,3764,172.6,8.8,0.2,0,201.5,232.5,1034,0.97,165,2,1.330,1.330,1.318,1.331,M,R11:p2/p8/p14/p20
18:14:18,35.452947,139.809165,3782,172.7,8.9,-0.2,0,203.6,235.0,1069,0.97,164,2,1.330,1.330,1.318,1.331,M,R11:p2/p8/p14/p20
18:14:19,35.451881,139.809446,3800,172.9,8.9,-0.2,0,203.9,235.4,1103,0.97,163,2,1.330,1.330,1.318,1.331,M,R11:p2/p8/p14/p20
18:14:20,35.450809,139.809724,3818,173.0,8.9,-0.3,0,205.5,237.4,1136,0.98,162,2,1.330,1.330,1.318,1.331,M,R11:p2/p8/p14/p20
18:14:21,35.449726,139.810001,3837,173.2,8.9,-0.3,0,207.7,239.9,1167,0.98,161,2,1.330,1.329,1.318,1.331,M,R11:p2/p8/p14/p20
18:14:22,35.448636,139.810274,3857,173.5,8.9,-0.3,0,207.8,240.1,1197,0.98,160,2,1.327,1.329,1.318,1.331,M,R11:p2/p8/p14/p20
18:14:23,35.447543,139.810542,3877,173.7,9.0,-0.3,0,207.9,240.4,1226,0.99,159,2,1.320,1.325,1.318,1.331,M,R11:p2/p8/p14/p20
18:14:24,35.446445,139.810807,3898,173.9,9.0,-0.4,0,209.8,242.7,1253,0.99,158,1,1.319,1.320,1.318,1.331,M,R11:p2/p8/p14/p20
18:14:25,35.445339,139.811068,3919,174.2,9.0,-0.4,0,210.0,243.0,1279,0.97,156,1,1.319,1.324,1.318,1.331,M,R11:p2/p8/p14/p20
18:14:26,35.444227,139.811324,3941,174.4,9.0,-0.4,0,211.9,245.3,1304,0.96,154,1,1.319,1.326,1.318,1.331,M,R11:p2/p8/p14/p20
18:14:27,35.443108,139.811577,3963,174.6,9.0,-0.4,0,212.0,245.6,1327,0.96,152,1,1.319,1.320,1.318,1.329,M,R11:p2/p8/p14/p20
18:14:28,35.441987,139.811826,3985,174.8,9.0,-0.5,0,211.9,245.6,1349,0.96,150,1,1.319,1.320,1.318,1.322,M,R11:p2/p8/p14/p20
18:14:29,35.440865,139.812072,4008,175.0,9.0,-0.5,0,212.0,246.0,1370,0.96,147,1,1.319,1.320,1.318,1.321,M,R11:p2/p8/p14/p20
18:14:30,35.439738,139.812314,4031,175.1,9.0,-0.5,0,213.7,248.0,1389,0.96,143,1,1.319,1.320,1.318,1.321,M,R11:p2/p8/p14/p20
18:14:31,35.438604,139.812557,4054,175.1,9.0,-0.4,0,213.8,248.4,1407,0.96,139,1,1.319,1.320,1.318,1.321,M,R11:p2/p8/p14/p20
18:14:32,35.437465,139.812801,4077,175.1,9.0,-0.4,0,215.6,250.6,1424,0.96,134,1,1.319,1.320,1.318,1.321,M,R11:p2/p8/p14/p20
18:14:33,35.436318,139.813046,4101,175.1,9.0,-0.4,0,216.1,251.4,1439,0.97,127,1,1.319,1.320,1.318,1.321,M,R11:p2/p8/p14/p20
18:14:34,35.435169,139.813292,4125,175.1,9.0,-0.4,0,216.1,251.7,1453,0.97,119,1,1.319,1.320,1.318,1.321,M,R11:p2/p8/p14/p20
18:14:35,35.434015,139.813539,4150,175.1,9.0,-0.3,0,217.7,253.7,1466,0.98,109,1,1.319,1.320,1.318,1.321,M,R11:p2/p8/p14/p20
18:14:36,35.432854,139.813787,4174,175.1,9.0,-0.2,0,218.1,254.5,1477,0.98,97,1,1.319,1.320,1.318,1.321,M,R11:p2/p8/p14/p20
18:14:37,35.431691,139.814035,4199,175.1,9.0,0.0,0,218.1,254.7,1487,0.96,84,1,1.319,1.320,1.318,1.321,M,R11:p2/p8/p14/p20
18:14:38,35.430523,139.814285,4224,175.1,9.0,1.5,0,219.8,256.9,1496,0.98,70,1,1.319,1.320,1.318,1.321,M,R11:p2/p8/p14/p20
18:14:39,35.429348,139.814535,4249,175.1,8.9,0.9,0,220.3,257.7,1504,0.98,58,1,1.319,1.320,1.318,1.321,M,R11:p2/p8/p14/p20
18:14:40,35.428170,139.814787,4274,175.1,8.9,-0.2,0,220.2,257.9,1513,0.96,48,1,1.319,1.320,1.318,1.321,M,R11:p2/p8/p14/p20
18:14:41,35.426992,139.815039,4299,175.1,8.9,-0.3,0,220.2,258.2,1522,0.94,40,1,1.319,1.320,1.318,1.321,M,R11:p2/p8/p14/p20
18:14:42,35.425812,139.815291,4325,175.1,8.9,-0.3,0,220.2,258.4,1532,0.94,33,1,1.319,1.320,1.317,1.321,M,R11:p2/p8/p14/p20
18:14:43,35.424627,139.815545,4350,175.1,8.9,-0.4,0,221.8,260.4,1543,0.93,26,1,1.316,1.320,1.317,1.321,M,R11:p2/p8/p14/p20
18:14:44,35.423436,139.815800,4376,175.1,8.9,-0.4,0,222.3,261.2,1554,0.96,21,1,1.310,1.320,1.311,1.321,M,R11:p2/p8/p14/p20
18:14:45,35.422242,139.816056,4402,175.1,8.9,-0.5,0,222.3,261.5,1567,0.98,15,1,1.310,1.320,1.307,1.321,M,R11:p2/p8/p14/p20
18:14:46,35.421048,139.816314,4428,175.0,8.8,-0.5,0,222.3,261.8,1580,0.99,11,1,1.310,1.320,1.307,1.321,M,R11:p2/p8/p14/p20
18:14:47,35.419848,139.816574,4455,175.0,8.1,-0.5,0,224.2,264.1,1593,0.98,7,1,1.310,1.320,1.307,1.321,M,R11:p2/p8/p14/p20
18:14:48,35.418641,139.816836,4481,175.0,8.8,-0.5,0,224.5,264.7,1607,0.95,4,1,1.310,1.320,1.307,1.321,M,R11:p2/p8/p14/p20
18:14:49,35.417427,139.817099,4508,175.0,8.9,-0.4,0,226.2,266.8,1622,0.96,1,1,1.310,1.319,1.307,1.321,M,R11:p2/p8/p14/p20
18:14:50,35.416209,139.817363,4535,175.0,9.0,-0.4,0,226.3,267.1,1638,0.99,358,1,1.310,1.319,1.307,1.321,M,R11:p2/p8/p14/p20
18:14:51,35.414989,139.817628,4563,175.0,9.0,-0.3,0,226.4,267.5,1654,0.99,356,1,1.310,1.319,1.307,1.321,M,R11:p2/p8/p14/p20
18:14:52,35.413763,139.817895,4591,175.0,9.0,-0.3,0,228.1,269.6,1671,0.97,354,2,1.310,1.317,1.307,1.320,M,R11:p2/p8/p14/p20
18:14:53,35.412531,139.818162,4619,175.0,8.9,-0.2,0,228.2,270.0,1688,0.96,352,2,1.310,1.311,1.307,1.313,M,R11:p2/p8/p14/p20
18:14:54,35.411294,139.818432,4647,174.9,8.9,0.2,0,229.9,272.1,1707,0.96,350,2,1.310,1.311,1.307,1.313,M,R11:p2/p8/p14/p20
18:14:55,35.410051,139.818705,4676,174.9,8.2,1.4,0,230.3,272.8,1726,0.97,348,2,1.310,1.311,1.306,1.313,M,R11:p2/p8/p14/p20
18:14:56,35.408805,139.818979,4704,174.9,8.0,1.1,0,230.3,273.1,1745,0.98,347,2,1.310,1.311,1.306,1.313,M,R11:p2/p8/p14/p20
18:14:57,35.407554,139.819254,4734,174.9,8.0,-0.1,0,232.0,275.2,1765,0.98,345,2,1.310,1.311,1.306,1.313,M,R11:p2/p8/p14/p20
18:14:58,35.406298,139.819530,4763,174.9,8.1,-0.2,0,232.1,275.5,1786,0.98,344,2,1.310,1.311,1.306,1.312,M,R11:p2/p8/p14/p20
18:14:59,35.405039,139.819807,4793,174.9,8.8,-0.2,0,232.2,275.9,1806,0.97,343,2,1.310,1.311,1.306,1.312,M,R11:p2/p8/p14/p20
18:15:00,35.403776,139.820087,4823,174.8,8.1,-0.3,0,233.9,278.1,1827,0.97,342,2,1.310,1.310,1.306,1.312,M,R11:p2/p8/p14/p20
18:15:01,35.402505,139.820369,4854,174.8,8.8,-0.3,0,234.4,278.9,1849,0.98,341,3,1.310,1.310,1.306,1.312,M,R11:p2/p8/p14/p20
18:15:02,35.401228,139.820653,4885,174.8,8.9,-0.4,0,236.2,281.2,1873,0.98,340,3,1.310,1.310,1.306,1.312,M,R11:p2/p8/p14/p20
18:15:03,35.399944,139.820938,4917,174.8,9.0,-0.4,0,236.4,281.7,1897,0.97,339,3,1.310,1.310,1.306,1.312,M,R11:p2/p8/p14/p20
18:15:04,35.398658,139.821224,4948,174.8,9.0,-0.4,0,236.4,281.9,1922,0.97,337,3,1.310,1.310,1.306,1.312,M,R11:p2/p8/p14/p20
18:15:05,35.397368,139.821512,4981,174.8,9.0,-0.5,0,238.1,284.0,1947,0.98,335,3,1.310,1.310,1.306,1.312,M,R11:p2/p8/p14/p20
18:15:06,35.396072,139.821803,5013,174.7,9.0,-0.5,0,238.3,284.5,1973,0.98,333,3,1.310,1.310,1.306,1.312,M,R11:p2/p8/p14/p20
18:15:07,35.394774,139.822096,5046,174.7,8.9,-0.5,0,238.3,284.7,2000,0.98,332,3,1.310,1.310,1.306,1.312,M,R11:p2/p8/p14/p20
18:15:08,35.393472,139.822390,5080,174.7,8.9,-0.5,0,239.9,286.7,2027,0.96,330,3,1.310,1.310,1.306,1.312,M,R11:p2/p8/p14/p20
18:15:09,35.392162,139.822686,5114,174.7,8.4,-0.5,0,240.5,287.5,2023,0.96,329,3,1.310,1.310,1.306,1.312,M,R11:p2/p8/p14/p20
18:15:10,35.390852,139.822984,5148,174.6,8.1,-0.5,0,240.5,287.6,2052,0.96,329,3,1.310,1.310,1.306,1.312,M,R11:p2/p8/p14/p20
18:15:11,35.389540,139.823283,5182,174.6,8.1,-0.4,0,240.5,287.7,2080,0.96,328,3,1.310,1.310,1.306,1.312,M,R11:p2/p8/p14/p20
18:15:12,35.388225,139.823583,5217,174.6,8.7,-0.4,0,242.0,289.4,2110,0.97,327,3,1.310,1.310,1.306,1.312,M,R11:p2/p8/p14/p20
18:15:13,35.386905,139.823884,5252,174.6,9.0,-0.4,0,242.3,289.9,2140,0.97,327,3,1.310,1.310,1.306,1.312,M,R11:p2/p8/p14/p20
18:15:14,35.385583,139.824185,5288,174.6,9.0,-0.3,0,242.3,289.9,2171,0.97,326,3,1.310,1.310,1.306,1.312,M,R11:p2/p8/p14/p20
18:15:15,35.384260,139.824488,5325,174.5,8.4,-0.3,0,243.3,291.1,2202,0.96,325,3,1.310,1.310,1.306,1.312,M,R11:p2/p8/p14/p20
18:15:16,35.382929,139.824793,5362,174.5,8.2,-0.2,0,244.5,292.5,2234,0.96,325,3,1.310,1.310,1.306,1.312,M,R11:p2/p8/p14/p20
18:15:17,35.381596,139.825098,5399,174.5,8.1,-0.1,0,244.5,292.6,2267,0.95,324,3,1.310,1.310,1.305,1.312,M,R11:p2/p8/p14/p20
18:15:18,35.380258,139.825404,5437,174.5,8.1,1.5,0,246.2,294.6,2300,0.96,323,3,1.310,1.310,1.305,1.312,M,R11:p2/p8/p14/p20
18:15:19,35.378914,139.825711,5476,174.5,8.1,1.8,0,246.5,295.0,2334,0.96,322,2,1.310,1.310,1.305,1.312,M,R11:p2/p8/p14/p20
18:15:20,35.377570,139.826019,5515,174.4,8.1,1.9,0,246.5,295.1,2368,0.97,321,2,1.310,1.310,1.305,1.312,M,R11:p2/p8/p14/p20
18:15:21,35.376225,139.826329,5555,174.4,8.2,1.8,0,246.5,295.2,2402,0.98,319,2,1.310,1.310,1.305,1.312,M,R11:p2/p8/p14/p20
18:15:22,35.374877,139.826640,5595,174.4,8.8,1.7,0,247.9,296.8,2434,0.98,318,2,1.310,1.310,1.305,1.312,M,R11:p2/p8/p14/p20
18:15:23,35.373523,139.826951,5636,174.4,9.1,1.5,0,248.5,297.5,2465,0.98,317,2,1.310,1.310,1.305,1.312,M,R11:p2/p8/p14/p20
18:15:24,35.372166,139.827264,5677,174.3,9.1,0.9,0,248.9,298.1,2496,1.00,315,2,1.310,1.310,1.305,1.312,M,R11:p2/p8/p14/p20
18:15:25,35.370805,139.827578,5719,174.3,9.0,1.5,0,250.1,299.5,2526,1.00,313,2,1.310,1.310,1.305,1.312,M,R11:p2/p8/p14/p20
18:15:26,35.369439,139.827894,5761,174.3,9.0,0.1,0,250.6,300.1,2555,1.01,311,2,1.310,1.310,1.305,1.312,M,R11:p2/p8/p14/p20
18:15:27,35.368071,139.828210,5804,174.3,9.0,0.2,0,250.6,300.2,2583,1.00,309,2,1.310,1.310,1.305,1.312,M,R11:p2/p8/p14/p20
18:15:28,35.366703,139.828527,5848,174.2,9.5,1.5,0,250.6,300.4,2610,1.00,307,2,1.310,1.310,1.305,1.312,M,R11:p2/p8/p14/p20
18:15:29,35.365330,139.828846,5891,174.2,9.7,1.5,0,252.4,302.4,2637,0.99,304,2,1.310,1.310,1.305,1.312,M,R11:p2/p8/p14/p20
18:15:30,35.363952,139.829166,5935,174.2,9.7,1.5,0,252.5,302.6,2663,1.00,301,1,1.310,1.310,1.305,1.312,M,R11:p2/p8/p14/p20
18:15:31,35.362574,139.829486,5980,174.2,9.7,1.8,0,252.5,302.7,2687,1.00,298,1,1.309,1.310,1.305,1.312,M,R11:p2/p8/p14/p20
18:15:32,35.361194,139.829807,6025,174.1,9.7,1.8,0,252.6,303.0,2711,0.99,294,1,1.309,1.310,1.305,1.312,M,R11:p2/p8/p14/p20
18:15:33,35.359814,139.830130,6070,174.1,9.7,3.1,0,252.6,303.1,2735,0.97,290,1,1.309,1.310,1.305,1.312,M,R11:p2/p8/p14/p20
18:15:34,35.358434,139.830453,6116,174.1,9.7,3.3,0,252.6,303.2,2757,0.97,285,1,1.309,1.310,1.305,1.312,M,R11:p2/p8/p14/p20
18:15:35,35.357050,139.830776,6162,174.1,9.7,3.4,0,254.2,305.0,2779,0.96,280,1,1.309,1.310,1.307,1.312,M,R11:p2/p8/p14/p20
18:15:36,35.355659,139.831100,6209,174.1,9.7,3.4,0,254.7,305.7,2799,0.96,275,1,1.309,1.310,1.307,1.312,M,R11:p2/p8/p14/p20
18:15:37,35.354266,139.831426,6256,174.0,9.7,3.5,0,254.7,305.8,2819,0.97,269,1,1.309,1.310,1.307,1.311,M,R11:p2/p8/p14/p20
18:15:38,35.352874,139.831753,6303,174.0,9.8,3.4,0,254.7,305.9,2838,0.97,262,1,1.309,1.310,1.307,1.311,M,R11:p2/p8/p14/p20
18:15:39,35.351481,139.832080,6350,174.0,9.8,3.4,0,254.7,306.0,2856,0.97,256,1,1.309,1.310,1.307,1.311,M,R11:p2/p8/p14/p20
18:15:40,35.350087,139.832408,6398,174.0,9.8,3.3,0,254.7,306.1,2873,0.97,250,1,1.304,1.303,1.300,1.311,M,R11:p2/p8/p14/p20
18:15:41,35.348693,139.832736,6446,173.9,9.8,3.2,0,254.7,306.2,2890,0.96,244,1,1.293,1.301,1.288,1.304,M,R11:p2/p8/p14/p20
18:15:42,35.347299,139.833066,6494,173.9,9.8,1.8,0,254.7,306.3,2905,0.96,238,1,1.290,1.294,1.287,1.302,M,R11:p2/p8/p14/p20
18:15:43,35.345905,139.833396,6543,173.9,9.8,1.6,0,254.7,306.4,2920,0.96,232,1,1.290,1.291,1.287,1.302,M,R11:p2/p8/p14/p20
18:15:44,35.344510,139.833726,6592,173.9,9.8,1.4,0,254.6,306.4,2933,0.96,227,1,1.282,1.291,1.278,1.302,M,R11:p2/p8/p14/p20
18:15:45,35.343115,139.834057,6641,173.8,9.8,1.4,0,254.6,306.6,2946,0.96,223,1,1.280,1.291,1.277,1.302,M,R11:p2/p8/p14/p20
18:15:46,35.341720,139.834390,6690,173.8,9.8,1.4,0,254.6,306.7,2958,0.96,219,1,1.280,1.290,1.277,1.302,M,R11:p2/p8/p14/p20
18:15:47,35.340327,139.834722,6739,173.8,9.8,1.4,0,253.2,305.2,2968,0.96,215,1,1.280,1.290,1.277,1.302,M,R11:p2/p8/p14/p20
18:15:48,35.338940,139.835054,6789,173.8,9.8,1.5,0,252.7,304.7,2978,0.96,211,2,1.280,1.290,1.277,1.302,M,R11:p2/p8/p14/p20
18:15:49,35.337553,139.835385,6838,173.8,9.8,1.5,0,252.7,304.8,2987,0.96,208,2,1.280,1.290,1.277,1.302,M,R11:p2/p8/p14/p20
18:15:50,35.336166,139.835718,6888,173.7,9.8,1.5,0,252.6,304.9,2995,0.96,206,2,1.280,1.290,1.277,1.302,M,R11:p2/p8/p14/p20
18:15:51,35.334779,139.836052,6938,173.7,9.8,1.5,0,252.6,305.0,3002,0.96,203,2,1.287,1.290,1.287,1.302,M,R11:p2/p8/p14/p20
18:15:52,35.333391,139.836385,6988,173.7,9.8,1.5,0,252.6,305.1,3008,0.96,201,2,1.289,1.290,1.287,1.302,M,R11:p2/p8/p14/p20
18:15:53,35.332003,139.836719,7038,173.7,9.8,1.4,0,252.6,305.2,3013,0.95,199,2,1.289,1.290,1.287,1.302,M,R11:p2/p8/p14/p20
18:15:54,35.330614,139.837053,7089,173.7,9.8,0.9,0,252.6,305.3,3017,0.95,197,2,1.289,1.299,1.287,1.302,M,R11:p2/p8/p14/p20
18:15:55,35.329225,139.837388,7139,173.6,9.8,1.5,0,252.6,305.4,3020,0.96,196,2,1.289,1.301,1.287,1.302,M,R11:p2/p8/p14/p20
18:15:56,35.327836,139.837724,7189,173.6,9.8,1.6,0,252.6,305.6,3022,0.96,194,2,1.297,1.301,1.287,1.310,M,R11:p2/p8/p14/p20
18:15:57,35.326446,139.838060,7240,173.6,9.8,0.8,0,252.6,305.7,3023,0.95,193,2,1.300,1.301,1.287,1.313,M,R11:p2/p8/p14/p20
18:15:58,35.325055,139.838397,7290,173.6,9.8,3.1,0,252.6,305.8,3023,0.96,192,3,1.300,1.301,1.297,1.313,M,R11:p2/p8/p14/p20
18:15:59,35.323669,139.838732,7340,173.6,9.8,5.0,0,250.9,304.0,3022,0.96,191,3,1.299,1.301,1.298,1.313,M,R11:p2/p8/p14/p20
18:16:00,35.322286,139.839053,7391,174.8,9.8,8.3,0,250.6,303.3,3011,0.96,190,3,1.299,1.301,1.297,1.312,R,R11:p2/p8/p14/p20
18:16:01,35.320900,139.839340,7441,175.9,9.8,11.7,0,250.6,302.9,3008,0.96,189,3,1.299,1.301,1.297,1.312,R,R11:p2/p8/p14/p20
18:16:02,35.319513,139.839595,7491,177.0,9.8,13.3,0,250.6,302.5,3004,0.96,188,3,1.299,1.301,1.297,1.312,R,R11:p2/p8/p14/p20
18:16:03,35.318123,139.839818,7541,178.2,9.8,16.6,0,250.6,302.1,3000,0.98,187,3,1.306,1.301,1.297,1.312,R,R11:p2/p8/p14/p20
18:16:04,35.316732,139.840009,7591,179.3,9.8,17.5,0,250.6,301.7,2994,0.98,186,3,1.311,1.301,1.297,1.312,R,R11:p2/p8/p14/p20
18:16:05,35.315340,139.840167,7641,180.5,9.8,19.2,0,250.6,301.3,2987,,186,3,1.311,1.301,1.297,1.312,R,R11:p2/p8/p14/p20
18:16:06,35.313948,139.840294,7691,181.6,9.8,19.6,0,250.5,300.8,2980,,185,3,1.311,1.301,1.297,1.312,R,R11:p2/p8/p14/p20
18:16:07,35.312557,139.840388,7740,182.7,9.8,20.8,0,250.5,300.3,2971,,184,4,1.311,1.301,1.297,1.322,R,R11:p2/p8/p14/p20
18:16:08,35.311166,139.840450,7790,183.9,9.8,21.1,0,250.5,299.9,2962,,184,4,1.310,1.301,1.297,1.323,R,R11:p2/p8/p14/p20
18:16:09,35.309777,139.840477,7839,185.0,9.8,20.7,0,250.5,299.5,2951,,183,4,1.310,1.309,1.298,1.323,M,R11:p2/p8/p14/p20
18:16:10,35.308388,139.840490,7888,185.0,9.8,19.6,0,250.5,299.6,2940,,183,4,1.310,1.311,1.298,1.322,M,R11:p2/p8/p14/p20
18:16:11,35.307002,139.840463,7937,187.9,9.8,19.3,0,250.5,298.3,2927,,182,4,1.310,1.311,1.298,1.322,M,R11:p2/p8/p14/p20
18:16:12,35.305616,139.840390,7986,188.1,9.8,17.6,0,252.0,300.0,2914,,182,4,1.310,1.311,1.298,1.322,M,R11:p2/p8/p14/p20
18:16:13,35.304229,139.840313,8034,188.2,9.8,16.2,0,250.7,298.6,2899,,181,4,1.310,1.311,1.298,1.322,M,R11:p2/p8/p14/p20
18:16:14,35.302853,139.840190,8082,191.5,9.8,14.6,0,250.5,296.9,2884,0.97,181,4,1.310,1.311,1.298,1.322,M,R11:p2/p8/p14/p20
18:16:15,35.301483,139.840015,8130,191.8,9.8,10.9,0,250.5,296.9,2868,0.97,181,4,1.310,1.311,1.298,1.322,M,R11:p2/p8/p14/p20
18:16:16,35.300115,139.839830,8178,192.2,9.8,9.6,0,250.5,296.8,2850,0.96,180,5,1.310,1.311,1.298,1.322,M,R11:p2/p8/p14/p20
18:16:17,35.298749,139.839632,8225,192.7,9.8,8.0,0,250.4,296.6,2832,0.96,180,5,1.310,1.310,1.298,1.322,M,R11:p2/p8/p14/p20
18:16:18,35.297387,139.839426,8272,192.8,9.7,6.7,0,249.1,295.2,2813,0.96,180,5,1.310,1.310,1.298,1.322,M,R11:p2/p8/p14/p20
18:16:19,35.296031,139.839220,8319,192.8,9.7,6.4,0,248.5,294.6,2792,0.97,179,5,1.310,1.310,1.298,1.322,M,R11:p2/p8/p14/p20
18:16:20,35.294674,139.839017,8365,192.5,9.7,4.9,0,248.5,294.9,2771,0.97,179,5,1.310,1.310,1.298,1.322,M,R11:p2/p8/p14/p20
18:16:21,35.293316,139.838823,8411,192.2,9.7,4.7,0,248.5,295.1,2749,0.97,179,5,1.310,1.310,1.298,1.322,M,R11:p2/p8/p14/p20
18:16:22,35.291958,139.838636,8457,192.0,9.7,4.8,0,247.3,294.0,2726,0.97,178,5,1.310,1.310,1.305,1.322,M,R11:p2/p8/p14/p20
18:16:23,35.290605,139.838452,8502,192.0,9.0,3.2,0,246.6,293.3,2705,0.96,178,5,1.310,1.310,1.299,1.322,M,R11:p2/p8/p14/p20
18:16:24,35.289253,139.838268,8547,192.0,8.8,3.0,0,246.6,293.4,2685,0.95,178,5,1.310,1.310,1.305,1.322,M,R11:p2/p8/p14/p20
18:16:25,35.287901,139.838084,8592,191.9,8.8,3.1,0,246.6,293.6,2666,0.95,178,6,1.310,1.310,1.308,1.322,M,R11:p2/p8/p14/p20
18:16:26,35.286547,139.837902,8636,191.9,8.8,3.2,0,246.6,293.7,2648,0.96,178,6,1.310,1.310,1.308,1.322,M,R11:p2/p8/p14/p20
18:16:27,35.285201,139.837677,8680,195.1,8.8,3.1,0,246.6,292.2,2632,0.95,177,6,1.310,1.310,1.308,1.322,M,R11:p2/p8/p14/p20
18:16:28,35.283867,139.837393,8724,195.9,8.8,1.8,0,246.6,292.0,2616,0.95,177,6,1.310,1.310,1.308,1.322,M,R11:p2/p8/p14/p20
18:16:29,35.282535,139.837099,8767,195.9,8.8,1.8,0,246.6,292.1,2602,0.95,177,6,1.310,1.310,1.308,1.322,M,R11:p2/p8/p14/p20
18:16:30,35.281202,139.836805,8810,195.9,8.8,1.7,0,246.6,292.2,2588,0.95,177,6,1.310,1.310,1.308,1.321,M,R11:p2/p8/p14/p20
18:16:31,35.279868,139.836510,8853,195.9,8.8,1.7,0,246.6,292.3,2576,0.97,177,6,1.310,1.310,1.308,1.321,M,R11:p2/p8/p14/p20
18:16:32,35.278531,139.836214,8896,195.9,8.8,1.8,0,247.9,293.9,2565,0.96,176,6,1.310,1.310,1.308,1.321,M,R11:p2/p8/p14/p20
18:16:33,35.277189,139.835914,8939,195.9,8.8,1.5,0,248.4,294.6,2555,0.95,176,6,1.310,1.310,1.307,1.321,M,R11:p2/p8/p14/p20
18:16:34,35.275848,139.835615,8981,195.9,8.8,0.1,0,247.1,293.2,2546,0.95,176,6,1.310,1.310,1.307,1.321,M,R11:p2/p8/p14/p20
18:16:35,35.274512,139.835317,9024,195.9,8.8,0.0,0,246.5,292.6,2538,0.95,176,7,1.310,1.310,1.307,1.321,M,R11:p2/p8/p14/p20
18:16:36,35.273178,139.835019,9066,195.9,8.8,-0.1,0,246.5,292.7,2532,0.95,176,7,1.310,1.310,1.307,1.321,M,R11:p2/p8/p14/p20
18:16:37,35.271842,139.834720,9108,195.9,8.8,0.0,0,246.5,292.8,2526,0.96,176,7,1.316,1.310,1.307,1.321,M,R11:p2/p8/p14/p20
18:16:38,35.270507,139.834420,9150,195.9,8.8,0.0,0,246.5,292.9,2522,0.96,175,7,1.320,1.317,1.307,1.321,M,R11:p2/p8/p14/p20
18:16:39,35.269171,139.834120,9192,195.9,8.8,0.1,0,246.5,293.0,2518,0.96,175,7,1.320,1.320,1.318,1.321,M,R11:p2/p8/p14/p20
18:16:40,35.267831,139.833817,9234,195.9,8.9,0.1,0,248.2,295.0,2516,0.96,175,7,1.326,1.320,1.320,1.321,M,R11:p2/p8/p14/p20
18:16:41,35.266484,139.833512,9276,195.9,8.9,0.0,0,248.6,295.6,2515,0.96,175,7,1.330,1.320,1.320,1.321,M,R11:p2/p8/p14/p20
18:16:42,35.265136,139.833207,9318,195.8,8.9,-0.1,0,248.6,295.7,2516,0.96,175,7,1.336,1.326,1.320,1.326,M,R11:p2/p8/p14/p20
18:16:43,35.263787,139.832902,9360,195.8,8.9,-0.1,0,248.6,295.8,2517,0.96,175,7,1.340,1.329,1.320,1.332,M,R11:p2/p8/p14/p20
18:16:44,35.262438,139.832597,9402,195.8,8.9,-0.1,0,248.6,295.9,2519,0.96,175,7,1.340,1.329,1.326,1.332,M,R11:p2/p8/p14/p20
18:16:45,35.261085,139.832290,9444,195.8,8.9,0.4,0,250.3,298.0,2523,0.96,175,7,1.340,1.335,1.331,1.332,M,R11:p2/p8/p14/p20
18:16:46,35.259725,139.831980,9486,195.8,8.9,1.5,0,250.6,298.4,2528,0.98,174,8,1.340,1.339,1.331,1.332,M,R11:p2/p8/p14/p20
18:16:47,35.258365,139.831668,9528,195.8,8.9,1.0,0,250.6,298.5,2533,0.98,174,8,1.340,1.339,1.331,1.332,M,R11:p2/p8/p14/p20
18:16:48,35.257004,139.831356,9570,195.8,8.9,1.4,0,250.6,298.6,2531,0.97,174,8,1.340,1.339,1.331,1.335,M,R11:p2/p8/p14/p20
18:16:49,35.255643,139.831044,9612,195.8,8.9,1.4,0,250.6,298.7,2519,0.96,175,8,1.340,1.339,1.330,1.341,M,R11:p2/p8/p14/p20
18:16:50,35.254281,139.830731,9654,195.8,8.9,0.1,0,250.6,298.8,2528,0.97,176,8,1.340,1.339,1.330,1.341,M,R11:p2/p8/p14/p20
18:16:51,35.252919,139.830420,9697,195.7,8.9,1.5,0,250.5,298.9,2539,0.97,177,8,1.340,1.339,1.330,1.341,M,R11:p2/p8/p14/p20
18:16:52,35.251556,139.830111,9739,195.7,8.9,1.7,0,250.5,299.0,2550,0.98,178,8,1.340,1.339,1.330,1.341,M,R11:p2/p8/p14/p20
18:16:53,35.250193,139.829802,9782,195.7,8.9,1.5,0,250.5,299.1,2563,0.98,179,8,1.340,1.339,1.330,1.341,M,R11:p2/p8/p14/p20
18:16:54,35.248829,139.829492,9825,195.7,8.9,1.2,0,250.5,299.2,2576,0.97,180,8,1.338,1.335,1.330,1.341,M,R11:p2/p8/p14/p20
18:16:55,35.247464,139.829183,9868,195.7,8.9,1.2,0,250.5,299.3,2591,0.97,181,8,1.331,1.330,1.330,1.341,M,R11:p2/p8/p14/p20
18:16:56,35.246096,139.828875,9911,195.6,8.9,1.6,0,251.8,301.0,2607,0.96,182,8,1.331,1.330,1.330,1.341,M,R11:p2/p8/p14/p20
18:16:57,35.244721,139.828565,9954,195.6,8.9,0.9,0,252.5,301.9,2624,0.97,183,8,1.330,1.330,1.330,1.341,M,R11:p2/p8/p14/p20
18:16:58,35.243344,139.828256,9998,195.6,8.9,1.5,0,252.5,302.0,2643,0.97,184,8,1.330,1.330,1.330,1.341,M,R11:p2/p8/p14/p20
18:16:59,35.241966,139.827946,10043,195.6,9.0,1.7,0,252.5,302.2,2662,0.97,184,8,1.330,1.329,1.330,1.341,M,R11:p2/p8/p14/p20
18:17:00,35.240588,139.827638,10087,195.5,9.0,1.8,0,252.5,302.3,2683,0.97,185,8,1.330,1.329,1.330,1.341,M,R11:p2/p8/p14/p20
18:17:01,35.239208,139.827331,10132,195.5,9.0,1.7,0,252.5,302.4,2704,0.96,186,8,1.330,1.329,1.330,1.333,M,R11:p2/p8/p14/p20
18:17:02,35.237828,139.827025,10177,195.5,9.0,1.5,0,252.5,302.5,2727,0.96,187,8,1.330,1.329,1.330,1.333,M,R11:p2/p8/p14/p20
18:17:03,35.236448,139.826720,10223,195.4,8.9,0.1,0,252.5,302.7,2751,0.96,188,8,1.330,1.329,1.330,1.333,M,R11:p2/p8/p14/p20
18:17:04,35.235066,139.826416,10269,195.4,8.9,-0.1,0,252.5,302.8,2773,0.96,189,8,1.330,1.329,1.330,1.333,M,R11:p2/p8/p14/p20
18:17:05,35.233683,139.826114,10315,195.3,8.9,0.1,0,252.5,303.0,2788,0.97,190,8,1.330,1.329,1.330,1.332,M,R11:p2/p8/p14/p20
18:17:06,35.232300,139.825813,10362,195.3,8.9,0.2,0,252.5,303.1,2798,0.97,191,8,1.330,1.329,1.330,1.332,M,R11:p2/p8/p14/p20
18:17:07,35.230916,139.825512,10409,195.3,8.9,-0.1,0,252.5,303.2,2802,0.97,192,8,1.330,1.329,1.330,1.332,M,R11:p2/p8/p14/p20
18:17:08,35.229531,139.825213,10455,195.2,8.9,-1.7,0,252.5,303.4,2799,0.96,193,9,1.330,1.329,1.330,1.332,M,R11:p2/p8/p14/p20
18:17:09,35.228145,139.824915,10502,195.2,8.9,-1.9,0,252.4,303.5,2760,0.96,194,9,1.330,1.329,1.331,1.332,M,R11:p2/p8/p14/p20
18:17:10,35.226759,139.824618,10547,195.1,8.9,-1.9,0,252.4,303.7,2706,0.96,194,9,1.330,1.329,1.332,1.332,M,R11:p2/p8/p14/p20
18:17:11,35.225365,139.824370,10592,191.9,8.9,-1.9,0,251.0,303.8,2685,0.96,194,9,1.330,1.329,1.332,1.332,M,R11:p2/p8/p14/p20
18:17:12,35.223963,139.824166,10637,191.9,8.9,-1.8,0,252.2,305.4,2659,0.96,195,9,1.330,1.329,1.332,1.332,M,R11:p2/p8/p14/p20
18:17:13,35.222555,139.823962,10681,191.8,8.9,-1.4,0,252.4,305.9,2627,0.96,195,9,1.330,1.329,1.332,1.332,M,R11:p2/p8/p14/p20
18:17:14,35.221146,139.823759,10724,191.8,8.1,-0.8,0,252.4,306.1,2589,0.96,195,9,1.330,1.329,1.332,1.332,M,R11:p2/p8/p14/p20
18:17:15,35.219736,139.823556,10767,191.7,8.0,-1.6,0,252.4,306.4,2545,0.95,195,9,1.330,1.329,1.332,1.332,M,R11:p2/p8/p14/p20
18:17:16,35.218325,139.823355,10809,191.7,8.1,-0.1,0,252.4,306.6,2495,0.92,195,9,1.330,1.329,1.332,1.332,M,R11:p2/p8/p14/p20
18:17:17,35.216912,139.823152,10850,191.7,8.0,0.0,0,252.4,306.8,2439,0.90,196,9,1.330,1.329,1.332,1.332,M,R11:p2/p8/p14/p20
18:17:18,35.215499,139.822949,10890,191.7,7.2,0.0,0,252.4,307.0,2378,0.91,196,9,1.330,1.329,1.332,1.332,M,R11:p2/p8/p14/p20
18:17:19,35.214085,139.822747,10929,191.6,7.1,0.0,0,252.4,307.2,2310,0.91,196,9,1.330,1.329,1.332,1.332,M,R11:p2/p8/p14/p20
18:17:20,35.212669,139.822546,10967,191.6,7.2,0.0,0,252.4,307.4,2236,0.92,196,9,1.330,1.329,1.332,1.332,M,R11:p2/p8/p14/p20
18:17:21,35.211253,139.822343,11004,191.6,7.2,0.1,0,252.4,307.6,2156,0.92,196,9,1.332,1.329,1.332,1.331,M,R11:p2/p8/p14/p20
18:17:22,35.209830,139.822139,11039,191.6,6.5,0.1,0,254.3,310.1,2071,0.92,196,9,1.340,1.329,1.332,1.331,M,R11:p2/p8/p14/p20
18:17:23,35.208402,139.821933,11073,191.6,6.4,0.1,0,254.3,310.3,1979,0.92,197,9,1.342,1.329,1.332,1.331,M,R11:p2/p8/p14/p20
18:17:24,35.206973,139.821726,11105,191.6,6.4,0.1,0,254.3,310.5,1881,0.93,197,9,1.342,1.329,1.332,1.331,M,R11:p2/p8/p14/p20
18:17:25,35.205539,139.821517,11135,191.6,6.5,0.1,0,255.9,312.5,1784,0.94,197,9,1.342,1.329,1.331,1.331,M,R11:p2/p8/p14/p20
18:17:26,35.204099,139.821306,11164,191.6,6.4,0.1,0,256.2,313.0,1693,0.94,197,9,1.342,1.329,1.331,1.331,M,R11:p2/p8/p14/p20
18:17:27,35.202657,139.821095,11192,191.6,5.7,0.1,0,256.2,313.2,1609,0.94,197,9,1.342,1.329,1.331,1.331,M,R11:p2/p8/p14/p20
18:17:28,35.201211,139.820881,11218,191.6,5.5,0.1,0,257.8,315.2,1531,0.95,197,9,1.342,1.329,1.331,1.331,M,R11:p2/p8/p14/p20
18:17:29,35.199759,139.820666,11243,191.6,5.5,0.1,0,258.3,315.9,1460,0.96,197,9,1.342,1.329,1.331,1.331,M,R11:p2/p8/p14/p20
18:17:30,35.198299,139.820448,11267,191.6,5.5,0.0,0,260.1,318.1,1396,0.96,198,9,1.342,1.329,1.331,1.331,M,R11:p2/p8/p14/p20
18:17:31,35.196834,139.820228,11290,191.6,5.6,0.0,0,260.4,318.6,1338,0.95,198,9,1.341,1.329,1.331,1.331,M,R11:p2/p8/p14/p20
18:17:32,35.195362,139.820005,11311,191.6,5.6,0.0,0,262.2,320.8,1287,0.94,198,9,1.341,1.329,1.331,1.331,M,R11:p2/p8/p14/p20
18:17:33,35.193886,139.819781,11333,191.6,5.6,0.0,0,262.3,321.0,1242,0.95,198,9,1.341,1.329,1.331,1.331,M,R11:p2/p8/p14/p20
18:17:34,35.192408,139.819556,11353,191.6,5.6,0.0,0,262.3,321.1,1204,0.95,198,9,1.341,1.329,1.331,1.331,M,R11:p2/p8/p14/p20
18:17:35,35.190925,139.819329,11373,191.6,4.9,0,0,264.2,323.5,1173,0.96,198,9,1.341,1.329,1.331,1.331,M,R11:p2/p8/p14/p20
18:17:36,35.189436,139.819101,11392,191.5,4.7,-0.1,0,264.3,323.7,1148,0.96,198,9,1.341,1.329,1.331,1.331,M,R11:p2/p8/p14/p20
18:17:37,35.187943,139.818874,11411,191.5,4.7,-0.1,0,265.8,325.5,1130,0.96,198,9,1.341,1.329,1.331,1.331,M,R11:p2/p8/p14/p20
18:17:38,35.186444,139.818644,11430,191.5,4.7,-0.1,0,266.2,326.1,1118,0.96,198,9,1.341,1.329,1.331,1.331,M,R11:p2/p8/p14/p20
18:17:39,35.184943,139.818413,11448,191.5,4.6,-0.1,0,266.2,326.2,1113,0.96,198,9,1.341,1.329,1.331,1.331,M,R11:p2/p8/p14/p20
18:17:40,35.183438,139.818180,11467,191.5,4.6,-0.1,0,267.9,328.2,1115,0.96,198,9,1.341,1.329,1.331,1.331,M,R11:p2/p8/p14/p20
18:17:41,35.181927,139.817945,11486,191.5,4.6,-0.1,0,268.4,328.9,1123,0.97,198,9,1.341,1.329,1.331,1.331,M,R11:p2/p8/p14/p20
18:17:42,35.180414,139.817709,11504,191.5,4.6,-0.1,0,268.4,328.9,1139,0.97,199,9,1.341,1.329,1.331,1.331,M,R11:p2/p8/p14/p20
18:17:43,35.178901,139.817473,11524,191.4,4.6,-0.1,0,268.4,329.0,1160,0.97,199,9,1.341,1.329,1.331,1.331,M,R11:p2/p8/p14/p20
18:17:44,35.177384,139.817238,11543,191.4,4.6,-0.1,0,269.6,330.5,1189,0.97,199,9,1.341,1.329,1.331,1.331,M,R11:p2/p8/p14/p20
18:17:45,35.175861,139.817000,11563,191.4,4.7,-0.1,0,270.4,331.5,1220,0.97,199,9,1.341,1.329,1.331,1.331,M,R11:p2/p8/p14/p20
18:17:46,35.174336,139.816762,11584,191.4,4.7,-0.1,0,270.4,331.6,1251,0.97,199,9,1.341,1.329,1.331,1.331,M,R11:p2/p8/p14/p20
18:17:47,35.172807,139.816523,11605,191.3,4.7,-0.1,0,272.0,333.6,1282,0.99,199,9,1.341,1.329,1.331,1.331,M,R11:p2/p8/p14/p20
18:17:48,35.171271,139.816283,11626,191.3,4.7,0.0,0,272.5,334.2,1312,0.99,199,9,1.341,1.329,1.331,1.331,M,R11:p2/p8/p14/p20
18:17:49,35.169729,139.816042,11649,191.2,4.7,1.4,0,273.9,336.0,1342,0.98,199,9,1.339,1.329,1.331,1.331,M,R11:p2/p8/p14/p20
18:17:50,35.168175,139.815847,11671,188.3,4.7,1.5,0,274.3,337.7,1371,0.98,199,9,1.333,1.329,1.330,1.331,M,R11:p2/p8/p14/p20
18:17:51,35.166613,139.815705,11694,188.0,4.7,1.6,0,274.3,337.9,1400,0.96,199,9,1.332,1.329,1.330,1.331,M,R11:p2/p8/p14/p20
18:17:52,35.165046,139.815564,11718,188.0,4.7,1.5,0,276.1,340.1,1429,0.96,199,9,1.332,1.328,1.330,1.331,M,R11:p2/p8/p14/p20
18:17:53,35.163473,139.815421,11742,188.0,4.7,1.2,0,276.1,340.1,1457,0.97,200,9,1.332,1.328,1.330,1.331,M,R11:p2/p8/p14/p20
18:17:54,35.161901,139.815231,11766,191.0,4.7,0.7,0,277.9,341.2,1484,0.97,200,9,1.332,1.328,1.330,1.331,M,R11:p2/p8/p14/p20
18:17:55,35.160333,139.814976,11791,191.6,4.7,1.0,0,278.2,341.4,1512,0.99,200,9,1.332,1.328,1.330,1.331,M,R11:p2/p8/p14/p20
18:17:56,35.158764,139.814712,11817,191.6,4.6,1.3,0,278.2,341.5,1539,0.99,200,9,1.332,1.328,1.330,1.331,M,R11:p2/p8/p14/p20
18:17:57,35.157191,139.814446,11843,191.6,4.6,0.5,0,279.8,343.5,1564,0.99,200,9,1.332,1.328,1.330,1.331,M,R11:p2/p8/p14/p20
18:17:58,35.155613,139.814178,11869,191.6,4.6,1.3,0,280.1,343.9,1589,0.97,200,9,1.332,1.328,1.330,1.331,M,R11:p2/p8/p14/p20
18:17:59,35.154033,139.813909,11896,191.6,4.6,1.5,0,280.1,344.0,1615,0.97,200,9,1.332,1.328,1.330,1.331,M,R11:p2/p8/p14/p20
18:18:00,35.152448,139.813639,11923,191.5,4.7,1.0,0,281.9,346.3,1640,0.98,200,9,1.332,1.322,1.330,1.331,M,R11:p2/p8/p14/p20
18:18:01,35.150856,139.813369,11950,191.5,5.4,-0.3,0,282.3,346.8,1665,0.99,200,9,1.332,1.319,1.329,1.331,M,R11:p2/p8/p14/p20
18:18:02,35.149264,139.813098,11978,191.5,5.5,-0.6,0,282.2,346.8,1689,0.98,201,9,1.332,1.319,1.329,1.331,M,R11:p2/p8/p14/p20
18:18:03,35.147671,139.812826,12007,191.5,5.5,-0.7,0,282.2,346.9,1713,0.99,201,9,1.332,1.319,1.329,1.331,M,R11:p2/p8/p14/p20
18:18:04,35.146077,139.812554,12035,191.4,5.5,-0.6,0,282.2,347.0,1737,0.98,201,9,1.332,1.319,1.325,1.331,M,R11:p2/p8/p14/p20
18:18:05,35.144483,139.812283,12064,191.4,5.5,-0.2,0,282.2,347.2,1760,0.99,201,9,1.332,1.319,1.321,1.331,M,R11:p2/p8/p14/p20
18:18:06,35.142884,139.812011,12094,191.4,5.5,1.1,0,284.0,349.4,1783,0.98,201,9,1.332,1.319,1.321,1.331,M,R11:p2/p8/p14/p20
18:18:07,35.141279,139.811735,12124,191.4,5.5,3.0,0,284.2,349.7,1805,0.98,201,9,1.332,1.319,1.320,1.331,M,R11:p2/p8/p14/p20
18:18:08,35.139672,139.811461,12154,191.3,5.5,4.6,0,284.2,349.9,1827,0.99,201,9,1.332,1.319,1.320,1.331,M,R11:p2/p8/p14/p20
18:18:09,35.138065,139.811187,12185,191.3,5.5,5.9,0,284.2,350.0,1848,0.99,201,9,1.332,1.319,1.320,1.331,M,R11:p2/p8/p14/p20
18:18:10,35.136455,139.810911,12216,191.3,5.5,9.5,0,285.5,351.6,1869,0.98,202,9,1.332,1.319,1.320,1.331,M,R11:p2/p8/p14/p20
18:18:11,35.134837,139.810633,12247,191.3,5.4,11.2,0,286.3,352.7,1890,1.00,202,9,1.332,1.319,1.320,1.331,M,R11:p2/p8/p14/p20
18:18:12,35.133217,139.810354,12279,191.3,5.4,12.3,0,286.3,352.8,1910,0.97,202,9,1.332,1.319,1.320,1.331,M,R11:p2/p8/p14/p20
18:18:13,35.131608,139.810013,12311,195.0,5.4,12.5,0,286.3,351.7,1930,1.00,202,9,1.332,1.319,1.320,1.331,M,R11:p2/p8/p14/p20
18:18:14,35.130013,139.809600,12343,195.4,5.4,11.9,0,286.3,351.6,1950,1.01,202,9,1.326,1.319,1.320,1.331,M,R11:p2/p8/p14/p20
18:18:15,35.128419,139.809182,12376,195.4,5.4,10.9,0,286.3,351.8,1969,1.00,202,9,1.322,1.319,1.320,1.331,M,R11:p2/p8/p14/p20
18:18:16,35.126824,139.808762,12409,195.4,5.4,10.6,0,286.3,351.9,1987,1.00,202,9,1.322,1.319,1.320,1.331,M,R11:p2/p8/p14/p20
18:18:17,35.125229,139.808341,12442,195.4,5.4,8.9,0,286.3,352.0,2005,1.00,203,9,1.322,1.319,1.320,1.331,M,R11:p2/p8/p14/p20
18:18:18,35.123633,139.807921,12476,195.3,5.4,7.7,0,286.3,352.2,2023,1.00,203,9,1.322,1.319,1.320,1.330,M,R11:p2/p8/p14/p20
18:18:19,35.122036,139.807501,12509,195.3,5.4,5.8,0,286.3,352.3,2040,0.97,203,9,1.322,1.319,1.320,1.330,M,R11:p2/p8/p14/p20
18:18:20,35.120439,139.807080,12544,195.3,5.4,5.4,0,286.2,352.4,2057,0.97,203,9,1.322,1.318,1.320,1.330,M,R11:p2/p8/p14/p20
18:18:21,35.118853,139.806613,12578,198.3,5.4,4.3,0,286.2,351.5,2074,0.97,203,9,1.322,1.318,1.320,1.330,M,R11:p2/p8/p14/p20
18:18:22,35.117285,139.806074,12613,199.2,5.4,4.4,0,286.2,351.4,2090,0.97,203,9,1.322,1.318,1.320,1.330,M,R11:p2/p8/p14/p20
18:18:23,35.115715,139.805522,12648,199.1,5.4,4.0,0,287.8,353.4,2106,0.98,203,9,1.315,1.317,1.320,1.330,M,R11:p2/p8/p14/p20
18:18:24,35.114138,139.804968,12683,199.1,5.4,2.6,0,288.4,354.3,2121,0.98,204,9,1.312,1.309,1.320,1.330,M,R11:p2/p8/p14/p20
18:18:25,35.112559,139.804413,12718,199.1,5.4,2.6,0,288.4,354.5,2136,0.98,204,9,1.312,1.308,1.320,1.330,M,R11:p2/p8/p14/p20
18:18:26,35.110979,139.803856,12754,199.1,5.4,2.7,0,288.4,354.6,2150,0.98,204,9,1.312,1.308,1.320,1.330,M,R11:p2/p8/p14/p20
18:18:27,35.109400,139.803298,12790,199.1,5.4,1.8,0,288.3,354.7,2164,0.98,204,9,1.311,1.308,1.320,1.330,M,R11:p2/p8/p14/p20
18:18:28,35.107817,139.802738,12826,199.1,5.4,1.0,0,289.6,356.4,2178,0.97,204,9,1.311,1.308,1.320,1.330,M,R11:p2/p8/p14/p20
18:18:29,35.106228,139.802175,12863,199.0,5.4,1.0,0,290.2,357.3,2191,0.96,204,9,1.311,1.308,1.320,1.324,M,R11:p2/p8/p14/p20
18:18:30,35.104636,139.801613,12899,199.0,5.4,1.1,0,290.2,357.4,2204,0.97,204,9,1.311,1.308,1.320,1.320,M,R11:p2/p8/p14/p20
18:18:31,35.103044,139.801050,12936,199.0,5.4,1.2,0,290.2,357.6,2216,0.97,205,9,1.311,1.308,1.320,1.320,M,R11:p2/p8/p14/p20
18:18:32,35.101452,139.800485,12973,199.0,5.4,1.2,0,290.2,357.7,2229,0.97,205,9,1.311,1.308,1.312,1.320,M,R11:p2/p8/p14/p20
18:18:33,35.099855,139.799919,13010,198.9,5.4,1.1,0,291.5,359.5,2240,0.97,205,9,1.311,1.308,1.308,1.320,M,R11:p2/p8/p14/p20
18:18:34,35.098252,139.799351,13048,198.9,5.4,-0.4,0,292.2,360.5,2252,0.98,205,9,1.311,1.308,1.308,1.320,M,R11:p2/p8/p14/p20
18:18:35,35.096647,139.798781,13085,198.9,5.4,-0.6,0,292.2,360.7,2263,0.98,205,9,1.311,1.308,1.308,1.320,M,R11:p2/p8/p14/p20
18:18:36,35.095041,139.798210,13123,198.9,5.4,-0.6,0,292.2,360.8,2273,0.97,205,9,1.311,1.308,1.308,1.320,M,R11:p2/p8/p14/p20
18:18:37,35.093434,139.797639,13161,198.8,5.4,-0.5,0,292.2,361.0,2284,0.96,205,9,1.311,1.307,1.307,1.320,M,R11:p2/p8/p14/p20
18:18:38,35.091826,139.797069,13199,198.8,5.4,-0.4,0,292.2,361.2,2293,0.96,206,9,1.311,1.307,1.307,1.320,M,R11:p2/p8/p14/p20
18:18:39,35.090218,139.796497,13238,198.8,5.4,1.0,0,292.2,361.3,2303,0.97,206,9,1.311,1.307,1.307,1.320,M,R11:p2/p8/p14/p20
18:18:40,35.088610,139.795924,13276,198.8,5.4,2.8,0,292.1,361.4,2312,0.98,206,9,1.311,1.307,1.307,1.320,M,R11:p2/p8/p14/p20
18:18:41,35.087001,139.795350,13315,198.8,5.4,4.4,0,292.1,361.6,2321,0.97,206,9,1.311,1.307,1.307,1.320,M,R11:p2/p8/p14/p20
18:18:42,35.085392,139.794776,13353,198.7,5.4,5.6,0,292.1,361.8,2329,0.97,206,9,1.311,1.307,1.307,1.320,M,R11:p2/p8/p14/p20
18:18:43,35.083781,139.794203,13392,198.7,5.4,8.6,0,292.1,361.9,2337,0.96,206,9,1.311,1.307,1.307,1.320,M,R11:p2/p8/p14/p20
18:18:44,35.082170,139.793628,13431,198.7,5.4,10.6,0,292.1,362.1,2345,0.97,206,9,1.311,1.307,1.307,1.320,M,R11:p2/p8/p14/p20
18:18:45,35.080559,139.793052,13471,198.7,5.4,11.0,0,292.1,362.3,2352,0.99,207,9,1.311,1.307,1.307,1.320,M,R11:p2/p8/p14/p20
18:18:46,35.078960,139.792428,13510,201.7,5.4,11.2,0,292.1,361.7,2359,1.00,207,9,1.311,1.308,1.315,1.320,M,R11:p2/p8/p14/p20
18:18:47,35.077384,139.791731,13549,202.6,5.4,11.0,0,292.1,361.6,2365,1.00,207,9,1.317,1.316,1.319,1.319,M,R11:p2/p8/p14/p20
18:18:48,35.075811,139.791022,13589,202.6,5.4,9.6,0,292.1,361.8,2371,1.00,207,9,1.321,1.317,1.319,1.319,M,R11:p2/p8/p14/p20
18:18:49,35.074234,139.790309,13628,202.6,5.4,9.3,0,293.7,363.9,2377,0.98,207,9,1.321,1.317,1.319,1.319,M,R11:p2/p8/p14/p20
18:18:50,35.072650,139.789593,13668,202.5,5.4,8.2,0,294.2,364.7,2382,1.00,207,9,1.321,1.317,1.319,1.319,M,R11:p2/p8/p14/p20
18:18:51,35.071063,139.788877,13708,202.5,5.4,6.5,0,294.2,364.9,2387,1.00,207,9,1.321,1.317,1.319,1.326,M,R11:p2/p8/p14/p20
18:18:52,35.069491,139.788119,13747,205.2,5.4,6.1,0,294.2,364.5,2392,0.97,208,9,1.321,1.317,1.319,1.329,M,R11:p2/p8/p14/p20
18:18:53,35.067943,139.787294,13787,206.1,5.4,6.1,0,294.2,364.4,2396,0.96,208,9,1.321,1.317,1.319,1.329,M,R11:p2/p8/p14/p20
18:18:54,35.066399,139.786456,13827,206.1,5.4,7.1,0,294.2,364.6,2400,0.97,208,9,1.321,1.317,1.327,1.329,M,R11:p2/p8/p14/p20
18:18:55,35.064854,139.785617,13867,206.1,5.4,8.8,0,294.2,364.8,2403,0.97,208,9,1.327,1.317,1.330,1.329,M,R11:p2/p8/p14/p20
18:18:56,35.063309,139.784778,13907,206.0,5.4,9.3,0,294.1,364.9,2406,0.98,208,9,1.329,1.327,1.330,1.329,M,R11:p2/p8/p14/p20
18:18:57,35.061763,139.783939,13947,206.0,5.4,10.7,0,294.1,365.2,2409,0.99,208,9,1.331,1.328,1.330,1.329,M,R11:p2/p8/p14/p20
18:18:58,35.060212,139.783096,13988,206.0,5.4,10.9,0,295.9,367.5,2411,1.00,208,9,1.331,1.328,1.330,1.329,M,R11:p2/p8/p14/p20
18:18:59,35.058655,139.782247,14028,206.0,5.5,12.3,0,296.2,368.1,2413,0.99,209,9,1.330,1.328,1.329,1.329,M,R11:p2/p8/p14/p20
18:19:00,35.057116,139.781350,14068,209.0,5.5,13.8,0,296.2,367.7,2414,0.99,209,9,1.330,1.328,1.329,1.329,M,R11:p2/p8/p14/p20
18:19:01,35.055605,139.780402,14108,209.2,6.1,15.5,0,294.5,365.8,2415,1.00,209,9,1.330,1.328,1.329,1.329,M,R11:p2/p8/p14/p20
18:19:02,35.054103,139.779443,14149,209.8,6.3,17.0,0,294.3,365.6,2416,0.99,209,9,1.330,1.328,1.329,1.329,M,R11:p2/p8/p14/p20
18:19:03,35.052607,139.778470,14189,210.0,6.4,18.6,0,294.3,365.8,2416,1.00,209,9,1.337,1.328,1.329,1.329,M,R11:p2/p8/p14/p20
18:19:04,35.051132,139.777453,14229,212.6,6.4,20.2,0,294.3,365.5,2416,1.01,209,9,1.342,1.328,1.329,1.336,M,R11:p2/p8/p14/p20
18:19:05,35.049677,139.776381,14269,213.1,6.4,20.6,0,296.2,368.0,2416,1.01,209,9,1.341,1.328,1.329,1.340,M,R11:p2/p8/p14/p20
18:19:06,35.048221,139.775296,14310,213.2,6.4,20.6,0,296.2,368.2,2415,1.03,210,9,1.341,1.328,1.329,1.340,M,R11:p2/p8/p14/p20
18:19:07,35.046795,139.774157,14350,216.6,6.5,20.6,0,296.2,367.8,2413,1.02,210,9,1.341,1.328,1.329,1.340,M,R11:p2/p8/p14/p20
18:19:08,35.045397,139.772966,14390,216.6,6.5,20.6,0,296.2,368.0,2412,1.05,210,9,1.341,1.327,1.329,1.340,M,R11:p2/p8/p14/p20
18:19:09,35.044000,139.771773,14430,216.6,6.5,20.6,0,296.0,368.0,2411,1.05,210,9,1.341,1.327,1.329,1.340,M,R11:p2/p8/p14/p20
18:19:10,35.042606,139.770582,14470,216.6,6.5,20.7,0,294.7,366.7,2409,1.04,210,9,1.341,1.327,1.329,1.340,M,R11:p2/p8/p14/p20
18:19:11,35.041238,139.769346,14511,219.7,6.5,20.7,0,296.2,368.3,2408,1.03,210,9,1.341,1.327,1.329,1.340,M,R11:p2/p8/p14/p20
18:19:12,35.039901,139.768051,14551,220.1,6.5,20.7,0,296.2,368.5,2407,1.02,210,9,1.341,1.327,1.330,1.340,M,R11:p2/p8/p14/p20
18:19:13,35.038567,139.766751,14591,220.1,6.5,20.7,0,296.2,368.7,2406,1.00,211,9,1.341,1.327,1.330,1.340,M,R11:p2/p8/p14/p20
18:19:14,35.037265,139.765404,14631,223.5,6.5,20.8,0,296.2,368.5,2404,1.02,211,9,1.341,1.327,1.330,1.340,M,R11:p2/p8/p14/p20
18:19:15,35.036002,139.764003,14671,223.8,6.5,20.8,0,296.1,368.6,2403,1.02,211,9,1.341,1.327,1.330,1.340,M,R11:p2/p8/p14/p20
18:19:16,35.034742,139.762598,14711,223.8,6.5,20.8,0,296.1,368.8,2402,1.03,211,10,1.341,1.327,1.330,1.340,M,R11:p2/p8/p14/p20
18:19:17,35.033481,139.761190,14751,223.8,6.4,20.8,0,296.1,369.1,2401,1.03,211,10,1.341,1.327,1.330,1.339,M,R11:p2/p8/p14/p20
18:19:18,35.032248,139.759747,14791,226.6,6.4,20.8,0,296.1,369.0,2400,1.03,211,10,1.341,1.327,1.329,1.339,M,R11:p2/p8/p14/p20
18:19:19,35.031057,139.758252,14831,227.4,6.4,20.8,0,296.1,369.2,2400,1.02,211,10,1.341,1.327,1.329,1.339,M,R11:p2/p8/p14/p20
18:19:20,35.029873,139.756746,14871,227.4,6.4,20.8,0,296.1,369.5,2399,1.02,211,10,1.341,1.327,1.329,1.339,M,R11:p2/p8/p14/p20
18:19:21,35.028718,139.755207,14911,230.3,6.4,20.8,0,296.1,369.4,2370,1.02,212,10,1.341,1.327,1.329,1.339,M,R11:p2/p8/p14/p20
18:19:22,35.027612,139.753615,14950,231.2,6.3,20.8,0,296.1,369.6,2358,1.02,212,10,1.341,1.327,1.329,1.339,M,R11:p2/p8/p14/p20
18:19:23,35.026516,139.752017,14990,231.2,6.3,20.8,0,294.7,368.2,2358,1.03,212,10,1.341,1.327,1.329,1.339,M,R11:p2/p8/p14/p20
18:19:24,35.025423,139.750422,15029,231.2,5.9,20.7,0,294.1,367.8,2357,1.02,212,10,1.341,1.327,1.329,1.339,M,R11:p2/p8/p14/p20
18:19:25,35.024362,139.748799,15068,234.0,6.0,20.7,0,294.1,367.8,2357,1.01,212,10,1.341,1.327,1.329,1.339,M,R11:p2/p8/p14/p20
18:19:26,35.023351,139.747127,15107,235.0,6.4,20.6,0,294.1,368.0,2356,1.01,212,10,1.341,1.327,1.329,1.339,M,R11:p2/p8/p14/p20
18:19:27,35.022350,139.745444,15147,235.0,6.4,20.6,0,294.1,368.4,2356,1.02,212,10,1.341,1.327,1.329,1.339,M,R11:p2/p8/p14/p20
18:19:28,35.021388,139.743728,15186,238.2,6.4,19.1,0,294.1,368.4,2355,1.03,213,10,1.340,1.327,1.329,1.339,M,R11:p2/p8/p14/p20
18:19:29,35.020468,139.741977,15225,238.3,5.9,17.8,0,294.0,368.6,2346,1.02,213,10,1.340,1.327,1.329,1.339,M,R11:p2/p8/p14/p20
18:19:30,35.019549,139.740223,15264,238.3,5.6,16.3,0,294.0,368.9,2344,,213,10,1.340,1.327,1.329,1.339,M,R11:p2/p8/p14/p20
18:19:31,35.018629,139.738467,15303,238.2,5.6,14.9,0,294.0,369.3,2344,1.02,213,10,1.340,1.327,1.334,1.339,M,R11:p2/p8/p14/p20
18:19:32,35.017742,139.736686,15342,241.1,5.6,13.0,0,294.0,369.4,2344,1.02,213,10,1.340,1.327,1.340,1.339,M,R11:p2/p8/p14/p20
18:19:33,35.016910,139.734864,15381,242.0,5.6,11.3,0,294.0,369.6,2344,0.99,213,10,1.340,1.327,1.340,1.339,M,R11:p2/p8/p14/p20
18:19:34,35.016087,139.733035,15420,242.0,5.6,9.7,0,294.0,370.0,2344,1.00,213,10,1.340,1.327,1.340,1.339,M,R11:p2/p8/p14/p20
18:19:35,35.015264,139.731203,15460,242.0,5.6,8.1,0,294.0,370.3,2344,0.99,213,10,1.340,1.327,1.340,1.338,M,R11:p2/p8/p14/p20
18:19:36,35.014440,139.729369,15499,242.0,5.6,6.4,0,294.0,370.7,2344,0.97,214,10,1.340,1.327,1.340,1.338,M,R11:p2/p8/p14/p20
18:19:37,35.013617,139.727533,15538,242.0,5.6,4.9,0,293.9,370.9,2344,0.97,214,10,1.340,1.327,1.340,1.338,M,R11:p2/p8/p14/p20
18:19:38,35.012794,139.725695,15577,242.0,5.6,4.4,0,293.9,371.2,2344,0.96,214,10,1.340,1.327,1.340,1.338,M,R11:p2/p8/p14/p20
18:19:39,35.011970,139.723856,15616,241.9,5.6,3.2,0,293.9,371.6,2344,0.96,214,10,1.342,1.327,1.340,1.338,M,R11:p2/p8/p14/p20
18:19:40,35.011144,139.722015,15655,241.9,5.6,2.8,0,293.9,371.9,2345,0.96,214,10,1.342,1.333,1.340,1.338,M,R11:p2/p8/p14/p20
18:19:41,35.010318,139.720173,15694,241.9,5.6,2.7,0,293.9,372.3,2345,0.96,214,10,1.342,1.338,1.340,1.338,M,R11:p2/p8/p14/p20
18:19:42,35.009492,139.718328,15733,241.9,5.6,2.7,0,293.9,372.6,2345,0.96,214,10,1.342,1.338,1.340,1.338,M,R11:p2/p8/p14/p20
18:19:43,35.008665,139.716482,15772,241.8,5.6,2.8,0,293.9,373.0,2346,0.98,215,10,1.342,1.338,1.340,1.338,M,R11:p2/p8/p14/p20
18:19:44,35.007836,139.714635,15811,241.8,5.6,2.8,0,293.9,373.3,2346,0.98,215,10,1.342,1.338,1.340,1.338,M,R11:p2/p8/p14/p20
18:19:45,35.007007,139.712785,15850,241.8,5.6,2.9,0,293.9,373.7,2347,0.98,215,10,1.342,1.338,1.340,1.343,M,R11:p2/p8/p14/p20
18:19:46,35.006178,139.710934,15889,241.8,5.6,2.8,0,293.9,374.0,2347,0.97,215,10,1.342,1.338,1.340,1.350,M,R11:p2/p8/p14/p20
18:19:47,35.005348,139.709081,15929,241.7,5.6,2.7,0,293.9,374.3,2348,0.96,215,10,1.342,1.338,1.340,1.350,M,R11:p2/p8/p14/p20
18:19:48,35.004516,139.707227,15968,241.7,5.6,2.8,0,293.9,374.7,2349,0.97,215,10,1.342,1.338,1.340,1.350,M,R11:p2/p8/p14/p20
18:19:49,35.003684,139.705371,16007,241.7,5.6,1.6,0,293.9,375.0,2349,0.97,215,10,1.342,1.338,1.339,1.350,M,R11:p2/p8/p14/p20
18:19:50,35.002850,139.703508,16046,241.7,5.6,1.2,0,295.7,377.6,2350,0.98,215,10,1.346,1.338,1.339,1.350,M,R11:p2/p8/p14/p20
18:19:51,35.002015,139.701641,16085,241.7,5.6,1.3,0,294.2,376.1,2351,0.97,216,10,1.346,1.338,1.339,1.349,M,R11:p2/p8/p14/p20
18:19:52,35.001181,139.699778,16124,241.6,5.6,1.4,0,294.0,376.1,2352,0.98,216,10,1.342,1.338,1.339,1.349,M,R11:p2/p8/p14/p20
18:19:53,35.000346,139.697915,16164,241.6,5.6,1.3,0,294.0,376.5,2353,0.97,216,10,1.346,1.338,1.339,1.349,M,R11:p2/p8/p14/p20
18:19:54,34.999511,139.696050,16203,241.6,5.6,0.6,0,293.9,376.7,2354,0.96,216,10,1.351,1.338,1.339,1.349,M,R11:p2/p8/p14/p20
18:19:55,34.998678,139.694182,16242,241.9,5.5,-0.1,0,293.9,377.0,2355,0.95,216,10,1.351,1.338,1.339,1.349,M,R11:p2/p8/p14/p20
18:19:56,34.997893,139.692282,16281,245.2,5.5,-0.3,0,293.9,377.3,2356,0.96,216,10,1.351,1.338,1.339,1.349,M,R11:p2/p8/p14/p20
18:19:57,34.997156,139.690344,16321,245.5,5.5,-0.3,0,295.9,380.1,2357,0.97,216,10,1.351,1.338,1.339,1.349,M,R11:p2/p8/p14/p20
18:19:58,34.996419,139.688395,16360,245.5,5.5,-0.4,0,296.1,380.7,2358,0.97,216,10,1.351,1.338,1.339,1.349,M,R11:p2/p8/p14/p20
18:19:59,34.995682,139.686444,16399,245.5,5.5,-0.4,0,296.1,381.0,2360,0.98,217,10,1.351,1.338,1.339,1.349,M,R11:p2/p8/p14/p20
18:20:00,34.994945,139.684490,16439,245.5,5.5,-0.5,0,296.0,381.3,2361,0.98,217,10,1.351,1.338,1.339,1.349,M,R11:p2/p8/p14/p20
18:20:01,34.994175,139.682555,16478,242.9,5.5,-0.5,0,296.0,381.6,2362,0.97,217,10,1.351,1.343,1.339,1.349,M,R11:p2/p8/p14/p20
18:20:02,34.993355,139.680647,16517,242.2,5.5,-0.5,0,296.0,381.9,2364,0.97,217,10,1.358,1.348,1.339,1.349,M,R11:p2/p8/p14/p20
18:20:03,34.992525,139.678743,16557,242.1,5.5,-0.6,0,296.0,382.3,2365,0.96,217,10,1.362,1.348,1.339,1.349,M,R11:p2/p8/p14/p20
18:20:04,34.991695,139.676838,16596,242.1,5.5,-0.6,0,296.0,382.6,2367,0.96,217,10,1.362,1.348,1.342,1.349,M,R11:p2/p8/p14/p20
18:20:05,34.990864,139.674931,16636,242.1,5.5,-0.5,0,296.0,382.9,2368,0.97,217,10,1.362,1.348,1.350,1.349,M,R11:p2/p8/p14/p20
18:20:06,34.990031,139.673018,16675,242.1,5.5,-0.5,0,297.6,385.2,2370,0.97,217,10,1.362,1.348,1.350,1.349,M,R11:p2/p8/p14/p20
18:20:07,34.989194,139.671092,16715,242.1,5.5,-0.5,0,299.0,387.3,2372,0.98,217,10,1.362,1.348,1.350,1.351,M,R11:p2/p8/p14/p20
18:20:08,34.988354,139.669162,16754,242.0,5.5,-0.4,0,298.4,386.9,2373,0.98,218,10,1.362,1.348,1.350,1.358,M,R11:p2/p8/p14/p20
18:20:09,34.987514,139.667235,16794,242.0,5.5,-0.3,0,298.2,387.0,2375,0.97,218,10,1.362,1.356,1.350,1.360,M,R11:p2/p8/p14/p20
18:20:10,34.986673,139.665304,16833,242.0,5.5,0.6,0,298.9,388.2,2377,0.97,218,10,1.363,1.362,1.350,1.360,M,R11:p2/p8/p14/p20
18:20:11,34.985832,139.663370,16873,242.0,5.5,1.5,0,298.3,387.7,2379,0.97,218,10,1.371,1.362,1.350,1.360,M,R11:p2/p8/p14/p20
18:20:12,34.984992,139.661437,16913,242.0,5.5,1.6,0,298.1,387.8,2381,0.97,218,10,1.371,1.361,1.350,1.360,M,R11:p2/p8/p14/p20
18:20:13,34.984161,139.659498,16952,242.6,5.5,1.5,0,298.0,388.0,2383,0.98,218,10,1.371,1.361,1.350,1.360,M,R11:p2/p8/p14/p20
18:20:14,34.983338,139.657551,16992,242.6,5.5,1.0,0,298.0,388.4,2385,1.00,218,10,1.371,1.361,1.350,1.360,M,R11:p2/p8/p14/p20
18:20:15,34.982515,139.655603,17032,242.6,5.5,0.9,0,298.0,388.7,2387,0.97,218,10,1.370,1.361,1.350,1.360,M,R11:p2/p8/p14/p20
18:20:16,34.981690,139.653654,17072,242.5,5.5,0.6,0,298.0,389.0,2389,0.97,219,10,1.362,1.361,1.350,1.360,M,R11:p2/p8/p14/p20
18:20:17,34.980863,139.651701,17111,242.5,5.5,-0.2,0,298.7,390.2,2391,0.98,219,10,1.362,1.359,1.350,1.359,M,R11:p2/p8/p14/p20
18:20:18,34.980035,139.649744,17151,242.5,5.5,-0.4,0,298.7,390.5,2393,0.98,219,10,1.362,1.349,1.350,1.359,M,R11:p2/p8/p14/p20
18:20:19,34.979207,139.647787,17191,242.5,5.5,-0.4,0,298.2,390.2,2396,0.97,219,10,1.362,1.349,1.350,1.359,M,R11:p2/p8/p14/p20
18:20:20,34.978379,139.645828,17231,242.5,5.5,-0.4,0,298.8,391.3,2398,0.97,219,10,1.362,1.348,1.350,1.359,M,R11:p2/p8/p14/p20
18:20:21,34.977551,139.643865,17271,242.5,5.5,-0.4,0,298.5,391.2,2400,0.97,219,10,1.362,1.348,1.350,1.359,M,R11:p2/p8/p14/p20
18:20:22,34.976724,139.641902,17311,242.5,5.5,-0.3,0,298.3,391.3,2403,0.97,219,10,1.362,1.348,1.350,1.359,M,R11:p2/p8/p14/p20
18:20:23,34.975896,139.639938,17351,242.5,5.5,-0.2,0,298.3,391.6,2405,0.98,219,10,1.361,1.348,1.350,1.359,M,R11:p2/p8/p14/p20
18:20:24,34.975067,139.637974,17391,242.4,5.5,0.2,0,298.2,391.8,2408,0.98,219,10,1.361,1.348,1.350,1.359,M,R11:p2/p8/p14/p20
18:20:25,34.974237,139.636008,17431,242.4,5.5,1.0,0,298.2,392.1,2411,0.98,220,10,1.361,1.348,1.350,1.359,M,R11:p2/p8/p14/p20
18:20:26,34.973407,139.634041,17472,242.4,5.5,1.5,0,298.2,392.4,2413,0.97,220,10,1.361,1.348,1.350,1.359,M,R11:p2/p8/p14/p20
18:20:27,34.972575,139.632069,17512,242.4,5.5,1.1,0,299.0,393.7,2416,0.96,220,10,1.361,1.348,1.349,1.359,M,R11:p2/p8/p14/p20
18:20:28,34.971743,139.630094,17552,242.4,5.5,0.8,0,298.4,393.3,2419,0.97,220,10,1.361,1.348,1.349,1.359,M,R11:p2/p8/p14/p20
18:20:29,34.970913,139.628127,17593,242.3,5.5,1.5,0,296.6,391.3,2422,0.97,220,10,1.361,1.348,1.349,1.356,M,R11:p2/p8/p14/p20
18:20:30,34.970081,139.626158,17633,242.3,5.5,1.5,0,298.5,394.0,2424,0.99,220,10,1.361,1.348,1.349,1.350,M,R11:p2/p8/p14/p20
18:20:31,34.969247,139.624181,17673,242.3,5.5,1.5,0,298.5,394.4,2427,0.97,220,10,1.361,1.348,1.349,1.350,M,R11:p2/p8/p14/p20
18:20:32,34.968412,139.622202,17714,242.3,5.5,1.5,0,298.3,394.4,2430,0.97,220,10,1.361,1.348,1.349,1.350,M,R11:p2/p8/p14/p20
18:20:33,34.967577,139.620224,17754,242.2,5.5,1.5,0,298.2,394.6,2432,0.97,220,10,1.361,1.348,1.349,1.350,M,R11:p2/p8/p14/p20
18:20:34,34.966740,139.618245,17795,242.2,5.5,1.4,0,298.2,394.9,2434,0.97,220,10,1.361,1.348,1.349,1.350,M,R11:p2/p8/p14/p20
18:20:35,34.965903,139.616265,17836,242.2,5.5,1.4,0,298.2,395.2,2436,0.96,221,10,1.361,1.348,1.349,1.350,M,R11:p2/p8/p14/p20
18:20:36,34.965066,139.614282,17876,242.2,5.6,1.3,0,298.2,395.5,2438,0.97,221,10,1.361,1.348,1.349,1.350,M,R11:p2/p8/p14/p20
18:20:37,34.964227,139.612297,17917,242.1,5.7,1.3,0,298.7,396.5,2440,0.97,221,10,1.361,1.348,1.349,1.350,M,R11:p2/p8/p14/p20
18:20:38,34.963386,139.610308,17957,242.1,5.8,1.3,0,298.9,397.0,2441,0.97,221,10,1.361,1.348,1.349,1.350,M,R11:p2/p8/p14/p20
18:20:39,34.962544,139.608318,17998,242.1,5.8,1.3,0,298.8,397.2,2442,0.97,221,10,1.361,1.358,1.349,1.350,M,R11:p2/p8/p14/p20
18:20:40,34.961702,139.606326,18039,242.1,5.8,1.3,0,298.8,397.5,2443,0.96,221,10,1.361,1.362,1.349,1.350,M,R11:p2/p8/p14/p20
18:20:41,34.960858,139.604334,18080,242.0,5.7,1.4,0,298.5,397.4,2444,0.97,221,10,1.361,1.362,1.349,1.350,M,R11:p2/p8/p14/p20
18:20:42,34.960015,139.602342,18120,242.0,5.7,1.8,0,298.3,397.5,2444,0.98,221,10,1.361,1.362,1.348,1.350,M,R11:p2/p8/p14/p20
18:20:43,34.959171,139.600350,18161,242.0,5.7,2.9,0,298.3,397.8,2444,0.98,221,10,1.361,1.362,1.348,1.350,M,R11:p2/p8/p14/p20
18:20:44,34.958325,139.598351,18202,242.0,5.7,1.5,0,299.7,399.8,2444,0.97,222,10,1.363,1.362,1.348,1.350,M,R11:p2/p8/p14/p20
18:20:45,34.957475,139.596345,18243,241.9,5.7,1.0,0,300.2,400.8,2444,0.98,222,10,1.370,1.362,1.348,1.350,M,R11:p2/p8/p14/p20
18:20:46,34.956623,139.594337,18283,241.9,5.7,1.4,0,300.2,401.1,2444,0.98,222,10,1.370,1.362,1.348,1.353,M,R11:p2/p8/p14/p20
18:20:47,34.955771,139.592329,18324,241.9,5.7,1.2,0,299.4,400.4,2443,0.96,222,10,1.371,1.362,1.348,1.359,M,R11:p2/p8/p14/p20
18:20:48,34.954922,139.590326,18365,241.9,5.7,0.9,0,298.5,399.5,2443,0.98,222,10,1.371,1.362,1.348,1.360,M,R11:p2/p8/p14/p20
18:20:49,34.954075,139.588323,18405,241.9,5.8,1.6,0,298.4,399.7,2442,0.98,222,10,1.371,1.362,1.348,1.360,M,R11:p2/p8/p14/p20
18:20:50,34.953225,139.586319,18446,241.8,5.9,1.7,0,299.0,400.7,2440,0.98,222,10,1.371,1.361,1.348,1.360,M,R11:p2/p8/p14/p20
18:20:51,34.952373,139.584312,18487,241.8,5.7,1.8,0,298.6,400.5,2439,0.97,222,10,1.371,1.361,1.348,1.360,M,R11:p2/p8/p14/p20
18:20:52,34.951522,139.582307,18527,241.8,5.7,1.7,0,298.1,400.2,2433,0.97,222,10,1.371,1.361,1.348,1.360,M,R11:p2/p8/p14/p20
18:20:53,34.950672,139.580301,18568,241.8,5.7,1.6,0,298.1,400.5,2431,0.98,222,10,1.371,1.367,1.348,1.360,M,R11:p2/p8/p14/p20
18:20:54,34.949821,139.578294,18608,241.8,5.7,1.0,0,298.1,400.8,2429,0.98,222,10,1.371,1.372,1.348,1.360,M,R11:p2/p8/p14/p20
18:20:55,34.948971,139.576285,18649,241.8,5.7,1.1,0,298.1,401.1,2427,0.97,223,10,1.371,1.372,1.353,1.363,M,R11:p2/p8/p14/p20
18:20:56,34.948120,139.574274,18689,241.8,5.7,1.4,0,298.1,401.4,2424,0.96,223,10,1.371,1.372,1.360,1.371,M,R11:p2/p8/p14/p20
18:20:57,34.947272,139.572267,18730,241.8,5.7,1.5,0,296.3,399.4,2421,0.96,223,10,1.371,1.372,1.360,1.371,M,R11:p2/p8/p14/p20
18:20:58,34.946426,139.570265,18770,241.8,5.7,1.5,0,296.1,399.4,2418,0.96,223,10,1.376,1.372,1.360,1.371,M,R11:p2/p8/p14/p20
18:20:59,34.945581,139.568262,18810,241.8,5.7,1.4,0,296.0,399.6,2415,0.95,223,10,1.380,1.372,1.360,1.371,M,R11:p2/p8/p14/p20
18:21:00,34.944742,139.566260,18850,242.2,5.7,0.3,0,294.5,398.0,2412,0.96,223,10,1.380,1.372,1.360,1.371,M,R11:p2/p8/p14/p20
18:21:01,34.943956,139.564224,18891,245.3,5.7,0.1,0,295.8,400.3,2408,0.97,223,10,1.380,1.372,1.360,1.371,M,R11:p2/p8/p14/p20
18:21:02,34.943172,139.562185,18931,242.5,5.8,0.0,0,294.3,398.3,2405,0.97,223,10,1.380,1.372,1.359,1.371,M,R11:p2/p8/p14/p20
18:21:03,34.942351,139.560175,18971,242.5,5.8,0,0,294.1,398.4,2401,0.96,223,10,1.380,1.372,1.359,1.371,M,R11:p2/p8/p14/p20
18:21:04,34.941526,139.558158,19011,242.4,5.8,-0.1,0,295.8,400.8,2396,0.96,223,10,1.380,1.372,1.359,1.371,M,R11:p2/p8/p14/p20
18:21:05,34.940699,139.556140,19051,242.4,5.8,-0.1,0,294.5,399.4,2392,0.95,223,10,1.380,1.372,1.359,1.371,M,R11:p2/p8/p14/p20
18:21:06,34.939873,139.554122,19091,242.4,5.8,-0.1,0,295.4,400.9,2387,0.97,223,10,1.380,1.378,1.359,1.371,M,R11:p2/p8/p14/p20
18:21:07,34.939043,139.552098,19130,242.3,5.7,-0.2,0,295.8,401.6,2383,0.98,224,10,1.380,1.384,1.359,1.371,M,R11:p2/p8/p14/p20
18:21:08,34.938213,139.550072,19170,242.4,5.7,-0.2,0,295.4,401.4,2377,0.97,224,10,1.381,1.384,1.359,1.370,M,R11:p3/p8/p14/p20
18:21:09,34.937387,139.548049,19210,242.4,5.5,-0.2,0,294.3,400.3,2372,0.97,224,10,1.381,1.384,1.359,1.370,M,R11:p3/p8/p14/p20
18:21:10,34.936562,139.546029,19249,242.4,5.0,-0.2,0,294.1,400.3,2367,0.98,224,10,1.381,1.383,1.359,1.370,M,R11:p3/p8/p14/p20
18:21:11,34.935737,139.544007,19288,242.4,5.0,-0.2,0,294.1,400.6,2361,0.97,224,10,1.381,1.383,1.359,1.370,M,R11:p3/p8/p14/p20
18:21:12,34.934913,139.541984,19328,242.4,5.0,-0.2,0,294.1,400.8,2353,0.96,224,10,1.381,1.383,1.359,1.370,M,R11:p3/p8/p14/p20
18:21:13,34.934087,139.539957,19367,242.4,5.0,-0.2,0,295.0,402.3,2346,0.96,224,10,1.381,1.383,1.359,1.370,M,R11:p3/p8/p14/p20
18:21:14,34.933258,139.537923,19406,242.4,5.0,-0.2,0,295.4,403.1,2340,0.96,224,10,1.381,1.383,1.359,1.370,M,R11:p3/p8/p14/p20
18:21:15,34.932431,139.535890,19444,242.4,4.9,-0.2,0,294.3,402.0,2284,0.96,224,10,1.381,1.383,1.359,1.370,M,R11:p3/p8/p14/p20
18:21:16,34.931602,139.533853,19482,242.4,4.9,-0.2,0,296.3,404.8,2277,0.96,224,10,1.381,1.383,1.359,1.370,M,R11:p3/p8/p14/p20
18:21:17,34.930770,139.531807,19520,242.4,4.9,-0.2,0,296.3,405.1,2271,0.96,224,10,1.381,1.383,1.359,1.370,M,R11:p3/p8/p14/p20
18:21:18,34.929938,139.529760,19558,242.4,4.9,-0.1,0,296.3,405.4,2264,0.96,224,10,1.381,1.383,1.358,1.370,M,R11:p3/p8/p14/p20
18:21:19,34.929106,139.527710,19596,242.4,4.9,-0.1,0,296.3,405.7,2258,0.99,224,10,1.381,1.383,1.358,1.370,M,R11:p3/p8/p14/p20
18:21:20,34.928274,139.525659,19633,242.4,4.9,-0.1,0,296.3,406.0,2251,0.98,224,10,1.381,1.383,1.358,1.370,M,R11:p3/p8/p14/p20
18:21:21,34.927442,139.523606,19671,242.4,4.9,0.0,0,296.3,406.3,2244,0.99,224,10,1.381,1.383,1.358,1.370,M,R11:p3/p8/p14/p20
18:21:22,34.926609,139.521552,19708,242.4,4.9,0.1,0,296.3,406.6,2237,0.98,224,10,1.381,1.383,1.358,1.370,M,R11:p3/p8/p14/p20
18:21:23,34.925777,139.519496,19745,242.4,4.9,1.5,0,296.3,406.9,2230,0.96,224,10,1.381,1.383,1.358,1.370,M,R11:p3/p8/p14/p20
18:21:24,34.924944,139.517438,19783,242.4,4.9,0.5,0,296.3,407.2,2223,0.96,224,10,1.381,1.383,1.358,1.370,M,R11:p3/p8/p14/p20
18:21:25,34.924111,139.515378,19820,242.4,4.9,1.4,0,296.3,407.5,2216,0.97,224,10,1.381,1.383,1.358,1.370,M,R11:p3/p8/p14/p20
18:21:26,34.923278,139.513316,19856,242.4,4.9,1.7,0,296.3,407.8,2208,0.96,224,10,1.381,1.383,1.358,1.370,M,R11:p3/p8/p14/p20
18:21:27,34.922445,139.511253,19893,242.4,4.9,0.9,0,296.3,408.1,2201,0.96,224,10,1.381,1.383,1.358,1.370,M,R11:p3/p8/p14/p20
18:21:28,34.921611,139.509188,19930,242.4,4.9,0.1,0,296.3,408.4,2194,0.97,223,10,1.381,1.383,1.358,1.377,M,R11:p3/p8/p14/p20
18:21:29,34.920778,139.507122,19966,242.4,4.9,0.3,0,296.3,408.6,2186,0.99,223,10,1.381,1.383,1.358,1.382,M,R11:p3/p8/p14/p20
18:21:30,34.919944,139.505054,20003,242.4,4.9,1.5,0,296.3,408.9,2178,0.99,223,10,1.381,1.383,1.358,1.382,M,R11:p3/p8/p14/p20
18:21:31,34.919110,139.502984,20039,242.4,4.9,0.2,0,296.3,409.2,2170,0.96,223,10,1.381,1.383,1.358,1.382,M,R11:p3/p8/p14/p20
18:21:32,34.918276,139.500913,20075,242.4,4.9,0.1,0,296.3,409.5,2162,0.96,223,10,1.388,1.383,1.358,1.382,M,R11:p3/p8/p14/p20
18:21:33,34.917442,139.498841,20111,242.4,4.9,0.0,0,295.9,409.2,2154,0.99,223,10,1.389,1.383,1.358,1.382,M,R11:p3/p8/p14/p20
18:21:34,34.916611,139.496773,20147,242.4,4.9,-0.1,0,294.7,408.0,2146,0.97,223,10,1.389,1.383,1.358,1.381,M,R11:p3/p8/p14/p20
18:21:35,34.915779,139.494702,20182,242.4,4.9,0.0,0,296.3,410.3,2138,0.99,223,10,1.389,1.383,1.367,1.381,M,R11:p3/p8/p14/p20
18:21:36,34.914944,139.492624,20218,242.4,4.9,0.1,0,296.3,410.6,2130,0.97,223,10,1.391,1.383,1.369,1.381,M,R11:p3/p8/p14/p20
18:21:37,34.914109,139.490544,20253,242.4,4.9,0.3,0,296.3,410.9,2121,0.96,223,10,1.391,1.383,1.369,1.381,M,R11:p3/p8/p14/p20
18:21:38,34.913275,139.488463,20289,242.4,4.9,1.6,0,296.3,411.1,2113,0.93,223,10,1.391,1.383,1.369,1.381,M,R11:p3/p8/p14/p20
18:21:39,34.912440,139.486381,20324,242.4,4.9,1.8,0,296.3,411.4,2104,0.97,223,10,1.391,1.383,1.369,1.381,M,R11:p3/p8/p14/p20
18:21:40,34.911605,139.484297,20359,242.4,4.9,1.7,0,296.3,411.6,2096,0.97,223,10,1.391,1.383,1.369,1.381,M,R11:p3/p8/p14/p20
18:21:41,34.910769,139.482211,20394,242.4,4.8,1.6,0,296.3,411.9,2087,0.98,223,10,1.390,1.383,1.369,1.381,M,R11:p3/p8/p14/p20
18:21:42,34.909934,139.480124,20428,242.4,4.8,1.6,0,296.3,412.2,2078,0.98,223,10,1.390,1.383,1.369,1.381,M,R11:p3/p8/p14/p20
18:21:43,34.909098,139.478035,20463,242.4,4.8,1.8,0,296.3,412.4,2069,0.98,223,10,1.390,1.383,1.369,1.381,M,R11:p3/p8/p14/p20
18:21:44,34.908263,139.475945,20497,242.4,4.8,1.1,0,296.3,412.7,2060,0.97,223,10,1.390,1.383,1.369,1.381,M,R11:p3/p8/p14/p20
18:21:45,34.907427,139.473853,20532,242.4,4.8,1.5,0,296.3,412.9,2051,0.96,222,10,1.390,1.383,1.369,1.381,M,R11:p3/p8/p14/p20
18:21:46,34.906593,139.471759,20566,242.5,4.8,1.6,0,296.3,413.2,2041,0.96,222,10,1.390,1.383,1.369,1.381,M,R11:p3/p8/p14/p20
18:21:47,34.905759,139.469662,20600,242.5,4.8,1.1,0,296.3,413.5,2032,0.96,222,10,1.390,1.383,1.369,1.381,M,R11:p3/p8/p14/p20
18:21:48,34.904926,139.467564,20633,242.5,4.8,1.5,0,296.3,413.7,2022,0.96,222,10,1.390,1.383,1.369,1.381,M,R11:p3/p8/p14/p20
18:21:49,34.904093,139.465464,20667,242.5,4.8,1.7,0,296.3,414.0,2013,0.96,222,10,1.390,1.382,1.369,1.381,M,R11:p3/p8/p14/p20
18:21:50,34.903259,139.463363,20701,242.5,4.8,1.7,0,296.3,414.2,2003,0.97,222,10,1.390,1.382,1.368,1.381,M,R11:p3/p8/p14/p20
18:21:51,34.902426,139.461261,20734,242.5,4.8,1.7,0,296.3,414.5,1993,0.98,222,10,1.390,1.382,1.368,1.381,M,R11:p3/p8/p14/p20
18:21:52,34.901592,139.459157,20767,242.5,4.8,1.7,0,296.3,414.7,1983,0.98,222,10,1.390,1.382,1.368,1.381,M,R11:p3/p8/p14/p20
18:21:53,34.900758,139.457052,20800,242.5,4.8,1.4,0,296.3,414.9,1973,0.99,222,10,1.390,1.382,1.369,1.381,M,R11:p3/p8/p14/p20
18:21:54,34.899924,139.454945,20833,242.5,4.8,1.2,0,296.3,415.2,1964,0.99,222,10,1.390,1.382,1.369,1.381,M,R11:p3/p8/p14/p20
18:21:55,34.899090,139.452837,20865,242.5,4.8,1.6,0,296.3,415.4,1954,0.96,222,10,1.390,1.382,1.369,1.381,M,R11:p3/p8/p14/p20
18:21:56,34.898256,139.450727,20898,242.5,4.8,0.1,0,296.3,415.7,1946,0.94,222,10,1.390,1.382,1.369,1.381,M,R11:p3/p8/p14/p20
18:21:57,34.897421,139.448617,20930,242.5,4.8,0.0,0,296.3,415.9,1937,0.95,222,10,1.390,1.382,1.369,1.382,M,R11:p3/p8/p14/p20
18:21:58,34.896588,139.446504,20963,242.6,4.8,0,0,296.3,416.1,1930,1.00,222,10,1.390,1.382,1.369,1.382,M,R11:p3/p8/p14/p20
18:21:59,34.895757,139.444388,20995,242.6,4.8,-0.1,0,296.3,416.4,1923,0.99,222,10,1.390,1.382,1.369,1.382,M,R11:p3/p8/p14/p20
18:22:00,34.894925,139.442272,21027,242.6,4.8,-0.2,0,296.3,416.6,1916,0.99,222,10,1.389,1.382,1.369,1.382,M,R11:p3/p8/p14/p20
18:22:01,34.894093,139.440154,21058,242.6,4.8,-0.2,0,296.3,416.8,1910,0.99,221,10,1.389,1.382,1.374,1.382,M,R11:p3/p8/p14/p20
18:22:02,34.893261,139.438034,21090,242.6,4.8,-0.2,0,296.3,417.0,1904,0.94,221,10,1.389,1.382,1.378,1.382,M,R11:p3/p8/p14/p20
18:22:03,34.892430,139.435913,21122,242.7,4.8,-0.3,0,296.3,417.3,1899,0.96,221,10,1.389,1.382,1.378,1.382,M,R11:p3/p8/p14/p20
18:22:04,34.891642,139.433764,21154,245.5,4.8,-0.4,0,296.3,418.2,1895,0.97,221,10,1.389,1.382,1.378,1.382,M,R11:p3/p9/p14/p20
18:22:05,34.890896,139.431590,21185,245.5,4.8,-0.4,0,296.3,418.4,1891,0.99,221,10,1.389,1.382,1.378,1.382,M,R11:p3/p9/p14/p20
18:22:06,34.890150,139.429415,21217,245.5,4.8,-0.5,0,296.3,418.6,1888,1.00,221,10,1.389,1.382,1.378,1.382,M,R11:p3/p9/p14/p20
18:22:07,34.889403,139.427237,21248,245.5,4.8,-0.5,0,296.8,419.5,1885,1.00,221,10,1.389,1.383,1.378,1.382,M,R11:p3/p9/p14/p20
18:22:08,34.888608,139.425076,21279,242.5,4.8,-0.5,0,298.4,421.1,1883,0.98,221,10,1.389,1.383,1.378,1.382,M,R11:p3/p9/p14/p20
18:22:09,34.887765,139.422937,21311,242.4,4.8,-0.5,0,298.4,421.3,1881,0.97,221,10,1.389,1.383,1.378,1.381,M,R11:p3/p9/p14/p20
18:22:10,34.886908,139.420803,21342,241.6,4.8,-0.4,0,299.0,422.1,1880,0.96,221,10,1.389,1.383,1.378,1.381,M,R11:p3/p9/p14/p20
18:22:11,34.886042,139.418683,21373,241.6,4.8,-0.4,0,296.2,418.6,1879,0.95,221,10,1.389,1.383,1.378,1.381,M,R11:p3/p9/p14/p20
18:22:12,34.885180,139.416570,21405,241.6,4.8,-0.4,0,296.2,418.8,1879,0.96,221,10,1.389,1.383,1.378,1.381,M,R11:p3/p9/p14/p20
18:22:13,34.884318,139.414457,21436,241.6,4.8,-0.3,0,296.2,419.0,1879,0.96,221,9,1.389,1.383,1.378,1.381,M,R11:p3/p9/p14/p20
18:22:14,34.883456,139.412342,21467,241.6,4.8,-0.3,0,296.2,419.2,1863,0.97,221,9,1.389,1.383,1.378,1.381,M,R11:p3/p9/p14/p20
18:22:15,34.882593,139.410226,21498,241.6,4.8,0.3,0,296.2,419.4,1865,0.97,221,9,1.389,1.383,1.378,1.381,M,R11:p3/p9/p14/p20
18:22:16,34.881731,139.408108,21529,241.6,4.8,1.2,0,296.2,419.6,1867,0.98,220,9,1.389,1.383,1.378,1.381,M,R11:p3/p9/p14/p20
18:22:17,34.880868,139.405990,21561,241.6,4.8,1.1,0,296.2,419.8,1870,0.97,220,9,1.389,1.388,1.378,1.381,M,R11:p3/p9/p14/p20
18:22:18,34.880006,139.403870,21592,241.6,4.8,1.2,0,296.2,420.0,1873,0.97,220,9,1.389,1.392,1.378,1.381,M,R11:p3/p9/p14/p20
18:22:19,34.879143,139.401750,21623,241.6,4.8,1.5,0,296.2,420.2,1877,0.97,220,9,1.389,1.387,1.378,1.381,M,R11:p3/p9/p14/p20
18:22:20,34.878280,139.399628,21654,241.6,4.8,1.5,0,296.2,420.4,1881,0.97,220,9,1.389,1.389,1.377,1.381,M,R11:p3/p9/p14/p20
18:22:21,34.877417,139.397505,21686,241.6,4.8,1.5,0,296.2,420.6,1886,0.97,220,9,1.389,1.387,1.377,1.381,M,R11:p3/p9/p14/p20
18:22:22,34.876554,139.395381,21717,241.6,4.8,1.5,0,296.2,420.8,1891,0.97,220,9,1.390,1.394,1.379,1.380,M,R11:p3/p9/p14/p21
18:22:23,34.875691,139.393256,21749,241.6,4.8,1.3,0,296.2,421.0,1897,0.97,220,9,1.396,1.394,1.379,1.380,M,R11:p3/p9/p14/p21
18:22:24,34.874828,139.391130,21780,241.6,4.8,0.6,0,296.2,421.2,1903,0.93,220,9,1.401,1.394,1.389,1.390,M,R11:p3/p9/p14/p21
18:22:25,34.873964,139.389002,21812,241.6,4.8,0.2,0,296.2,421.3,1910,1.06,220,9,1.401,1.394,1.391,1.392,M,R11:p3/p9/p14/p21
18:22:26,34.873101,139.386874,21844,241.6,4.8,1.2,0,296.2,421.5,1918,0.89,220,9,1.401,1.394,1.391,1.392,M,R11:p3/p9/p14/p21
18:22:27,34.872237,139.384744,21876,241.6,4.8,0.7,0,296.3,421.9,1926,0.95,220,9,1.401,1.394,1.391,1.392,M,R11:p3/p9/p14/p21
18:22:28,34.871370,139.382606,21908,241.6,4.8,1.5,0,298.2,424.6,1934,,220,9,1.401,1.394,1.391,1.392,M,R11:p3/p9/p14/p21
18:22:29,34.870501,139.380461,21941,241.6,4.8,1.6,0,298.2,424.8,1943,1.02,219,9,1.401,1.394,1.391,1.392,M,R11:p3/p9/p14/p21
18:22:30,34.869630,139.378313,21973,241.6,4.8,1.7,0,298.9,425.9,1953,1.02,219,9,1.401,1.394,1.391,1.392,M,R11:p3/p9/p14/p21
18:22:31,34.868761,139.376168,22006,241.6,4.8,1.7,0,296.8,423.3,1963,0.97,219,9,1.401,1.394,1.391,1.392,M,R11:p3/p9/p14/p21
18:22:32,34.867894,139.374026,22039,241.6,4.8,1.6,0,297.8,424.8,1974,0.96,219,9,1.401,1.394,1.391,1.392,M,R11:p3/p9/p14/p21
18:22:33,34.867024,139.371879,22071,241.6,4.8,1.1,0,298.1,425.4,1982,0.96,219,9,1.401,1.395,1.391,1.392,M,R11:p3/p9/p14/p21
18:22:34,34.866154,139.369729,22105,241.7,4.8,-0.1,0,298.1,425.5,1993,0.96,219,9,1.400,1.395,1.391,1.391,M,R11:p3/p9/p14/p21
18:22:35,34.865284,139.367579,22138,241.7,4.8,0.7,0,298.1,425.7,2005,0.96,219,9,1.400,1.395,1.391,1.391,M,R11:p3/p9/p14/p21
18:22:36,34.864416,139.365433,22171,241.7,4.8,1.3,0,296.4,423.6,2014,0.97,219,9,1.400,1.394,1.391,1.391,M,R11:p3/p9/p14/p21
18:22:37,34.863547,139.363283,22205,241.7,4.8,0.5,0,298.8,427.0,2021,0.97,219,9,1.400,1.394,1.391,1.391,M,R11:p3/p9/p14/p21
18:22:38,34.862677,139.361131,22239,241.7,4.8,-0.1,0,296.8,424.5,2027,0.97,219,9,1.400,1.404,1.391,1.391,M,R11:p3/p9/p14/p21
18:22:39,34.861811,139.358988,22273,241.7,4.8,-0.2,0,296.1,423.8,2030,0.97,219,9,1.400,1.404,1.391,1.391,M,R11:p3/p9/p15/p21
18:22:40,34.860946,139.356846,22306,241.7,4.8,0.8,0,296.1,424.0,2032,0.98,219,9,1.405,1.404,1.391,1.391,M,R11:p3/p9/p15/p21
18:22:41,34.860080,139.354702,22340,241.7,4.8,1.5,0,296.1,424.2,2031,0.96,219,9,1.411,1.404,1.390,1.391,M,R11:p3/p9/p15/p21
18:22:42,34.859215,139.352558,22374,241.7,4.8,1.5,0,296.1,424.3,2029,0.96,219,9,1.411,1.404,1.390,1.391,M,R11:p3/p9/p15/p21
18:22:43,34.858349,139.350412,22408,241.7,4.8,1.2,0,296.2,424.6,2025,0.96,219,9,1.411,1.404,1.390,1.391,M,R11:p3/p9/p15/p21
18:22:44,34.857483,139.348265,22442,241.7,4.8,0.9,0,296.0,424.6,2019,0.98,219,9,1.411,1.404,1.390,1.391,M,R11:p3/p9/p15/p21
18:22:45,34.856621,139.346125,22475,241.7,4.8,1.1,0,294.0,422.1,2011,0.98,219,9,1.411,1.404,1.390,1.391,M,R11:p3/p9/p15/p21
18:22:46,34.855757,139.343984,22509,241.7,4.8,0.1,0,296.1,425.1,2001,0.97,219,9,1.411,1.404,1.390,1.391,M,R11:p3/p9/p15/p21
18:22:47,34.854891,139.341834,22542,241.7,4.8,0.1,0,296.1,425.2,1989,0.97,219,9,1.411,1.404,1.390,1.390,M,R11:p3/p9/p15/p21
18:22:48,34.854024,139.339684,22575,241.7,4.8,0.0,0,296.1,425.4,1975,0.97,219,9,1.411,1.404,1.390,1.390,M,R11:p3/p9/p15/p21
18:22:49,34.853158,139.337532,22608,241.7,4.8,0,0,296.1,425.6,1959,0.97,219,9,1.411,1.404,1.390,1.390,M,R11:p3/p9/p15/p21
18:22:50,34.852291,139.335380,22640,241.7,4.8,0,0,296.1,425.8,1942,0.96,219,9,1.411,1.404,1.390,1.390,M,R11:p3/p9/p15/p21
18:22:51,34.851424,139.333226,22672,241.7,4.8,-0.1,0,296.1,425.9,1922,0.95,219,9,1.410,1.404,1.390,1.390,M,R11:p3/p9/p15/p21
18:22:52,34.850558,139.331071,22704,241.8,4.8,-0.1,0,296.1,426.1,1900,0.96,219,9,1.410,1.404,1.390,1.390,M,R11:p3/p9/p15/p21
18:22:53,34.849693,139.328914,22736,241.8,4.8,-0.1,0,296.1,426.3,1877,0.97,219,9,1.410,1.404,1.390,1.390,M,R11:p3/p9/p15/p21
18:22:54,34.848831,139.326762,22767,241.8,4.8,-0.1,0,294.3,424.1,1841,0.98,219,9,1.410,1.403,1.390,1.390,M,R11:p3/p9/p15/p21
18:22:55,34.847972,139.324615,22797,241.8,4.8,-0.1,0,294.1,424.0,1814,0.98,219,9,1.410,1.403,1.390,1.390,M,R11:p3/p9/p15/p21
18:22:56,34.847113,139.322469,22827,241.8,4.8,-0.2,0,294.1,424.1,1786,0.97,219,9,1.404,1.403,1.389,1.390,M,R11:p3/p9/p15/p21
18:22:57,34.846254,139.320321,22857,241.8,4.8,-0.2,0,294.1,424.3,1760,0.96,219,9,1.400,1.396,1.389,1.390,M,R11:p3/p9/p15/p21
18:22:58,34.845394,139.318173,22886,241.8,4.8,-0.2,0,294.1,424.4,1736,0.97,219,9,1.400,1.394,1.389,1.390,M,R11:p3/p9/p15/p21
18:22:59,34.844535,139.316024,22915,241.8,4.8,-0.2,0,294.1,424.6,1714,0.97,219,9,1.400,1.394,1.381,1.390,M,R11:p3/p9/p15/p21
18:23:00,34.843675,139.313874,22943,241.8,4.8,-0.2,0,294.1,424.7,1693,0.96,219,9,1.400,1.394,1.380,1.391,M,R11:p3/p9/p15/p21
18:23:01,34.842815,139.311723,22971,241.8,4.8,-0.2,0,294.1,424.9,1673,0.96,219,9,1.400,1.394,1.380,1.391,M,R11:p3/p9/p15/p21
18:23:02,34.841955,139.309572,22999,241.8,4.8,-0.2,0,294.1,425.0,1655,0.97,219,9,1.400,1.394,1.380,1.391,M,R11:p3/p9/p15/p21
18:23:03,34.841095,139.307419,23026,241.8,4.8,-0.2,0,294.1,425.1,1639,0.97,219,9,1.400,1.394,1.380,1.391,M,R11:p3/p9/p15/p21
18:23:04,34.840235,139.305266,23053,241.8,4.7,-0.2,0,294.1,425.3,1625,0.96,219,9,1.400,1.393,1.380,1.391,M,R11:p3/p9/p15/p21
18:23:05,34.839375,139.303113,23080,241.8,4.7,-0.2,0,294.1,425.4,1612,0.96,219,9,1.400,1.393,1.379,1.391,M,R11:p3/p9/p15/p21
18:23:06,34.838514,139.300958,23107,241.8,4.7,-0.2,0,294.1,425.5,1600,0.96,219,9,1.400,1.393,1.379,1.391,M,R11:p3/p9/p15/p21
18:23:07,34.837654,139.298803,23134,241.8,4.7,-0.2,0,294.1,425.6,1591,0.98,219,9,1.400,1.393,1.379,1.391,M,R11:p3/p9/p15/p21
18:23:08,34.836793,139.296647,23160,241.8,4.7,-0.2,0,294.1,425.7,1582,0.98,219,9,1.400,1.393,1.379,1.391,M,R11:p3/p9/p15/p21
18:23:09,34.835932,139.294491,23187,241.8,4.7,-0.2,0,294.1,425.9,1576,0.96,219,9,1.400,1.393,1.379,1.391,M,R11:p3/p9/p15/p21
18:23:10,34.835071,139.292334,23213,241.8,4.7,-0.2,0,294.1,426.0,1571,0.96,219,9,1.394,1.393,1.379,1.391,M,R11:p3/p9/p15/p21
18:23:11,34.834210,139.290176,23239,241.8,4.7,-0.2,0,294.1,426.1,1568,0.96,218,9,1.390,1.393,1.379,1.391,M,R11:p3/p9/p15/p21
18:23:12,34.833349,139.288018,23265,241.8,4.7,-0.2,0,294.1,426.2,1566,0.96,218,9,1.390,1.393,1.379,1.391,M,R11:p3/p9/p15/p21
18:23:13,34.832488,139.285859,23291,241.8,4.7,-0.1,0,294.1,426.3,1567,0.98,218,9,1.390,1.393,1.380,1.391,M,R11:p3/p9/p15/p21
18:23:14,34.831627,139.283700,23317,241.8,4.7,-0.1,0,294.1,426.4,1568,0.97,218,9,1.390,1.393,1.389,1.391,M,R11:p3/p9/p15/p21
18:23:15,34.830765,139.281540,23343,241.8,4.7,-0.1,0,294.2,426.7,1572,0.96,218,9,1.390,1.393,1.390,1.390,M,R11:p3/p9/p15/p21
18:23:16,34.829902,139.279374,23370,241.8,4.2,-0.1,0,295.7,428.8,1576,0.97,218,9,1.398,1.393,1.399,1.390,M,R11:p3/p9/p15/p21
18:23:17,34.829034,139.277200,23396,241.8,4.1,-0.1,0,296.1,429.4,1580,0.96,218,9,1.400,1.393,1.399,1.390,M,R11:p3/p9/p15/p21
18:23:18,34.828167,139.275025,23422,241.8,4.6,0.0,0,296.1,429.5,1585,0.97,218,9,1.400,1.392,1.399,1.390,M,R11:p3/p9/p15/p21
18:23:19,34.827299,139.272849,23449,241.8,4.6,0.0,0,296.1,429.6,1589,0.98,218,9,1.400,1.392,1.399,1.390,M,R11:p3/p9/p15/p21
18:23:20,34.826431,139.270673,23475,241.8,4.0,1.0,0,296.1,429.7,1594,0.98,218,9,1.400,1.392,1.399,1.390,M,R11:p3/p9/p15/p21
18:23:21,34.825563,139.268496,23502,241.8,4.0,1.6,0,296.1,429.8,1599,0.98,218,9,1.400,1.392,1.399,1.390,M,R11:p3/p9/p15/p21
18:23:22,34.824695,139.266319,23529,241.8,4.0,1.7,0,296.1,429.9,1604,0.98,218,9,1.400,1.392,1.399,1.390,M,R11:p3/p9/p15/p21
18:23:23,34.823827,139.264141,23555,241.8,3.9,0.7,0,296.1,430.0,1609,0.96,218,9,1.400,1.392,1.399,1.390,M,R11:p3/p9/p15/p21
18:23:24,34.822959,139.261963,23582,241.8,3.9,0.0,0,296.1,430.1,1614,0.97,218,9,1.400,1.392,1.399,1.390,M,R11:p3/p9/p15/p21
18:23:25,34.822091,139.259784,23609,241.8,3.9,-0.1,0,296.1,430.2,1620,0.97,218,9,1.400,1.392,1.399,1.391,M,R11:p3/p9/p15/p21
18:23:26,34.821222,139.257604,23636,241.8,3.9,0.5,0,296.1,430.3,1625,0.97,218,9,1.400,1.392,1.399,1.401,M,R11:p3/p9/p15/p21
18:23:27,34.820354,139.255424,23663,241.8,3.9,1.0,0,296.1,430.4,1631,0.98,218,9,1.400,1.392,1.399,1.401,M,R11:p3/p9/p15/p21
18:23:28,34.819486,139.253243,23691,241.9,3.9,1.5,0,296.1,430.6,1637,0.98,218,9,1.400,1.392,1.399,1.400,M,R11:p3/p9/p15/p21
18:23:29,34.818620,139.251060,23718,241.9,3.9,1.6,0,296.1,430.7,1643,0.98,218,9,1.400,1.392,1.399,1.400,M,R11:p3/p9/p15/p21
18:23:30,34.817754,139.248876,23745,241.9,3.9,1.6,0,296.1,430.8,1649,0.97,218,9,1.400,1.392,1.399,1.400,M,R11:p3/p9/p15/p21
18:23:31,34.816888,139.246692,23773,241.9,3.9,1.7,0,296.1,430.9,1655,0.97,218,9,1.400,1.392,1.399,1.400,M,R11:p3/p9/p15/p21
18:23:32,34.816022,139.244508,23801,241.9,3.9,1.7,0,296.1,431.0,1662,0.97,218,9,1.400,1.392,1.399,1.400,M,R11:p3/p9/p15/p21
18:23:33,34.815153,139.242318,23828,241.9,3.9,1.7,0,297.7,433.2,1668,0.96,218,9,1.400,1.392,1.399,1.400,M,R11:p3/p9/p15/p21
18:23:34,34.814281,139.240120,23856,241.9,4.0,1.7,0,298.2,434.0,1675,0.97,218,9,1.400,1.392,1.398,1.400,M,R11:p3/p9/p15/p21
18:23:35,34.813408,139.237919,23884,241.9,4.0,1.6,0,298.2,434.1,1682,0.98,218,9,1.400,1.392,1.401,1.400,M,R11:p3/p9/p15/p21
18:23:36,34.812535,139.235719,23912,241.9,4.7,1.2,0,298.2,434.2,1689,0.98,218,9,1.400,1.394,1.408,1.400,M,R11:p3/p9/p15/p21
18:23:37,34.811661,139.233516,23940,241.9,4.8,0,0,298.8,435.1,1696,0.98,218,9,1.400,1.401,1.408,1.400,M,R11:p3/p9/p15/p21
18:23:38,34.810786,139.231310,23969,241.9,4.9,-0.2,0,298.9,435.3,1703,0.99,218,9,1.399,1.401,1.408,1.400,M,R11:p3/p9/p15/p21
18:23:39,34.809911,139.229105,23997,241.9,4.9,-0.3,0,298.3,434.6,1711,0.99,218,9,1.399,1.402,1.408,1.400,M,R11:p3/p9/p15/p21
18:23:40,34.809036,139.226900,24026,241.9,4.9,-0.2,0,298.8,435.4,1718,0.98,218,9,1.399,1.402,1.408,1.400,M,R11:p3/p9/p15/p21
18:23:41,34.808161,139.224694,24054,241.9,4.8,-0.1,0,298.6,435.2,1726,0.99,218,9,1.399,1.402,1.408,1.400,M,R11:p3/p9/p15/p21
18:23:42,34.807286,139.222489,24083,241.9,4.7,0.8,0,298.3,434.9,1734,0.98,218,9,1.399,1.402,1.408,1.400,M,R11:p3/p9/p15/p21
18:23:43,34.806412,139.220284,24112,241.9,4.2,1.1,0,298.3,435.0,1741,0.97,218,9,1.399,1.402,1.408,1.400,M,R11:p3/p9/p15/p21
18:23:44,34.805537,139.218079,24141,241.9,4.7,0.0,0,298.3,435.1,1750,0.96,218,9,1.399,1.402,1.408,1.400,M,R11:p3/p9/p15/p21
18:23:45,34.804662,139.215874,24171,241.9,4.8,-0.2,0,298.3,435.2,1758,0.96,218,9,1.399,1.402,1.408,1.400,M,R11:p3/p9/p15/p21
18:23:46,34.803789,139.213667,24200,242.0,4.8,-0.1,0,298.3,435.3,1766,0.97,218,9,1.399,1.402,1.399,1.400,M,R11:p3/p9/p15/p21
18:23:47,34.802917,139.211459,24229,242.0,4.8,0.5,0,298.3,435.4,1775,0.97,218,9,1.399,1.402,1.398,1.400,M,R11:p3/p9/p15/p21
18:23:48,34.802043,139.209247,24259,242.0,4.9,1.7,0,299.2,436.7,1783,0.98,218,9,1.399,1.402,1.398,1.399,M,R11:p3/p9/p15/p21
18:23:49,34.801169,139.207035,24289,242.0,4.9,1.9,0,298.3,435.6,1790,0.98,218,9,1.399,1.401,1.398,1.399,M,R11:p3/p9/p15/p21
18:23:50,34.800296,139.204825,24319,242.0,4.9,1.9,0,298.3,435.7,1794,0.98,218,9,1.399,1.393,1.398,1.399,M,R11:p3/p9/p15/p21
18:23:51,34.799424,139.202615,24349,242.0,4.9,1.8,0,298.3,435.7,1803,0.97,217,9,1.398,1.392,1.398,1.399,M,R11:p3/p9/p15/p21
18:23:52,34.798550,139.200405,24379,242.0,4.9,1.7,0,298.3,435.8,1812,0.97,217,9,1.398,1.392,1.398,1.399,M,R11:p3/p9/p15/p21
18:23:53,34.797677,139.198193,24409,242.0,4.9,1.3,0,298.4,436.1,1821,0.98,217,9,1.398,1.392,1.398,1.399,M,R11:p3/p9/p15/p21
18:23:54,34.796803,139.195981,24439,242.0,4.9,1.1,0,298.4,436.1,1830,0.97,217,9,1.398,1.392,1.398,1.399,M,R11:p3/p9/p15/p21
18:23:55,34.795929,139.193769,24470,242.0,4.9,1.6,0,298.4,436.2,1840,0.96,217,9,1.398,1.392,1.398,1.399,M,R11:p3/p9/p15/p21
18:23:56,34.795055,139.191556,24501,242.0,4.9,1.2,0,298.4,436.3,1850,0.98,217,9,1.398,1.392,1.398,1.399,M,R11:p3/p9/p15/p21
18:23:57,34.794181,139.189343,24532,242.0,4.9,1.1,0,298.4,436.4,1859,0.97,217,9,1.398,1.392,1.398,1.399,M,R11:p3/p9/p15/p21
18:23:58,34.793306,139.187130,24563,242.0,4.9,1.6,0,298.4,436.5,1868,0.97,217,9,1.398,1.392,1.398,1.399,M,R11:p3/p9/p15/p21
18:23:59,34.792433,139.184915,24594,242.1,4.9,1.7,0,298.4,436.6,1875,0.97,217,9,1.398,1.392,1.398,1.399,M,R11:p3/p9/p15/p21
18:24:00,34.791561,139.182698,24625,242.1,4.9,1.7,0,298.4,436.7,1880,0.96,217,9,1.398,1.392,1.397,1.399,M,R11:p3/p9/p15/p21
18:24:01,34.790689,139.180482,24657,242.1,4.9,1.6,0,298.4,436.8,1883,0.97,217,9,1.398,1.392,1.397,1.399,M,R11:p3/p9/p15/p21
18:24:02,34.789817,139.178265,24688,242.1,4.9,1.6,0,298.4,436.9,1884,0.98,217,9,1.398,1.391,1.397,1.399,M,R11:p3/p9/p15/p21
18:24:03,34.788945,139.176047,24719,242.1,4.9,1.5,0,298.4,436.9,1883,0.98,217,9,1.398,1.391,1.397,1.398,M,R11:p3/p9/p15/p21
18:24:04,34.788072,139.173829,24751,242.1,4.9,1.1,0,298.4,437.0,1880,0.97,217,9,1.398,1.391,1.397,1.398,M,R11:p3/p9/p15/p21
18:24:05,34.787199,139.171611,24782,242.1,4.9,0.6,0,298.4,437.1,1875,0.96,217,9,1.398,1.391,1.397,1.398,M,R11:p3/p9/p15/p21
18:24:06,34.786328,139.169398,24813,242.1,4.9,0.2,0,296.9,435.2,1867,0.98,217,9,1.398,1.391,1.397,1.398,M,R11:p3/p9/p15/p21
18:24:07,34.785458,139.167186,24844,242.1,4.9,1.1,0,297.9,436.6,1858,0.97,217,9,1.398,1.391,1.397,1.398,M,R11:p3/p9/p15/p21
18:24:08,34.784584,139.164967,24875,242.1,4.9,1.6,0,298.6,437.6,1847,0.97,217,9,1.398,1.392,1.397,1.398,M,R11:p3/p9/p15/p21
18:24:09,34.783713,139.162750,24906,242.2,4.8,0.7,0,297.0,435.6,1831,0.95,217,9,1.398,1.400,1.397,1.398,M,R11:p3/p9/p15/p21
18:24:10,34.782848,139.160541,24936,242.2,4.8,-0.2,0,296.1,434.4,1807,0.98,217,9,1.398,1.401,1.397,1.398,M,R11:p3/p9/p15/p21
18:24:11,34.781984,139.158334,24966,242.2,4.8,1.1,0,296.1,434.5,1790,0.98,217,9,1.398,1.401,1.397,1.398,M,R11:p3/p9/p15/p21
18:24:12,34.781119,139.156127,24996,242.2,4.8,1.8,0,296.1,434.6,1771,0.97,217,9,1.405,1.401,1.397,1.398,M,R11:p3/p9/p15/p21
18:24:13,34.780254,139.153920,25025,242.2,4.8,1.3,0,296.1,434.7,1750,0.96,217,9,1.408,1.401,1.408,1.398,M,R11:p3/p9/p15/p21
18:24:14,34.779389,139.151712,25054,242.2,4.7,1.1,0,296.1,434.7,1727,0.96,217,9,1.408,1.401,1.408,1.398,M,R11:p3/p9/p15/p21
18:24:15,34.778523,139.149504,25083,242.2,4.0,1.6,0,296.1,434.8,1702,0.97,217,9,1.408,1.401,1.408,1.398,M,R11:p3/p9/p15/p21
18:24:16,34.777658,139.147295,25111,242.2,4.0,0.8,0,296.1,434.9,1651,0.98,217,9,1.408,1.401,1.408,1.398,M,R11:p3/p9/p15/p21
18:24:17,34.776792,139.145087,25138,242.2,4.0,0,0,296.1,435.0,1623,0.97,217,8,1.408,1.401,1.408,1.406,M,R11:p3/p9/p15/p21
18:24:18,34.775927,139.142877,25165,242.3,4.0,-0.1,0,296.1,435.1,1592,0.98,217,8,1.408,1.401,1.408,1.409,M,R11:p3/p9/p15/p21
18:24:19,34.775064,139.140665,25191,242.3,4.0,-0.2,0,296.1,435.2,1561,0.97,217,8,1.411,1.401,1.408,1.409,M,R11:p3/p9/p15/p21
18:24:20,34.774198,139.138447,25217,242.3,4.0,-0.2,0,298.0,437.8,1530,0.96,217,8,1.418,1.409,1.408,1.409,M,R11:p3/p9/p15/p21
18:24:21,34.773328,139.136221,25242,242.3,4.0,-0.2,0,298.4,438.5,1500,0.95,217,8,1.418,1.411,1.408,1.409,M,R11:p3/p9/p15/p21
18:24:22,34.772457,139.133993,25267,242.3,3.7,-0.2,0,298.4,438.5,1470,0.94,216,8,1.418,1.411,1.408,1.409,M,R11:p3/p9/p15/p21
18:24:23,34.771586,139.131765,25291,242.3,3.2,-0.1,0,298.4,438.6,1441,0.92,216,8,1.418,1.411,1.408,1.409,M,R11:p3/p9/p15/p21
18:24:24,34.770714,139.129537,25315,242.3,3.2,-0.1,0,298.4,438.6,1412,0.92,216,8,1.418,1.411,1.408,1.409,M,R11:p3/p9/p15/p21
18:24:25,34.769843,139.127308,25338,242.3,3.2,0.0,0,298.4,438.7,1384,0.92,216,8,1.418,1.411,1.408,1.409,M,R11:p3/p9/p15/p21
18:24:26,34.768972,139.125079,25361,242.4,3.2,0.5,0,298.4,438.8,1356,0.92,216,8,1.418,1.411,1.408,1.409,M,R11:p3/p9/p15/p21 retimed pp.37-38
18:24:27,34.768103,139.122848,25383,242.4,3.3,1.2,0,298.4,438.8,1329,0.93,216,8,1.418,1.411,1.408,1.409,M,R11:p3/p9/p15/p21 retimed pp.37-38
18:24:28,34.767234,139.120617,25405,242.4,3.3,1.7,0,298.4,438.9,1303,0.93,216,8,1.418,1.411,1.408,1.409,M,R11:p3/p9/p15/p21 retimed pp.37-38
18:24:29,34.766365,139.118386,25427,242.4,3.2,1.6,0,298.4,438.9,1277,0.94,216,8,1.418,1.411,1.407,1.409,M,R11:p3/p9/p15/p21 retimed pp.37-38
18:24:30,34.765495,139.116155,25448,242.4,3.1,0.8,0,298.4,438.9,1252,0.94,216,8,1.418,1.411,1.407,1.409,M,R11:p3/p9/p15/p21 retimed pp.37-38
18:24:31,34.764625,139.113924,25469,242.4,2.6,0.2,0,298.4,439.0,1227,0.94,216,8,1.414,1.407,1.407,1.409,M,R11:p3/p9/p15/p21 retimed pp.37-38
18:24:32,34.763755,139.111692,25489,242.4,2.3,0.0,0,299.0,439.8,1202,0.94,216,8,1.404,1.401,1.405,1.408,M,R11:p3/p9/p15/p21 retimed pp.37-38
18:24:33,34.762881,139.109453,25509,242.4,2.3,0,0,300.0,441.2,1179,0.94,216,8,1.391,1.394,1.396,1.400,M,R11:p3/p9/p15/p21 retimed pp.37-38
18:24:34,34.762007,139.107210,25528,242.4,2.2,-0.1,0,300.0,441.2,1155,0.94,216,8,1.381,1.375,1.378,1.381,M,R11:p3/p9/p15/p21 retimed pp.37-38
18:24:35,34.761133,139.104967,25547,242.5,2.3,-0.1,0,300.0,441.3,1133,0.94,216,8,1.366,1.351,1.368,1.369,M,R11:p3/p9/p15/p21 retimed pp.37-38
18:24:36,34.760261,139.102722,25566,242.5,2.6,0,0,300.1,441.5,1111,0.99,216,8,1.349,1.346,1.358,1.358,M,R11:p3/p9/p15/p21 retimed pp.37-38
18:24:37,34.759386,139.100472,25584,242.5,4.8,0.1,0,301.7,443.7,1089,1.82,216,8,1.340,1.338,1.348,1.349,M,R11:p3/p9/p15/p21 retimed pp.37-38
18:24:38,34.758517,139.098210,25602,243.2,7.0,0.7,0,301.8,444.1,1068,0.90,216,8,1.337,1.327,1.337,1.341,M,R11:p3/p9/p15/p21 retimed pp.37-38
18:24:39,34.757699,139.095923,25620,245.4,4.6,1.4,0,300.3,442.6,1045,0.90,216,8,1.330,1.325,1.328,1.338,M,R11:p3/p9/p15/p21 retimed pp.37-38
18:24:40,34.756909,139.093628,25637,244.8,2.1,2.7,0,300.2,442.3,1017,0.72,216,8,1.321,1.316,1.319,1.320,M,R11:p3/p9/p15/p21 retimed pp.37-38
18:24:41,34.756058,139.091370,25654,241.8,2.2,3.6,0,300.0,441.1,985,0.96,216,8,1.312,1.308,1.318,1.319,M,R11:p3/p9/p15/p21 retimed pp.37-38
18:24:42,34.755165,139.089143,25670,241.8,2.7,3.4,0,299.0,439.8,949,0.97,216,8,1.319,1.317,1.330,1.330,M,R11:p3/p9/p15/p21 retimed pp.37-38
18:24:43,34.754274,139.086923,25685,241.8,3.3,2.2,0,298.3,438.8,908,1.03,216,8,1.351,1.341,1.361,1.359,M,R11:p3/p9/p15/p21 retimed pp.37-38
18:24:44,34.753384,139.084705,25700,241.8,3.3,0.6,0,298.2,438.6,862,1.03,216,8,1.382,1.374,1.391,1.386,M,R11:p3/p9/p15/p21 retimed pp.37-38
18:24:45,34.752494,139.082488,25714,241.8,3.3,-0.6,0,298.2,438.6,812,1.04,216,8,1.394,1.390,1.408,1.397,M,R11:p3/p9/p15/p21 retimed pp.37-38
18:24:46,34.751603,139.080271,25727,241.8,3.0,-1.2,0,298.2,438.6,758,0.97,216,8,1.404,1.392,1.413,1.406,M,R11:p3/p9/p15/p21 retimed pp.37-38
18:24:47,34.750713,139.078055,25739,241.8,2.4,-1.6,0,298.2,438.6,699,0.87,216,8,1.414,1.401,1.418,1.417,M,R11:p3/p9/p15/p21 retimed pp.37-38
18:24:48,34.749823,139.075838,25750,241.8,2.4,-0.5,0,298.2,438.5,635,0.93,215,8,1.419,1.411,1.426,1.427,M,R11:p3/p9/p15/p21 retimed pp.37-38
18:24:49,34.748933,139.073622,25760,241.8,2.4,0.1,0,298.2,438.5,567,0.93,215,8,1.424,1.412,1.438,1.429,M,R11:p3/p9/p15/p21 retimed pp.37-38
18:24:50,34.748042,139.071407,25769,241.8,2.4,0.1,0,298.2,438.4,494,0.92,215,8,1.428,1.419,1.439,1.428,M,R11:p3/p9/p15/p21 retimed pp.37-38
18:24:51,34.747152,139.069191,25777,241.8,2.4,0.1,0,298.2,438.4,417,0.91,215,8,1.428,1.420,1.439,1.429,M,R11:p3/p9/p15/p21 retimed pp.37-38
18:24:52,34.746261,139.066976,25783,241.8,2.5,0.1,0,298.3,438.5,336,0.92,215,8,1.428,1.420,1.437,1.435,M,R11:p3/p9/p15/p21 retimed pp.37-38
18:24:53,34.745371,139.064761,25788,241.8,2.1,0.1,0,298.3,438.4,250,0.92,215,8,1.420,1.410,1.424,1.431,M,R11:p3/p9/p15/p21 retimed pp.37-38
18:24:54,34.744480,139.062547,25791,241.8,1.5,-0.3,0,298.3,438.3,159,0.90,215,8,1.408,1.394,1.380,1.394,M,R11:p3/p9/p15/p21 retimed pp.37-38
18:24:55,34.743587,139.060327,25793,241.8,0.4,-1.0,0,300.0,440.5,64,,215,8,1.401,1.382,1.370,1.386,M,R11:p3/p9/p15/p21 retimed pp.37-38
18:24:56,34.742692,139.058102,25793,241.8,0.6,0,0,300.0,440.4,-35,,215,8,1.402,1.381,1.368,1.381,M,R11:p3/p9/p15/p21 retimed pp.37-38
18:24:57,34.741797,139.055878,25792,241.8,0.5,0.9,0,300.1,440.4,-139,0.92,215,8,1.412,1.381,1.375,1.387,M,R11:p3/p9/p15/p21
18:24:58,34.740898,139.053647,25789,241.8,0.0,1.8,0,302.1,443.0,-248,0.94,215,8,1.418,1.380,1.378,1.389,M,R11:p3/p9/p15/p21
18:24:59,34.739997,139.051410,25784,241.8,0,2.0,0,302.2,443.0,-361,0.93,215,8,1.418,1.380,1.377,1.389,M,R11:p3/p9/p15/p21
18:25:00,34.739093,139.049168,25777,241.8,-0.1,2.0,0,303.8,445.0,-471,0.93,215,8,1.418,1.380,1.377,1.393,M,R11:p3/p9/p15/p21
18:25:01,34.738187,139.046920,25768,241.8,-0.1,1.9,0,304.4,445.6,-571,0.96,215,8,1.418,1.386,1.377,1.397,M,R11:p3/p9/p15/p21
18:25:02,34.737277,139.044666,25758,241.8,-0.1,1.7,0,305.8,447.3,-661,0.95,215,8,1.418,1.385,1.377,1.397,M,R11:p3/p9/p15/p21
18:25:03,34.736366,139.042407,25746,241.8,-0.1,1.2,0,306.0,447.4,-740,0.98,215,8,1.418,1.381,1.377,1.397,M,R11:p3/p9/p15/p21
18:25:04,34.735453,139.040142,25733,241.9,-0.1,4.2,0,308.0,449.9,-810,0.98,215,8,1.417,1.381,1.374,1.393,M,R11:p3/p9/p15/p21
18:25:05,34.734539,139.037869,25719,241.9,0.0,4.8,0,308.0,449.7,-869,0.99,215,8,1.403,1.368,1.354,1.380,M,R11:p3/p9/p15/p21
18:25:06,34.733625,139.035597,25704,241.9,0.0,5.7,0,308.4,450.0,-918,0.99,215,8,1.367,1.334,1.319,1.340,M,R11:p3/p9/p15/p21
18:25:07,34.732709,139.033320,25689,241.9,0.5,6.6,0,309.8,451.6,-957,0.99,214,8,1.324,1.289,1.278,1.302,M,R11:p3/p9/p15/p21
18:25:08,34.731791,139.031039,25672,241.9,0.8,6.7,0,309.9,451.5,-986,1.00,214,8,1.283,1.262,1.264,1.285,M,R11:p3/p9/p15/p21
18:25:09,34.730873,139.028759,25656,241.9,0.8,6.6,0,309.9,451.3,-1005,1.00,214,8,1.267,1.241,1.239,1.263,M,R11:p3/p9/p15/p21
18:25:10,34.729956,139.026481,25639,241.9,0.8,5.9,0,309.9,451.0,-1013,1.01,214,8,1.245,1.231,1.220,1.250,M,R11:p3/p9/p15/p21
18:25:11,34.729039,139.024204,25622,241.9,0.8,4.1,0,309.9,450.8,-1012,1.02,214,8,1.237,1.230,1.216,1.242,M,R11:p3/p9/p15/p21
18:25:12,34.728124,139.021927,25605,242.0,0.8,3.4,0,309.9,450.6,-1000,1.03,214,8,1.236,1.223,1.211,1.233,M,R11:p3/p9/p15/p21
18:25:13,34.727211,139.019650,25589,242.0,0.8,3.2,0,309.9,450.3,-978,1.02,214,8,1.227,1.218,1.207,1.230,M,R11:p3/p9/p15/p21
18:25:14,34.726302,139.017373,25573,242.3,0.5,2.9,0,309.9,450.2,-946,1.02,214,8,1.218,1.210,1.201,1.221,M,R11:p3/p9/p15/p21
18:25:15,34.725453,139.015060,25557,245.5,0.9,4.8,0,309.9,450.9,-904,1.01,214,8,1.216,1.209,1.197,1.219,M,R11:p3/p9/p15/p21
18:25:16,34.724656,139.012718,25543,245.5,1.6,7.0,0,309.9,450.7,-852,1.01,214,8,1.206,1.209,1.197,1.211,M,R11:p3/p9/p15/p21
18:25:17,34.723860,139.010378,25529,245.5,1.6,9.0,0,309.9,450.4,-790,1.01,214,8,1.198,1.201,1.193,1.209,M,R11:p3/p9/p15/p21
18:25:18,34.723064,139.008038,25516,245.5,1.6,10.5,0,309.9,450.2,-718,1.02,214,8,1.198,1.199,1.188,1.201,M,R11:p3/p9/p15/p21
18:25:19,34.722268,139.005700,25505,245.5,1.6,11.5,0,309.9,450.0,-635,1.02,214,8,1.198,1.199,1.188,1.199,M,R11:p3/p9/p15/p21
18:25:20,34.721473,139.003363,25495,245.5,1.6,11.6,0,309.9,449.9,-543,1.01,214,8,1.196,1.199,1.181,1.199,M,R11:p3/p9/p15/p21
18:25:21,34.720677,139.001027,25487,245.5,1.6,11.6,0,309.9,449.7,-448,1.01,214,8,1.189,1.192,1.179,1.199,M,R11:p3/p9/p15/p21
18:25:22,34.719882,138.998692,25480,245.5,2.4,11.5,0,309.9,449.5,-360,1.01,214,8,1.189,1.190,1.178,1.193,M,R11:p3/p9/p15/p21
18:25:23,34.719087,138.996357,25475,245.5,2.4,11.5,0,309.9,449.4,-278,1.03,214,8,1.189,1.190,1.178,1.189,M,R11:p3/p9/p15/p21
18:25:24,34.718292,138.994024,25471,245.5,2.4,11.4,0,309.9,449.2,-202,1.03,214,8,1.189,1.190,1.178,1.189,M,R11:p3/p9/p15/p21
18:25:25,34.717544,138.991667,25468,248.4,2.5,11.5,0,309.9,449.9,-132,1.02,214,8,1.191,1.190,1.182,1.194,M,R11:p3/p9/p15/p21
18:25:26,34.716858,138.989279,25466,248.9,2.5,11.8,0,310.0,450.1,-69,1.01,214,8,1.200,1.195,1.192,1.206,M,R11:p3/p9/p15/p21
18:25:27,34.716179,138.986889,25466,248.9,2.5,13.9,0,310.0,449.9,-12,1.02,214,8,1.211,1.211,1.201,1.219,M,R11:p3/p9/p15/p21
18:25:28,34.715499,138.984499,25466,248.9,2.5,16.7,0,310.0,449.8,39,1.02,213,8,1.233,1.224,1.215,1.239,M,R11:p3/p9/p15/p21
18:25:29,34.714819,138.982110,25467,248.9,2.5,18.2,0,310.0,449.7,84,1.02,213,8,1.248,1.238,1.231,1.254,M,R11:p3/p9/p15/p21
18:25:30,34.714140,138.979722,25469,248.9,2.5,19.9,0,310.0,449.6,123,1.02,213,8,1.272,1.252,1.247,1.272,M,R11:p3/p9/p15/p21
18:25:31,34.713522,138.977307,25471,252.5,2.5,21.1,0,310.0,450.5,155,1.02,213,8,1.293,1.268,1.259,1.288,M,R11:p3/p9/p15/p21
18:25:32,34.712969,138.974867,25474,252.6,2.5,21.2,0,310.0,450.5,181,1.02,213,8,1.307,1.282,1.270,1.292,M,R11:p3/p9/p15/p21
18:25:33,34.712418,138.972426,25477,252.6,2.5,21.2,0,310.0,450.4,201,1.02,213,8,1.322,1.292,1.281,1.306,M,R11:p3/p9/p15/p21
18:25:34,34.711869,138.969985,25481,252.8,2.5,20.2,0,310.0,450.3,215,1.01,213,8,1.330,1.298,1.287,1.311,M,R11:p3/p9/p15/p21
18:25:35,34.711378,138.967518,25484,255.9,2.5,20.0,0,311.6,453.3,223,1.01,213,8,1.339,1.301,1.290,1.313,M,R11:p3/p9/p15/p21
18:25:36,34.710945,138.965025,25488,256.1,2.5,21.8,0,311.8,453.6,224,1.03,213,8,1.339,1.308,1.297,1.320,M,R11:p3/p9/p15/p21
18:25:37,34.710519,138.962530,25492,256.4,2.5,23.3,0,311.8,453.5,219,1.05,213,8,1.349,1.308,1.297,1.320,M,R11:p3/p9/p15/p21
18:25:38,34.710160,138.960018,25495,259.7,2.5,25.3,0,311.8,454.4,208,1.06,213,8,1.351,1.308,1.297,1.323,M,R11:p3/p9/p15/p21
18:25:39,34.709862,138.957491,25499,259.8,2.4,28.1,0,311.8,454.4,191,1.06,213,8,1.359,1.310,1.307,1.330,M,R11:p3/p9/p15/p21
18:25:40,34.709565,138.954964,25502,259.8,2.4,30.1,0,311.8,454.3,168,1.06,213,8,1.371,1.320,1.319,1.333,M,R11:p3/p9/p15/p21
18:25:41,34.709270,138.952438,25504,259.9,2.4,30.8,0,311.8,454.2,138,1.06,213,8,1.381,1.334,1.331,1.343,M,R11:p3/p9/p15/p21
18:25:42,34.709039,138.949900,25506,263.3,2.4,30.9,0,311.8,455.1,102,1.05,213,8,1.389,1.356,1.341,1.355,M,R11:p3/p9/p15/p21
18:25:43,34.708870,138.947352,25508,263.3,2.3,29.8,0,311.8,455.0,60,1.04,213,8,1.399,1.361,1.351,1.370,M,R11:p3/p9/p15/p21
18:25:44,34.708701,138.944804,25508,263.3,1.6,29.1,0,311.9,455.0,12,1.04,213,8,1.409,1.364,1.358,1.372,M,R11:p3/p9/p15/p21
18:25:45,34.708594,138.942243,25508,266.7,1.5,29.0,0,313.6,458.2,-43,1.05,213,8,1.409,1.371,1.358,1.380,M,R11:p3/p9/p15/p21
18:25:46,34.708550,138.939669,25507,266.7,1.6,29.1,0,313.7,458.2,-103,1.06,213,8,1.409,1.371,1.360,1.380,M,R11:p3/p9/p15/p21
18:25:47,34.708505,138.937096,25504,266.7,1.2,29.6,0,313.7,458.1,-170,1.07,213,8,1.409,1.371,1.368,1.380,M,R11:p3/p9/p15/p21
18:25:48,34.708525,138.934521,25501,270.2,0.7,31.6,0,313.7,459.0,-243,1.07,213,8,1.409,1.371,1.368,1.380,M,R11:p3/p9/p15/p21
18:25:49,34.708614,138.931945,25496,270.4,0.7,33.1,0,313.7,458.9,-322,1.08,212,8,1.409,1.371,1.368,1.380,M,R11:p3/p9/p15/p21
18:25:50,34.708764,138.929372,25490,273.6,0.7,34.8,0,313.7,459.7,-408,1.08,212,8,1.409,1.371,1.367,1.380,M,R11:p3/p9/p15/p21
18:25:51,34.708991,138.926798,25483,274.3,0.7,35.6,0,315.4,462.0,-499,1.09,212,8,1.409,1.369,1.356,1.379,M,R11:p3/p9/p15/p21
18:25:52,34.709232,138.924217,25474,274.4,0.7,35.6,0,315.9,462.6,-597,1.11,212,8,1.399,1.357,1.346,1.378,M,R11:p3/p9/p15/p21
18:25:53,34.709532,138.921643,25463,277.6,0.7,35.6,0,315.9,463.3,-701,1.08,212,8,1.387,1.345,1.337,1.366,M,R11:p3/p9/p15/p21
18:25:54,34.709904,138.919075,25450,278.1,0.3,35.5,0,317.2,465.0,-811,1.08,212,8,1.368,1.333,1.318,1.347,M,R11:p3/p9/p15/p21
18:25:55,34.710287,138.916502,25436,278.2,0.0,35.4,0,317.9,465.8,-928,1.09,212,8,1.349,1.313,1.296,1.328,M,R11:p3/p9/p15/p21
18:25:56,34.710727,138.913939,25419,281.3,-0.1,35.4,0,317.9,466.4,-1050,1.09,212,8,1.318,1.291,1.275,1.310,M,R11:p3/p9/p15/p21
18:25:57,34.711239,138.911393,25401,282.0,-0.1,35.4,0,317.9,466.4,-1179,1.10,212,8,1.298,1.274,1.264,1.287,M,R11:p3/p9/p15/p21
18:25:58,34.711822,138.908863,25380,285.0,-0.1,36.4,0,319.4,469.0,-1314,1.10,212,8,1.290,1.267,1.244,1.278,M,R11:p3/p9/p15/p21
18:25:59,34.712465,138.906345,25357,285.3,-0.1,37.8,0,319.9,469.5,-1454,1.13,212,8,1.269,1.257,1.235,1.266,M,R11:p3/p9/p15/p21
18:26:00,34.713163,138.903846,25331,288.1,-0.1,38.7,0,319.9,470.0,-1602,1.13,212,8,1.261,1.244,1.227,1.256,M,R11:p3/p9/p15/p21
18:26:01,34.713925,138.901372,25303,288.7,-0.1,38.8,0,319.9,469.8,-1754,1.13,212,8,1.239,1.236,1.217,1.245,M,R11:p3/p9/p15/p21
18:26:02,34.714701,138.898903,25273,289.0,-0.1,38.9,0,321.2,471.3,-1895,1.15,212,8,1.229,1.226,1.217,1.240,M,R11:p3/p9/p15/p21
18:26:03,34.715530,138.896448,25240,291.6,-0.1,38.1,0,322.0,472.8,-2006,1.15,212,8,1.218,1.217,1.205,1.238,M,R11:p3/p9/p15/p21
18:26:04,34.716424,138.894024,25206,292.6,-0.1,36.5,0,322.0,472.7,-2086,1.16,212,8,1.210,1.205,1.196,1.216,M,R11:p3/p9/p15/p21
18:26:05,34.717383,138.891635,25171,295.3,-0.1,34.7,0,322.0,473.1,-2136,1.17,212,8,1.190,1.184,1.176,1.208,M,R11:p3/p9/p15/p21
18:26:06,34.718406,138.889280,25135,296.3,-0.1,33.2,0,323.2,474.7,-2156,1.19,212,8,1.172,1.163,1.164,1.175,M,R11:p3/p9/p15/p21
18:26:07,34.719496,138.886958,25099,299.0,-0.1,32.2,0,323.9,476.0,-2165,1.21,212,8,1.143,1.145,1.138,1.139,M,R11:p3/p9/p15/p21
18:26:08,34.720644,138.884674,25063,299.7,-0.1,32.2,0,323.9,475.9,-2139,1.21,212,8,1.120,1.126,1.118,1.128,M,R11:p3/p9/p15/p21
18:26:09,34.721802,138.882400,25028,299.8,-0.1,32.3,0,323.9,475.6,-2067,1.21,212,8,1.099,1.105,1.093,1.096,M,R11:p3/p9/p15/p21
18:26:10,34.723002,138.880156,24995,302.4,-0.1,32.0,0,323.9,476.1,-1964,1.21,212,8,1.080,1.088,1.076,1.088,M,R11:p3/p9/p15/p21
18:26:11,34.724261,138.877954,24963,303.1,0.7,30.1,0,325.2,477.8,-1830,1.20,212,8,1.069,1.070,1.068,1.066,M,R11:p3/p9/p15/p21
18:26:12,34.725532,138.875753,24934,303.1,1.5,26.7,0,325.8,478.4,-1666,1.20,212,8,1.053,1.051,1.046,1.046,M,R11:p3/p9/p15/p21
18:26:13,34.726804,138.873552,24907,303.1,1.5,21.3,0,325.8,478.2,-1478,1.20,212,8,1.027,1.021,1.008,1.008,M,R11:p3/p9/p15/p21
18:26:14,34.728126,138.871400,24885,306.5,1.6,16.5,0,324.1,476.7,-1251,1.20,212,8,1.004,0.993,0.988,0.987,M,R11:p3/p9/p15/p21
18:26:15,34.729499,138.869303,24866,306.6,2.3,13.7,0,323.9,476.3,-994,1.20,212,8,0.982,0.992,0.977,0.977,M,R11:p3/p9/p15/p21
18:26:16,34.730872,138.867208,24852,306.6,2.4,10.6,0,323.9,476.2,-707,1.21,212,8,0.979,0.983,0.969,0.970,M,R11:p3/p9/p15/p21
18:26:17,34.732246,138.865114,24843,306.6,3.0,10.2,0,323.9,476.1,-388,1.22,212,8,0.972,0.983,0.969,0.970,M,R11:p3/p9/p15/p21
18:26:18,34.733664,138.863069,24839,309.9,3.8,11.4,0,322.5,475.0,-39,1.21,212,8,0.970,0.982,0.969,0.970,M,R11:p3/p9/p15/p21
18:26:19,34.735137,138.861086,24841,310.3,3.9,11.9,0,322.0,474.3,341,1.20,212,8,0.970,0.982,0.969,0.970,M,R11:p3/p9/p15/p21
18:26:20,34.736610,138.859113,24850,310.3,4.5,12.2,0,320.8,472.7,752,1.19,212,8,0.970,0.982,0.969,0.970,M,R11:p3/p9/p15/p21
18:26:21,34.738076,138.857151,24867,310.3,4.7,11.0,0,318.4,469.4,1194,1.18,212,8,0.970,0.982,0.972,0.973,M,R11:p3/p9/p15/p21
18:26:22,34.739498,138.855166,24890,307.6,5.4,7.5,0,316.4,465.9,1667,1.15,212,8,0.980,0.982,0.978,0.979,M,R11:p3/p9/p15/p21
18:26:23,34.740852,138.853139,24922,306.7,5.6,3.7,0,314.3,462.7,2127,1.15,212,8,0.993,0.982,0.982,0.982,M,R11:p3/p9/p15/p21
18:26:24,34.742234,138.851157,24961,309.9,6.2,-1.2,0,312.4,461.0,2556,1.12,212,8,0.999,0.986,0.989,0.993,M,R11:p3/p9/p15/p21
18:26:25,34.743666,138.849243,25007,310.5,6.3,-4.4,0,310.4,458.5,2947,1.12,212,8,1.001,0.994,0.992,0.999,M,R11:p3/p9/p15/p21
18:26:26,34.745097,138.847348,25059,310.5,7.0,-4.3,0,308.5,455.9,3300,1.11,212,8,1.011,1.001,1.001,1.000,M,R11:p3/p9/p15/p21
18:26:27,34.746520,138.845464,25117,310.5,7.1,-2.6,0,306.4,453.2,3556,1.10,212,8,1.018,1.009,1.022,1.026,M,R11:p3/p9/p15/p21
18:26:28,34.747938,138.843587,25178,310.5,7.9,-0.3,0,305.9,452.6,3828,1.10,212,8,1.040,1.030,1.033,1.051,M,R11:p3/p9/p15/p21
18:26:29,34.749354,138.841715,25244,310.5,8.0,2.9,0,304.6,451.0,4062,1.07,212,8,1.061,1.050,1.064,1.062,M,R11:p3/p9/p15/p21
18:26:30,34.750761,138.839854,25313,310.5,8.0,5.1,0,301.9,447.5,4259,1.06,211,8,1.090,1.085,1.088,1.098,M,R11:p3/p9/p15/p21
18:26:31,34.752161,138.838004,25386,310.5,7.9,4.6,0,300.5,445.8,4418,1.05,211,8,1.121,1.120,1.119,1.137,M,R11:p3/p9/p15/p21
18:26:32,34.753525,138.836133,25461,308.1,7.9,3.3,0,298.7,442.9,4540,1.04,211,8,1.163,1.165,1.148,1.178,M,R11:p3/p9/p15/p21
18:26:33,34.754828,138.834212,25537,306.8,7.9,0,0,298.3,442.3,4623,1.04,211,8,1.204,1.193,1.190,1.213,M,R11:p3/p9/p15/p21
18:26:34,34.756115,138.832282,25614,306.9,7.9,-3.1,0,296.6,440.4,4669,1.04,211,8,1.231,1.215,1.206,1.242,M,R11:p3/p9/p15/p21
18:26:35,34.757398,138.830363,25692,306.9,7.9,-8.5,0,294.8,438.3,4677,1.02,211,8,1.231,1.199,1.212,1.221,M,R11:p3/p9/p15/p21
18:26:36,34.758676,138.828453,25770,306.9,7.9,-11.3,0,293.4,436.8,4646,1.00,211,8,1.127,1.109,1.061,1.082,M,R11:p3/p9/p15/p21
18:26:37,34.759948,138.826551,25847,306.9,8.6,-11.7,0,291.1,434.1,4577,0.97,211,8,0.990,1.015,0.980,0.970,M,R11:p3/p9/p15/p21
18:26:38,34.761212,138.824662,25923,306.9,8.7,-10.4,0,289.0,431.7,4470,0.96,210,8,0.930,0.953,0.913,0.906,M,R11:p3/p9/p15/p21
18:26:39,34.762471,138.822782,25996,306.9,8.0,-6.7,0,287.1,429.6,4325,0.94,210,7,0.860,0.939,0.877,0.856,M,R11:p3/p9/p15/p21
18:26:40,34.763723,138.820912,26066,306.9,7.9,-2.5,0,285.0,427.2,4141,0.93,210,7,0.843,0.913,0.866,0.848,M,R11:p3/p9/p15/p21
18:26:41,34.764969,138.819052,26134,306.9,7.9,0.3,0,283.2,425.3,3918,0.89,210,7,0.840,0.897,0.862,0.842,M,R11:p3/p9/p15/p21
18:26:42,34.766207,138.817205,26197,306.9,7.3,1.5,0,280.2,421.6,3657,0.86,210,7,0.841,0.893,0.875,0.852,M,R11:p3/p9/p15/p21
18:26:43,34.767435,138.815374,26255,306.8,7.2,1.3,0,277.1,417.8,3358,0.87,210,7,0.860,0.893,0.881,0.870,M,R11:p3/p9/p15/p21
18:26:44,34.768632,138.813538,26309,304.8,6.4,-0.4,0,275.1,414.9,3036,0.83,210,7,0.860,0.891,0.878,0.870,M,R11:p3/p9/p15/p21
18:26:45,34.769764,138.811663,26357,303.1,5.6,-5.4,0,273.0,411.9,2709,0.80,209,7,0.854,0.883,0.871,0.860,M,R11:p3/p9/p15/p21
18:26:46,34.770871,138.809783,26399,303.1,5.0,-9.2,0,271.3,409.9,2377,0.80,209,7,0.860,0.886,0.879,0.861,M,R11:p3/p9/p15/p21
18:26:47,34.771997,138.807930,26436,305.1,4.7,-13.5,0,270.2,409.3,2039,0.79,209,7,0.871,0.897,0.891,0.882,M,R11:p3/p9/p15/p21
18:26:48,34.773175,138.806128,26467,306.6,4.1,-14.3,0,269.4,408.9,1697,0.77,209,7,0.892,0.924,0.914,0.904,M,R11:p3/p9/p15/p21
18:26:49,34.774366,138.804345,26492,306.6,3.9,-14.0,0,268.3,407.5,1349,0.75,209,7,0.921,0.958,0.933,0.940,M,R11:p3/p9/p15/p21
18:26:50,34.775556,138.802565,26512,306.6,3.3,-11.6,0,268.3,407.7,996,0.75,209,7,0.939,0.974,0.943,0.956,M,R11:p3/p9/p15/p21
18:26:51,34.776746,138.800784,26525,306.6,2.5,-6.7,0,268.3,407.7,638,0.77,209,7,0.958,1.002,0.954,0.967,M,R11:p3/p9/p15/p21
18:26:52,34.777902,138.798975,26533,303.9,1.7,-2.4,0,267.8,406.3,275,0.77,209,7,0.989,1.006,0.959,0.972,M,R11:p3/p9/p15/p21
18:26:53,34.779005,138.797133,26535,303.2,0.9,0.6,0,266.2,403.7,-93,0.76,209,7,1.020,1.021,0.966,0.982,M,R11:p3/p9/p15/p21
18:26:54,34.780097,138.795290,26530,303.2,0.1,1.0,0,266.2,403.6,-466,0.76,209,7,1.029,1.030,0.999,0.997,M,R11:p3/p9/p15/p21
18:26:55,34.781189,138.793448,26519,303.2,-0.1,0.9,0,266.2,403.4,-835,0.76,209,7,1.039,1.033,1.027,1.024,M,R11:p3/p9/p15/p21
18:26:56,34.782282,138.791605,26502,303.2,-0.7,0.0,0,267.1,404.4,-1194,0.77,209,7,1.049,1.053,1.047,1.050,M,R11:p3/p9/p15/p21
18:26:57,34.783379,138.789755,26479,303.2,-0.6,-1.9,0,268.2,405.6,-1542,0.78,209,7,1.058,1.061,1.064,1.070,M,R11:p3/p9/p15/p21
18:26:58,34.784477,138.787905,26451,303.2,-1.5,-8.2,0,268.2,405.3,-1879,0.80,209,7,1.079,1.094,1.085,1.099,M,R11:p3/p9/p15/p21
18:26:59,34.785575,138.786054,26417,303.2,-2.4,-12.8,0,269.0,405.9,-2205,0.80,209,7,1.097,1.113,1.108,1.120,M,R11:p3/p9/p15/p21
18:27:00,34.786676,138.784199,26377,303.2,-2.5,-14.8,0,270.1,407.0,-2519,0.80,209,7,1.122,1.150,1.137,1.151,M,R11:p3/p9/p15/p21
18:27:01,34.787774,138.782337,26333,302.8,-3.1,-13.7,0,270.9,407.5,-2823,0.80,209,7,1.171,1.195,1.174,1.197,M,R11:p3/p9/p15/p21
18:27:02,34.788870,138.780462,26283,302.8,-3.3,-12.5,0,273.2,410.1,-3115,,209,7,1.204,1.224,1.197,1.224,M,R11:p3/p9/p15/p21
18:27:03,34.789974,138.778578,26229,302.9,-3.3,-9.5,0,275.1,412.2,-3396,,209,7,1.224,1.235,1.220,1.237,M,R11:p3/p9/p15/p21
18:27:04,34.791072,138.776673,26170,301.6,-4.0,-7.3,0,277.2,414.1,-3666,0.89,209,7,1.243,1.243,1.226,1.244,M,R11:p3/p9/p15/p21
18:27:05,34.792115,138.774718,26107,299.3,-4.1,-6.3,0,278.5,414.5,-3923,0.89,209,7,1.250,1.247,1.226,1.250,M,R11:p3/p9/p15/p21
18:27:06,34.793133,138.772732,26040,299.3,-4.1,-6.1,0,281.0,417.2,-4166,0.91,209,7,1.238,1.245,1.216,1.244,M,R11:p3/p9/p15/p21
18:27:07,34.794141,138.770725,25968,298.0,-4.7,-7.1,0,282.8,418.6,-4396,0.91,209,7,1.220,1.224,1.204,1.213,M,R11:p3/p9/p15/p21
18:27:08,34.795095,138.768671,25893,295.8,-4.9,-10.8,0,284.8,419.9,-4611,0.92,210,8,1.183,1.192,1.173,1.162,M,R11:p3/p9/p15/p21
18:27:09,34.796023,138.766590,25815,295.8,-4.9,-14.0,0,286.7,421.7,-4813,0.94,210,8,1.145,1.160,1.144,1.143,M,R11:p3/p9/p15/p21
18:27:10,34.796957,138.764499,25733,295.9,-5.0,-17.5,0,288.8,423.9,-5000,0.95,210,8,1.116,1.133,1.121,1.110,M,R11:p3/p9/p15/p21
18:27:11,34.797895,138.762403,25648,295.9,-5.0,-19.6,0,289.9,424.6,-5174,0.95,210,8,1.094,1.112,1.093,1.087,M,R11:p3/p9/p15/p21
18:27:12,34.798835,138.760305,25560,295.9,-5.0,-18.9,0,290.4,424.4,-5334,0.96,210,8,1.073,1.086,1.067,1.045,M,R11:p3/p9/p15/p21
18:27:13,34.799777,138.758203,25470,295.9,-5.0,-16.8,0,292.6,426.6,-5480,0.99,210,8,1.039,1.059,1.031,1.027,M,R11:p3/p9/p15/p21
18:27:14,34.800723,138.756091,25378,295.9,-5.0,-13.0,0,294.5,428.4,-5613,1.01,210,8,1.003,1.018,1.004,1.002,M,R11:p3/p9/p15/p21
18:27:15,34.801665,138.753966,25283,295.2,-5.0,-9.1,0,296.2,429.7,-5715,1.01,210,8,0.993,1.009,0.982,0.985,M,R11:p3/p9/p15/p21
18:27:16,34.802548,138.751798,25187,292.3,-4.9,-7.7,0,297.9,430.3,-5773,1.02,211,8,0.971,0.999,0.978,0.976,M,R11:p3/p9/p15/p21
18:27:17,34.803389,138.749604,25091,292.3,-4.9,-7.8,0,298.3,430.0,-5859,1.04,211,8,0.961,0.994,0.966,0.967,M,R11:p3/p9/p15/p21
18:27:18,34.804232,138.747406,24993,292.3,-4.1,-9.3,0,300.7,432.6,-5854,1.07,211,8,0.952,0.973,0.935,0.958,M,R11:p3/p9/p15/p21
18:27:19,34.805058,138.745184,24896,290.7,-4.0,-12.9,0,302.7,434.1,-5796,1.08,211,8,0.952,0.971,0.897,0.947,M,R11:p3/p9/p15/p21
18:27:20,34.805816,138.742922,24800,288.6,-4.0,-16.3,0,303.7,434.3,-5675,1.09,211,8,0.942,0.959,0.892,0.920,M,R11:p3/p9/p15/p21
18:27:21,34.806545,138.740644,24707,288.6,-3.4,-17.3,0,304.3,434.6,-5506,1.09,211,8,0.931,0.950,0.892,0.886,M,R11:p3/p9/p15/p21
18:27:22,34.807297,138.738371,24617,290.2,-3.1,-14.7,0,305.8,436.8,-5293,1.10,210,8,0.924,0.940,0.900,0.869,M,R11:p3/p9/p15/p21
18:27:23,34.808120,138.736123,24531,292.2,-2.5,-10.7,0,306.3,437.9,-5035,1.10,210,8,0.896,0.929,0.899,0.860,M,R11:p3/p9/p15/p21
18:27:24,34.808974,138.733882,24449,292.2,-2.4,-5.1,0,307.9,439.8,-4731,1.11,210,8,0.851,0.917,0.888,0.860,M,R11:p3/p9/p15/p21
18:27:25,34.809823,138.731635,24373,291.7,-2.3,1.3,0,307.9,439.4,-4411,1.11,210,8,0.842,0.899,0.869,0.858,M,R11:p3/p9/p15/p21
18:27:26,34.810613,138.729361,24302,288.9,-1.6,3.7,0,307.9,438.2,-4112,1.12,210,8,0.833,0.887,0.841,0.848,M,R11:p3/p9/p15/p21
18:27:27,34.811356,138.727068,24236,288.8,-0.7,3.7,0,307.9,437.9,-3827,1.10,210,8,0.831,0.861,0.853,0.841,M,R11:p3/p9/p15/p21
18:27:28,34.812068,138.724765,24175,286.9,-0.7,1.9,0,307.9,437.0,-3539,1.11,210,8,0.831,0.851,0.871,0.839,M,R11:p3/p9/p15/p21
18:27:29,34.812710,138.722437,24118,285.2,-0.9,-6.3,0,307.9,436.1,-3263,1.15,210,8,0.823,0.831,0.868,0.827,M,R11:p3/p9/p15/p21
18:27:30,34.813328,138.720102,24066,285.2,-0.7,-10.9,0,307.9,435.9,-2998,1.14,210,8,0.821,0.826,0.846,0.821,M,R11:p3/p9/p15/p21
18:27:31,34.813945,138.717768,24018,285.2,-0.2,-16.4,0,307.9,435.7,-2745,1.12,210,8,0.821,0.836,0.842,0.821,M,R11:p3/p9/p15/p21
18:27:32,34.814582,138.715443,23974,286.6,0.1,-16.7,0,307.9,435.9,-2503,1.11,210,8,0.821,0.856,0.838,0.831,M,R11:p3/p9/p15/p21
18:27:33,34.815285,138.713142,23934,288.6,0.7,-12.5,0,307.9,436.4,-2272,1.10,210,8,0.821,0.897,0.817,0.838,M,R11:p3/p9/p15/p21
18:27:34,34.816016,138.710857,23898,288.6,0.3,-4.8,0,307.0,435.0,-2052,1.11,210,8,0.805,0.892,0.812,0.824,M,R11:p3/p9/p15/p21
18:27:35,34.816745,138.708583,23866,288.6,0.7,0.0,0,305.7,433.1,-1843,1.10,210,8,,0.883,0.812,0.812,M,R11:p3/p9/p15/p21
18:27:36,34.817441,138.706300,23837,286.5,0.7,3.5,0,305.8,432.3,-1646,1.10,210,8,,0.883,0.812,0.824,M,R11:p3/p9/p15/p21
18:27:37,34.818075,138.703998,23811,285.4,1.4,5.3,0,305.1,430.8,-1459,1.08,210,8,0.815,0.874,0.826,0.832,M,R11:p3/p9/p15/p21
18:27:38,34.818691,138.701703,23788,285.4,1.6,2.0,0,302.7,427.4,-1284,1.08,210,8,0.831,0.841,0.866,0.837,M,R11:p3/p9/p15/p21
18:27:39,34.819265,138.699413,23768,282.9,1.6,-4.4,0,300.7,423.6,-1119,1.08,210,8,0.821,0.834,0.881,0.827,M,R11:p3/p9/p15/p21
18:27:40,34.819767,138.697118,23751,281.8,1.6,-10.8,0,299.1,421.0,-966,1.08,209,8,0.811,0.834,0.875,0.813,M,R11:p3/p9/p15/p21
18:27:41,34.820254,138.694827,23736,281.8,1.5,-15.9,0,298.7,420.3,-824,1.07,209,8,0.839,0.838,0.876,0.832,M,R11:p3/p9/p15/p21
18:27:42,34.820754,138.692545,23723,282.9,1.7,-19.0,0,297.9,419.4,-692,1.04,209,8,0.861,0.871,0.880,0.864,M,R11:p3/p9/p15/p21
18:27:43,34.821317,138.690289,23713,285.2,2.4,-17.3,0,297.0,418.9,-572,1.01,209,8,0.872,0.914,0.889,0.892,M,R11:p3/p9/p15/p21
18:27:44,34.821913,138.688052,23704,285.2,2.4,-12.3,0,295.9,417.3,-462,1.02,209,8,0.904,0.951,0.923,0.922,M,R11:p3/p9/p15/p21
18:27:45,34.822508,138.685819,23697,285.2,2.4,-6.4,0,295.9,417.2,-364,1.04,209,8,0.924,0.975,0.936,0.938,M,R11:p3/p9/p15/p21
18:27:46,34.823103,138.683586,23692,285.2,2.4,-2.3,0,295.9,417.1,-273,1.04,209,8,0.955,0.988,0.938,0.946,M,R11:p3/p9/p15/p21
18:27:47,34.823692,138.681354,23688,284.7,2.4,1.0,0,295.2,415.9,-184,1.02,209,8,0.983,0.996,0.931,0.957,M,R11:p3/p9/p15/p21
18:27:48,34.824214,138.679112,23686,281.6,2.4,3.4,0,293.9,412.9,-98,1.02,209,8,1.003,1.004,0.936,0.988,M,R11:p3/p9/p15/p21
18:27:49,34.824687,138.676862,23685,281.6,2.4,1.8,0,293.9,412.9,-16,1.03,209,8,1.007,1.007,0.968,0.998,M,R11:p3/p9/p15/p21
18:27:50,34.825141,138.674610,23685,280.3,2.3,-2.5,0,293.1,411.3,64,1.04,209,8,1.011,1.014,1.013,1.008,M,R11:p3/p9/p15/p21
18:27:51,34.825531,138.672352,23687,278.3,2.4,-8.2,0,292.0,409.0,141,1.05,209,8,1.033,1.038,1.033,1.032,M,R11:p3/p9/p15/p21
18:27:52,34.825891,138.670094,23690,278.3,2.5,-13.0,0,292.0,409.0,214,1.05,209,8,1.051,1.061,1.058,1.057,M,R11:p3/p9/p15/p21
18:27:53,34.826258,138.667837,23694,278.9,3.2,-14.6,0,292.0,409.1,285,1.02,209,8,1.070,1.086,1.080,1.079,M,R11:p3/p9/p15/p21
18:27:54,34.826689,138.665593,23700,281.8,3.4,-13.7,0,292.0,410.1,353,1.02,209,8,1.090,1.112,1.097,1.101,M,R11:p3/p9/p15/p21
18:27:55,34.827165,138.663360,23706,281.8,3.9,-11.0,0,292.0,410.0,418,1.02,209,8,1.120,1.154,1.122,1.144,M,R11:p3/p9/p15/p21
18:27:56,34.827641,138.661130,23713,281.8,4.0,-6.7,0,291.2,408.9,480,1.04,209,8,1.168,1.188,1.167,1.181,M,R11:p3/p9/p15/p21
18:27:57,34.828095,138.658903,23722,280.3,4.0,-2.8,0,290.1,406.9,540,1.03,209,8,1.198,1.210,1.197,1.209,M,R11:p3/p9/p15/p21
18:27:58,34.828483,138.656665,23731,278.4,4.0,-0.4,0,290.1,406.2,596,1.03,209,8,1.229,1.232,1.213,1.232,M,R11:p3/p9/p15/p21
18:27:59,34.828844,138.654423,23742,278.4,4.0,-0.6,0,290.1,406.2,649,1.03,209,8,1.257,1.259,1.240,1.257,M,R11:p3/p9/p15/p21
18:28:00,34.829182,138.652180,23753,276.7,3.9,-4.5,0,289.2,404.4,700,1.05,209,8,1.277,1.292,1.279,1.292,M,R11:p3/p9/p15/p21
18:28:01,34.829444,138.649935,23765,274.5,3.9,-9.7,0,288.1,402.1,747,1.06,209,8,1.295,1.250,1.263,1.268,M,R11:p3/p9/p15/p21
18:28:02,34.829673,138.647690,23778,274.5,3.9,-14.4,0,288.1,402.1,792,1.06,209,8,1.177,1.106,1.113,1.133,M,R11:p3/p9/p15/p21
18:28:03,34.829903,138.645444,23792,274.5,4.0,-18.1,0,288.2,402.3,834,1.02,209,8,1.031,1.052,1.013,1.000,M,R11:p3/p9/p15/p21
18:28:04,34.830133,138.643200,23806,274.5,4.7,-19.6,0,287.6,401.5,872,1.00,209,8,0.956,0.978,0.954,0.919,M,R11:p3/p9/p15/p21
18:28:05,34.830362,138.640966,23821,274.5,4.8,-17.4,0,285.9,399.2,908,0.99,209,8,0.888,0.946,0.902,0.867,M,R11:p3/p9/p15/p21
18:28:06,34.830592,138.638740,23836,274.6,4.6,-11.3,0,285.3,398.4,941,0.99,209,8,0.850,0.925,0.874,0.850,M,R11:p3/p9/p15/p21
18:28:07,34.830823,138.636520,23852,274.6,3.9,-4.4,0,284.2,396.9,964,0.99,209,8,0.842,0.899,0.871,0.850,M,R11:p3/p9/p15/p21
18:28:08,34.831053,138.634309,23868,274.6,3.9,-0.7,0,283.2,395.6,971,0.99,209,8,0.842,0.895,0.875,0.852,M,R11:p3/p9/p15/p21
18:28:09,34.831283,138.632105,23884,274.6,4.0,2.3,0,282.2,394.3,962,0.93,209,8,0.855,0.904,0.890,0.866,M,R11:p3/p9/p15/p21
18:28:10,34.831491,138.629907,23900,273.0,3.7,2.4,0,281.1,392.3,936,0.93,209,8,0.876,0.937,0.916,0.891,M,R11:p3/p9/p15/p21
18:28:11,34.831626,138.627716,23915,270.7,3.2,0.4,0,279.2,389.0,894,0.93,209,8,0.897,0.952,0.943,0.930,M,R11:p3/p9/p15/p21
18:28:12,34.831727,138.625535,23930,270.7,3.0,-5.4,0,278.1,387.5,836,0.94,209,8,0.918,0.992,0.956,0.957,M,R11:p3/p9/p15/p21
18:28:13,34.831828,138.623361,23943,270.7,2.3,-14.2,0,277.5,386.7,761,0.94,209,8,0.936,0.994,0.964,0.967,M,R11:p3/p9/p15/p21
18:28:14,34.831929,138.621195,23955,270.7,2.3,-18.7,0,276.2,385.0,670,0.93,209,8,0.961,1.005,0.966,0.978,M,R11:p3/p9/p15/p21
18:28:15,34.832030,138.619032,23965,270.7,2.3,-22.3,0,276.2,385.0,563,0.90,208,8,0.980,1.011,0.949,0.967,M,R11:p3/p9/p15/p21
18:28:16,34.832131,138.616870,23974,270.7,2.4,-20.5,0,276.2,385.0,439,0.87,208,8,0.980,1.011,0.940,0.929,M,R11:p3/p9/p15/p21
18:28:17,34.832232,138.614708,23980,270.7,2.4,-15.4,0,276.2,385.0,299,0.87,208,8,0.972,1.011,0.940,0.903,M,R11:p3/p9/p15/p21
18:28:18,34.832369,138.612547,23984,273.2,2.0,-7.4,0,276.2,385.7,143,0.90,208,8,0.984,1.008,0.948,0.913,M,R11:p3/p9/p15/p21
18:28:19,34.832570,138.610390,23985,274.2,0.7,0.8,0,276.2,386.0,-30,0.93,208,8,1.000,1.009,0.977,0.942,M,R11:p3/p9/p15/p21
18:28:20,34.832726,138.608231,23983,270.7,0.6,8.1,0,276.2,384.8,-219,0.92,208,8,1.006,1.026,0.994,0.969,M,R11:p3/p9/p15/p21
18:28:21,34.832828,138.606071,23977,270.8,0.7,13.2,0,276.2,384.7,-424,0.91,208,8,1.023,1.037,1.018,0.993,M,R11:p3/p9/p15/p21
18:28:22,34.832924,138.603911,23968,270.2,0.8,13.6,0,276.2,384.4,-646,0.85,208,8,1.032,1.056,1.034,1.015,M,R11:p3/p9/p15/p21
18:28:23,34.832962,138.601752,23956,267.5,0.7,10.5,0,276.2,383.3,-884,0.90,208,8,1.042,1.065,1.046,1.028,M,R11:p3/p9/p15/p21
18:28:24,34.832959,138.599596,23939,267.5,-0.1,-0.7,0,276.2,383.1,-1138,0.93,208,8,1.047,1.064,1.040,1.030,M,R11:p3/p9/p15/p21
18:28:25,34.832956,138.597442,23918,267.5,-0.1,-3.7,0,276.2,382.8,-1409,0.94,208,8,1.037,1.051,1.017,1.016,M,R11:p3/p9/p15/p21
18:28:26,34.832953,138.595289,23892,267.5,-0.7,-11.0,0,276.2,382.5,-1695,0.93,208,8,1.020,1.035,1.009,1.001,M,R11:p3/p9/p15/p21
18:28:27,34.832966,138.593136,23861,268.7,-0.2,-14.8,0,276.8,383.3,-1998,0.89,208,8,1.024,1.033,1.015,1.008,M,R11:p3/p9/p15/p21
18:28:28,34.833042,138.590975,23825,271.0,-0.1,-12.9,0,278.4,385.7,-2289,0.90,208,8,1.045,1.047,1.036,1.021,M,R11:p3/p9/p15/p21
18:28:29,34.833151,138.588809,23785,271.0,-0.2,-5.8,0,278.8,385.8,-2541,0.90,208,8,1.064,1.077,1.051,1.044,M,R11:p3/p9/p15/p21
18:28:30,34.833260,138.586637,23741,271.0,-0.8,1.9,0,280.3,387.4,-2755,0.96,208,8,1.085,1.096,1.074,1.066,M,R11:p3/p9/p15/p21
18:28:31,34.833369,138.584464,23693,270.9,-0.9,8.3,0,280.3,386.9,-2931,0.96,208,8,1.103,1.119,1.084,1.077,M,R11:p3/p9/p15/p21
18:28:32,34.833478,138.582292,23643,270.9,-1.0,14.1,0,280.3,386.5,-3068,0.94,208,8,1.118,1.148,1.095,1.086,M,R11:p3/p9/p15/p21
18:28:33,34.833587,138.580121,23591,270.9,-0.8,15.0,0,281.0,387.0,-3166,0.92,208,8,1.150,1.166,1.100,1.095,M,R11:p3/p9/p15/p21
18:28:34,34.833684,138.577944,23538,270.0,-0.2,13.5,0,282.4,388.2,-3226,0.95,208,8,1.163,1.171,1.109,1.114,M,R11:p3/p9/p15/p21
18:28:35,34.833721,138.575762,23484,267.6,-0.9,5.5,0,283.2,388.1,-3247,0.98,208,8,1.171,1.171,1.115,1.127,M,R11:p3/p9/p15/p21
18:28:36,34.833722,138.573576,23430,267.6,-0.8,0.2,0,284.3,389.2,-3230,1.00,208,8,1.171,1.171,1.138,1.135,M,R11:p3/p9/p15/p21
18:28:37,34.833745,138.571383,23376,269.2,-0.6,-8.9,0,285.3,390.7,-3175,1.01,207,8,1.171,1.171,1.149,1.140,M,R11:p3/p9/p15/p21
18:28:38,34.833832,138.569180,23324,271.0,-0.6,-12.7,0,287.0,393.2,-3081,0.98,207,8,1.171,1.171,1.149,1.140,M,R11:p3/p9/p15/p21
18:28:39,34.833944,138.566968,23274,271.0,-0.1,-11.3,0,288.2,394.6,-2950,0.97,207,8,1.168,1.171,1.149,1.139,M,R11:p3/p9/p15/p21
18:28:40,34.834073,138.564751,23226,272.3,-0.1,-6.3,0,289.0,395.8,-2780,1.02,207,8,1.159,1.171,1.147,1.137,M,R11:p3/p9/p15/p21
18:28:41,34.834274,138.562531,23181,274.8,-0.3,1.2,0,290.2,398.0,-2572,1.07,207,8,1.149,1.167,1.135,1.119,M,R11:p3/p9/p15/p21
18:28:42,34.834487,138.560308,23141,273.0,-0.3,8.8,0,290.7,397.9,-2326,1.08,207,8,1.137,1.157,1.121,1.103,M,R11:p3/p9/p15/p21
18:28:43,34.834626,138.558070,23104,270.9,-0.1,13.2,0,292.9,400.1,-2042,1.05,207,8,1.129,1.147,1.104,1.095,M,R11:p3/p9/p15/p21
18:28:44,34.834734,138.555818,23073,270.9,1.7,14.6,0,294.0,401.5,-1720,1.08,207,8,1.119,1.137,1.094,1.082,M,R11:p3/p9/p15/p21
18:28:45,34.834843,138.553564,23047,270.9,2.2,12.6,0,294.0,401.4,-1360,1.16,207,8,1.098,1.129,1.086,1.050,M,R11:p3/p9/p15/p21
18:28:46,34.834951,138.551310,23028,270.9,2.4,6.0,0,294.0,401.3,-961,1.22,207,8,1.088,1.108,1.072,1.032,M,R11:p3/p9/p15/p21
18:28:47,34.835061,138.549061,23015,271.0,3.2,-3.2,0,292.8,399.7,-526,1.25,207,8,1.076,1.097,1.043,1.025,M,R11:p3/p9/p15/p21
18:28:48,34.835172,138.546820,23010,271.0,4.0,-8.8,0,292.1,398.7,-80,1.24,207,8,1.054,1.085,1.030,1.009,M,R11:p3/p9/p15/p21
18:28:49,34.835304,138.544583,23012,272.5,4.8,-9.4,0,292.1,399.0,348,1.20,207,8,1.039,1.081,1.030,1.011,M,R11:p3/p9/p15/p21
18:28:50,34.835504,138.542349,23022,274.6,5.4,-6.1,0,292.1,399.7,758,1.20,207,8,1.042,1.081,1.034,1.025,M,R11:p3/p9/p15/p21
18:28:51,34.835738,138.540119,23038,274.7,5.4,0.5,0,292.1,399.6,1149,1.24,207,8,1.064,1.110,1.041,1.041,M,R11:p3/p9/p15/p21
18:28:52,34.835972,138.537891,23060,274.7,5.6,10.2,0,291.3,398.5,1522,1.23,207,8,1.082,1.129,1.078,1.060,M,R11:p3/p9/p15/p21
18:28:53,34.836205,138.535674,23088,274.7,6.3,15.7,0,289.6,396.2,1878,1.21,207,8,1.116,1.155,1.098,1.085,M,R11:p3/p9/p15/p21
18:28:54,34.836437,138.533471,23122,274.7,7.1,20.0,0,287.3,393.1,2215,1.17,207,8,1.157,1.186,1.129,1.118,M,R11:p3/p9/p15/p21
18:28:55,34.836668,138.531285,23162,274.7,8.0,19.8,0,285.5,390.7,2534,1.14,207,8,1.194,1.217,1.172,1.152,M,R11:p3/p9/p15/p21
18:28:56,34.836880,138.529112,23207,273.4,8.7,15.3,0,283.2,387.2,2836,1.15,207,8,1.221,1.245,1.203,1.192,M,R11:p3/p9/p15/p21
18:28:57,34.837026,138.526950,23256,271.1,8.7,7.1,0,281.6,384.3,3119,1.17,207,8,1.260,1.272,1.226,1.228,M,R11:p3/p9/p15/p21
18:28:58,34.837163,138.524801,23311,273.0,8.7,-2.2,0,279.5,382.1,3384,1.16,207,8,1.303,1.309,1.258,1.257,M,R11:p3/p9/p15/p21
18:28:59,34.837372,138.522669,23369,275.0,8.8,-5.5,0,278.5,381.5,3632,1.12,207,8,1.329,1.354,1.296,1.286,M,R11:p3/p9/p15/p21
18:29:00,34.837607,138.520542,23432,275.0,9.5,-6.9,0,278.5,381.6,3861,1.09,207,8,1.363,1.392,1.343,1.329,M,R11:p3/p9/p15/p21
18:29:01,34.837870,138.518420,23498,277.0,10.2,-4.3,0,277.7,381.2,4073,1.08,207,8,1.403,1.419,1.375,1.358,M,R11:p3/p9/p15/p21
18:29:02,34.838197,138.516318,23567,278.6,10.3,2.2,0,275.6,379.1,4266,1.11,207,8,1.445,1.446,1.407,1.366,M,R11:p3/p9/p15/p21
18:29:03,34.838544,138.514235,23640,278.6,10.2,9.2,0,273.7,376.6,4441,1.13,207,8,1.508,1.475,1.438,1.392,M,R11:p3/p9/p15/p21
18:29:04,34.838888,138.512162,23715,278.6,10.3,15.1,0,272.5,375.2,4598,1.11,207,8,1.536,1.495,1.462,1.413,M,R11:p3/p9/p15/p21
18:29:05,34.839214,138.510092,23793,277.2,11.2,17.9,0,271.8,374.0,4738,1.06,207,8,1.540,1.498,1.460,1.417,M,R11:p3/p9/p15/p21
18:29:06,34.839480,138.508022,23873,275.3,11.8,17.3,0,269.6,370.6,4859,1.04,207,8,1.539,1.473,1.448,1.407,M,R11:p3/p9/p15/p21
18:29:07,34.839719,138.505968,23955,275.3,11.9,14.9,0,266.5,366.7,4962,1.04,207,8,1.517,1.446,1.408,1.362,M,R11:p3/p9/p15/p21
18:29:08,34.839955,138.503934,24038,275.3,11.7,7.7,0,264.4,364.1,5046,1.03,207,8,1.492,1.409,1.379,1.336,M,R11:p3/p9/p15/p21
18:29:09,34.840191,138.501909,24123,275.3,11.1,0.9,0,263.5,363.2,5113,1.04,207,8,1.508,1.406,1.382,1.346,M,R11:p3/p9/p15/p21
18:29:10,34.840450,138.499891,24209,277.1,11.2,-2.6,0,262.5,362.7,5161,1.02,207,8,1.521,1.413,1.408,1.376,M,R11:p3/p9/p15/p21
18:29:11,34.840764,138.497889,24295,278.5,11.8,-3.8,0,261.2,361.8,5180,0.98,207,8,1.530,1.413,1.406,1.378,M,R11:p3/p9/p15/p21
18:29:12,34.841094,138.495899,24381,278.5,11.9,-1.0,0,259.5,359.9,5170,0.98,207,8,1.507,1.408,1.386,1.361,M,R11:p3/p9/p15/p21
18:29:13,34.841447,138.493924,24467,280.4,11.7,4.9,0,258.0,358.8,5162,0.98,207,8,1.462,1.356,1.340,1.326,M,R11:p3/p9/p15/p21
18:29:14,34.841864,138.491972,24553,282.4,11.0,11.6,0,256.5,357.8,5137,0.98,207,8,1.393,1.319,1.308,1.293,M,R11:p3/p9/p15/p21
18:29:15,34.842305,138.490035,24638,282.4,11.0,18.7,0,255.3,356.6,5093,0.96,207,8,1.357,1.310,1.297,1.275,M,R11:p3/p9/p15/p21
18:29:16,34.842745,138.488106,24723,282.4,11.0,22.2,0,253.6,354.7,5030,0.94,207,8,1.354,1.310,1.300,1.274,M,R11:p3/p9/p15/p21
18:29:17,34.843182,138.486190,24806,282.4,11.1,22.9,0,251.4,352.1,4949,0.91,207,8,1.380,1.319,1.313,1.295,M,R11:p3/p9/p15/p21
18:29:18,34.843593,138.484281,24888,280.5,11.1,19.9,0,249.4,349.2,4850,0.91,207,8,1.425,1.358,1.350,1.335,M,R11:p3/p9/p15/p21
18:29:19,34.843943,138.482371,24967,278.9,10.8,13.9,0,247.4,346.4,4722,0.91,207,8,1.464,1.396,1.389,1.373,M,R11:p3/p9/p15/p21
18:29:20,34.844272,138.480473,25045,278.9,10.1,5.7,0,245.0,343.6,4586,0.91,207,8,1.491,1.410,1.415,1.387,M,R11:p3/p9/p15/p21
18:29:21,34.844635,138.478589,25120,281.5,9.4,1.2,0,244.6,344.5,4356,0.92,207,8,1.504,1.416,1.419,1.395,M,R11:p3/p9/p15/p21
18:29:22,34.845052,138.476720,25191,282.4,9.4,-4.5,0,243.4,343.7,4178,0.90,207,8,1.510,1.429,1.424,1.405,M,R11:p3/p9/p15/p21
18:29:23,34.845478,138.474860,25259,282.4,9.4,-6.5,0,242.4,342.8,3989,0.86,206,8,1.519,1.428,1.422,1.407,M,R11:p3/p9/p15/p21
18:29:24,34.845937,138.473012,25324,285.0,9.2,-4.0,0,241.7,343.3,3782,0.86,206,8,1.504,1.417,1.415,1.396,M,R11:p3/p9/p15/p21
18:29:25,34.846447,138.471186,25385,285.8,8.3,1.4,0,240.2,341.9,3556,0.86,206,8,1.481,1.409,1.398,1.383,M,R11:p3/p9/p15/p21
18:29:26,34.846963,138.469370,25442,285.8,7.7,9.9,0,239.2,341.0,3312,0.88,206,8,1.458,1.397,1.373,1.357,M,R11:p3/p9/p15/p21
18:29:27,34.847479,138.467559,25495,285.9,6.8,17.8,0,238.3,340.3,3049,0.88,206,8,1.474,1.399,1.396,1.359,M,R11:p3/p9/p15/p21
18:29:28,34.847995,138.465754,25544,285.9,6.2,21.5,0,237.2,339.1,2768,0.86,205,8,1.555,1.461,1.464,1.406,M,R11:p3/p9/p15/p21
18:29:29,34.848510,138.463954,25587,285.9,7.0,24.2,0,236.3,338.3,2469,0.82,205,8,1.605,1.516,1.509,1.472,M,R11:p3/p9/p15/p21
18:29:30,34.849024,138.462155,25626,285.9,6.8,23.0,0,236.3,338.6,2163,0.81,205,8,1.591,1.530,1.514,1.490,M,R11:p3/p9/p15/p21
18:29:31,34.849539,138.460354,25660,285.9,6.1,18.9,0,236.3,338.9,1863,0.81,205,8,1.566,1.484,1.445,1.450,M,R11:p3/p9/p15/p21
18:29:32,34.850053,138.458554,25688,285.9,5.5,12.2,0,235.6,338.2,1569,0.84,205,8,1.449,1.374,1.335,1.398,M,R11:p3/p9/p15/p21
18:29:33,34.850565,138.456760,25712,285.9,4.5,3.7,0,234.6,337.0,1281,0.86,205,8,1.330,1.297,1.280,1.291,M,R11:p3/p9/p15/p21
18:29:34,34.851077,138.454967,25731,285.9,3.8,-3.8,0,235.0,337.7,999,0.86,205,8,1.259,1.256,1.243,1.251,M,R11:p3/p9/p15/p21
18:29:35,34.851602,138.453171,25745,287.0,3.1,-8.9,0,236.3,340.0,723,0.83,205,8,1.239,1.250,1.243,1.233,M,R11:p3/p9/p15/p21
18:29:36,34.852182,138.451386,25755,289.3,3.1,-9.5,0,237.1,342.0,453,0.81,205,8,1.252,1.255,1.256,1.246,M,R11:p3/p9/p15/p21
18:29:37,34.852794,138.449604,25760,289.4,2.9,-7.0,0,238.6,344.1,190,0.81,204,7,1.288,1.287,1.282,1.280,M,R11:p3/p9/p15/p21
18:29:38,34.853409,138.447817,25761,289.4,2.4,0.1,0,238.8,344.3,-68,0.82,204,7,1.322,1.330,1.321,1.320,M,R11:p3/p9/p15/p21
18:29:39,34.854025,138.446023,25758,289.4,1.4,6.4,0,240.4,346.5,-320,0.88,204,7,1.366,1.369,1.364,1.357,M,R11:p3/p9/p15/p21
18:29:40,34.854643,138.444223,25751,289.4,0.8,15.3,0,240.4,346.4,-565,0.88,204,8,1.421,1.420,1.410,1.399,M,R11:p3/p9/p15/p21
18:29:41,34.855261,138.442423,25739,289.4,0.8,18.1,0,240.9,346.9,-804,0.86,204,8,1.469,1.458,1.446,1.437,M,R11:p3/p9/p15/p21
18:29:42,34.855862,138.440609,25724,287.8,1.4,18.8,0,242.3,348.2,-1037,0.84,204,8,1.513,1.474,1.470,1.461,M,R11:p3/p9/p15/p21
18:29:43,34.856410,138.438769,25705,286.0,0.4,15.1,0,242.3,347.3,-1264,0.89,205,8,1.541,1.495,1.484,1.475,M,R11:p3/p9/p15/p21
18:29:44,34.856937,138.436921,25682,286.0,0.3,7.6,0,243.0,348.0,-1485,0.89,205,8,1.551,1.501,1.487,1.481,M,R11:p3/p9/p15/p21
18:29:45,34.857465,138.435064,25655,286.0,-0.1,-3.6,0,244.9,350.4,-1699,0.94,205,8,1.551,1.498,1.477,1.477,M,R11:p3/p9/p15/p21
18:29:46,34.857996,138.433196,25625,286.0,-0.9,-12.3,0,246.3,352.0,-1907,0.94,205,8,1.544,1.484,1.466,1.468,M,R11:p3/p9/p15/p21
18:29:47,34.858539,138.431321,25592,286.9,-0.6,-17.5,0,248.1,354.5,-2109,0.92,205,8,1.521,1.458,1.443,1.432,M,R11:p3/p9/p15/p21
18:29:48,34.859143,138.429451,25555,289.5,-0.2,-16.4,0,251.3,359.5,-2304,0.89,205,8,1.497,1.427,1.417,1.393,M,R11:p3/p9/p15/p21
18:29:49,34.859785,138.427577,25515,289.5,-0.1,-11.8,0,253.1,361.7,-2493,0.90,205,8,1.473,1.403,1.383,1.367,M,R11:p3/p9/p15/p21
18:29:50,34.860452,138.425701,25472,291.3,-0.2,-3.3,0,255.3,364.9,-2676,0.93,205,8,1.451,1.382,1.363,1.348,M,R11:p3/p9/p15/p21
18:29:51,34.861180,138.423841,25426,293.0,-1.1,7.1,0,256.5,366.8,-2843,0.97,205,8,1.436,1.367,1.346,1.324,M,R11:p3/p9/p15/p21
18:29:52,34.861908,138.421977,25377,291.2,-1.6,16.8,0,257.0,366.4,-2984,0.98,205,8,1.425,1.353,1.339,1.321,M,R11:p3/p9/p15/p21
18:29:53,34.862580,138.420079,25327,289.5,-0.9,22.7,0,259.1,368.3,-3100,0.95,206,8,1.421,1.351,1.333,1.315,M,R11:p3/p9/p15/p21
18:29:54,34.863236,138.418158,25274,289.5,-0.6,23.2,0,261.1,370.6,-3190,0.93,206,8,1.421,1.351,1.330,1.312,M,R11:p3/p9/p15/p21
18:29:55,34.863895,138.416228,25220,289.5,-0.3,18.8,0,262.3,371.8,-3255,0.94,206,8,1.426,1.351,1.338,1.318,M,R11:p3/p9/p15/p21
18:29:56,34.864530,138.414284,25166,287.8,-0.3,10.5,0,262.8,371.5,-3294,1.01,206,8,1.434,1.351,1.340,1.330,M,R11:p3/p9/p15/p21
18:29:57,34.865137,138.412320,25111,287.6,-0.4,-0.3,0,265.1,374.2,-3328,1.07,206,8,1.441,1.351,1.340,1.332,M,R11:p3/p9/p15/p21
18:29:58,34.865773,138.410353,25055,289.4,-0.9,-10.0,0,266.9,376.9,-3360,1.08,206,8,1.441,1.351,1.340,1.332,M,R11:p3/p9/p15/p21
18:29:59,34.866439,138.408384,24999,289.4,-0.8,-14.0,0,269.2,379.8,-3323,1.04,206,8,1.441,1.351,1.340,1.332,M,R11:p3/p9/p15/p21
18:30:00,34.867136,138.406411,24944,291.4,-0.1,-13.1,0,271.3,383.1,-3259,1.02,206,8,1.438,1.351,1.340,1.332,M,R11:p3/p9/p15/p21
18:30:01,34.867895,138.404453,24890,292.8,-0.1,-5.5,0,273.3,386.0,-3176,1.04,206,8,1.424,1.344,1.336,1.325,M,R11:p3/p9/p15/p21
18:30:02,34.868674,138.402494,24838,292.8,-0.2,4.0,0,274.2,387.0,-3061,1.10,206,8,1.411,1.328,1.321,1.309,M,R11:p3/p9/p15/p21
18:30:03,34.869456,138.400530,24789,292.9,-0.3,14.5,0,275.1,388.0,-2921,1.14,206,8,1.380,1.309,1.299,1.288,M,R11:p3/p9/p15/p21
18:30:04,34.870241,138.398561,24741,292.9,0.0,23.2,0,276.2,389.3,-2755,1.13,206,8,1.356,1.283,1.270,1.258,M,R11:p3/p9/p15/p21
18:30:05,34.871027,138.396590,24697,292.9,1.6,26.5,0,276.2,389.1,-2563,1.07,206,8,1.316,1.266,1.243,1.236,M,R11:p3/p9/p15/p21
18:30:06,34.871806,138.394612,24656,292.2,2.2,24.5,0,277.1,389.9,-2346,1.07,206,8,1.289,1.245,1.233,1.223,M,R11:p3/p9/p15/p21
18:30:07,34.872529,138.392599,24619,289.4,2.3,16.9,0,278.3,390.5,-2103,1.11,206,8,1.276,1.234,1.222,1.202,M,R11:p3/p9/p15/p21
18:30:08,34.873212,138.390565,24586,289.4,2.2,6.0,0,278.3,390.3,-1835,1.17,206,8,1.266,1.223,1.219,1.201,M,R11:p3/p9/p15/p21
18:30:09,34.873920,138.388542,24558,291.3,2.1,-5.7,0,278.3,390.9,-1541,1.18,206,8,1.255,1.222,1.219,1.201,M,R11:p3/p9/p15/p21
18:30:10,34.874690,138.386547,24535,293.0,2.3,-12.5,0,279.0,392.4,-1221,1.14,206,8,1.250,1.222,1.219,1.192,M,R11:p3/p9/p15/p21
18:30:11,34.875494,138.384559,24517,293.6,3.7,-12.6,0,280.3,394.3,-889,1.09,206,8,1.250,1.222,1.215,1.191,M,R11:p3/p9/p15/p21
18:30:12,34.876353,138.382598,24505,296.4,4.0,-7.9,0,280.3,395.2,-558,1.10,206,8,1.250,1.222,1.212,1.190,M,R11:p3/p9/p15/p21
18:30:13,34.877251,138.380660,24499,296.4,3.9,2.3,0,280.3,395.2,-228,1.17,206,8,1.253,1.222,1.223,1.195,M,R11:p3/p9/p15/p21
18:30:14,34.878149,138.378721,24497,296.4,3.9,11.3,0,280.3,395.1,102,1.20,206,8,1.261,1.237,1.236,1.209,M,R11:p3/p9/p15/p21
18:30:15,34.879047,138.376783,24502,296.4,4.5,20.7,0,280.3,395.0,431,1.17,206,8,1.311,1.271,1.264,1.236,M,R11:p3/p9/p15/p21
18:30:16,34.879944,138.374845,24512,296.4,5.3,24.5,0,280.3,395.0,760,1.11,206,8,1.349,1.299,1.300,1.273,M,R11:p3/p9/p15/p21
18:30:17,34.880831,138.372902,24527,295.5,6.9,23.2,0,280.0,394.2,1088,1.12,206,8,1.366,1.323,1.331,1.308,M,R11:p3/p9/p15/p21
18:30:18,34.881658,138.370934,24548,293.0,7.3,15.1,0,278.3,390.9,1415,1.16,206,8,1.387,1.342,1.355,1.333,M,R11:p3/p9/p15/p21
18:30:19,34.882447,138.368957,24574,293.0,7.1,3.0,0,277.7,390.1,1743,1.21,206,8,1.426,1.389,1.374,1.373,M,R11:p3/p9/p15/p21
18:30:20,34.883234,138.366986,24606,293.0,6.4,-8.8,0,276.4,388.3,2069,1.22,206,8,1.478,1.420,1.437,1.410,M,R11:p3/p9/p15/p21
18:30:21,34.884037,138.365029,24643,294.5,8.1,-17.3,0,276.4,388.8,2395,1.16,206,8,1.495,1.433,1.455,1.436,M,R11:p3/p9/p15/p21
18:30:22,34.884896,138.363103,24686,296.3,8.7,-17.0,0,276.4,389.4,2709,1.10,206,8,1.500,1.435,1.455,1.441,M,R11:p3/p9/p15/p21
18:30:23,34.885780,138.361194,24734,296.5,9.5,-12.0,0,275.7,388.5,2998,1.10,206,8,1.484,1.415,1.425,1.430,M,R11:p3/p9/p15/p21
18:30:24,34.886686,138.359312,24786,298.2,9.3,-2.0,0,273.5,386.2,3263,1.16,206,8,1.373,1.349,1.313,1.339,M,R11:p3/p9/p15/p21
18:30:25,34.887623,138.357463,24842,298.8,8.7,9.5,0,272.6,385.2,3503,1.18,206,8,1.285,1.272,1.249,1.252,M,R11:p3/p9/p15/p21
18:30:26,34.888533,138.355604,24902,296.6,9.5,17.8,0,271.9,383.5,3718,1.15,206,8,1.291,1.262,1.254,1.250,M,R11:p3/p9/p15/p21
18:30:27,34.889408,138.353732,24966,296.6,10.3,21.5,0,269.9,380.9,3903,1.07,206,8,1.337,1.282,1.278,1.274,M,R11:p3/p9/p15/p21
18:30:28,34.890266,138.351867,25032,295.5,11.0,19.0,0,268.1,378.1,4069,1.04,206,8,1.367,1.308,1.304,1.301,M,R11:p3/p9/p15/p21
18:30:29,34.891057,138.349981,25101,292.8,10.9,9.4,0,265.6,374.0,4180,1.05,206,8,1.324,1.261,1.242,1.235,M,R11:p3/p9/p15/p21
18:30:30,34.891806,138.348091,25171,292.8,10.2,-1.8,0,263.5,371.3,4244,1.11,205,8,1.246,1.225,1.183,1.181,M,R11:p3/p9/p15/p21
18:30:31,34.892550,138.346216,25243,292.8,9.7,-13.1,0,261.3,368.5,4334,1.11,205,8,1.230,1.223,1.198,1.181,M,R11:p3/p9/p15/p21
18:30:32,34.893299,138.344355,25316,293.6,10.4,-18.5,0,260.3,367.7,4402,1.05,205,8,1.238,1.233,1.222,1.205,M,R11:p3/p9/p15/p21
18:30:33,34.894100,138.342524,25390,296.4,11.2,-21.2,0,260.3,369.0,4453,0.97,205,8,1.275,1.264,1.251,1.234,M,R11:p3/p9/p15/p21
18:30:34,34.894956,138.340723,25464,297.5,11.7,-17.1,0,260.3,369.8,4487,0.97,204,8,1.302,1.278,1.267,1.258,M,R11:p3/p9/p15/p21
18:30:35,34.895860,138.338951,25539,299.7,11.0,-6.5,0,260.1,370.7,4502,0.98,204,8,1.311,1.290,1.268,1.262,M,R11:p3/p9/p15/p21
18:30:36,34.896788,138.337203,25614,299.7,10.2,-0.1,0,257.8,367.8,4500,1.01,204,8,1.311,1.291,1.263,1.262,M,R11:p3/p9/p15/p21
18:30:37,34.897698,138.335462,25689,298.7,9.7,5.2,0,255.6,364.8,4480,1.02,203,8,1.316,1.291,1.261,1.262,M,R11:p3/p9/p15/p21
18:30:38,34.898550,138.333698,25763,296.2,10.3,22.4,0,253.9,361.9,4443,0.95,203,7,1.341,1.303,1.281,1.271,M,R11:p3/p9/p15/p21
18:30:39,34.899367,138.331925,25837,296.2,11.0,22.1,0,252.3,360.1,4387,0.92,203,7,1.375,1.334,1.291,1.300,M,R11:p3/p9/p15/p21
18:30:40,34.900171,138.330150,25909,295.2,11.2,16.9,0,251.9,359.7,4314,0.91,203,7,1.401,1.361,1.313,1.323,M,R11:p3/p9/p15/p21
18:30:41,34.900920,138.328349,25981,292.8,11.0,6.5,0,250.3,357.1,4222,0.99,202,7,1.427,1.369,1.330,1.345,M,R11:p3/p9/p15/p21
18:30:42,34.901634,138.326545,26050,292.8,9.5,-7.2,0,247.9,354.1,4113,1.00,202,7,1.457,1.400,1.351,1.359,M,R11:p3/p9/p15/p21
18:30:43,34.902353,138.324759,26118,293.7,8.7,-17.6,0,246.3,352.6,3986,1.00,202,7,1.484,1.420,1.370,1.376,M,R11:p3/p9/p15/p21
18:30:44,34.903117,138.323001,26183,296.1,9.5,-23.5,0,246.3,353.9,3840,0.93,201,7,1.508,1.435,1.390,1.387,M,R11:p3/p9/p15/p21
18:30:45,34.903935,138.321270,26246,297.6,10.2,-23.2,0,246.3,354.9,3677,0.88,201,7,1.524,1.451,1.411,1.396,M,R11:p3/p9/p15/p21
18:30:46,34.904805,138.319580,26305,300.0,10.2,-15.9,0,244.2,353.2,3495,0.87,201,7,1.529,1.454,1.419,1.400,M,R11:p3/p9/p15/p21
18:30:47,34.905699,138.317914,26362,300.0,9.5,-5.1,0,244.1,353.5,3296,0.91,200,7,1.530,1.454,1.416,1.396,M,R11:p3/p9/p15/p21
18:30:48,34.906591,138.316252,26415,300.0,8.0,7.2,0,242.3,351.3,3078,0.95,200,7,1.529,1.448,1.404,1.386,M,R11:p3/p9/p15/p21
18:30:49,34.907481,138.314595,26464,300.0,6.5,22.2,0,242.0,351.3,2842,0.96,200,7,1.508,1.419,1.397,1.359,M,R11:p3/p9/p15/p21
18:30:50,34.908367,138.312943,26510,300.0,6.5,34.0,0,239.9,348.7,2588,0.92,200,7,1.500,1.400,1.361,1.333,M,R11:p3/p9/p15/p21
18:30:51,34.909239,138.311299,26551,299.2,7.1,37.0,0,238.2,346.3,2315,0.79,200,7,1.478,1.388,1.335,1.317,M,R11:p3/p9/p15/p21
18:30:52,34.910057,138.309625,26587,296.3,7.9,32.2,0,237.9,345.2,2025,0.76,199,7,1.469,1.375,1.326,1.306,M,R11:p3/p9/p15/p21
18:30:53,34.910837,138.307935,26618,296.3,7.8,26.3,0,236.1,342.9,1722,0.81,199,7,1.458,1.371,1.321,1.297,M,R11:p3/p9/p15/p21
18:30:54,34.911614,138.306252,26644,296.3,5.6,12.9,0,235.7,342.6,1413,0.90,199,7,1.451,1.364,1.321,1.292,M,R11:p3/p9/p15/p21
18:30:55,34.912388,138.304574,26665,296.3,4.1,-1.7,0,234.5,341.0,1098,0.92,199,7,1.441,1.364,1.320,1.292,M,R11:p3/p9/p15/p21
18:30:56,34.913166,138.302901,26681,296.8,3.3,-11.5,0,234.6,341.4,776,0.88,199,7,1.441,1.360,1.308,1.292,M,R11:p3/p9/p15/p21
18:30:57,34.914006,138.301261,26691,301.2,4.0,-14.1,0,236.1,345.1,447,0.81,199,7,1.441,1.351,1.308,1.292,M,R11:p3/p9/p15/p21
18:30:58,34.914935,138.299675,26696,303.2,4.0,-12.7,0,236.4,346.2,112,0.80,199,7,1.442,1.351,1.312,1.292,M,R11:p3/p9/p15/p21
18:30:59,34.915906,138.298112,26695,304.5,3.5,1.5,0,238.2,349.2,-229,0.84,199,7,1.453,1.356,1.330,1.296,M,R11:p3/p9/p15/p21
18:31:00,34.916928,138.296585,26688,307.1,1.4,11.5,0,238.2,350.0,-576,0.93,199,7,1.475,1.364,1.340,1.307,M,R11:p3/p9/p15/p21
18:31:01,34.917978,138.295083,26675,307.1,-0.4,31.2,0,238.2,349.7,-930,0.93,199,7,1.481,1.364,1.345,1.312,M,R11:p3/p9/p15/p21
18:31:02,34.919028,138.293581,26657,307.1,-0.9,44.3,0,238.8,350.3,-1290,0.90,199,7,1.481,1.364,1.351,1.312,M,R11:p3/p9/p15/p21
18:31:03,34.920083,138.292071,26632,307.1,-0.5,50.3,0,241.0,353.1,-1656,0.89,199,7,1.481,1.367,1.351,1.317,M,R11:p3/p9/p15/p21
18:31:04,34.921145,138.290548,26602,307.1,0.5,51.0,0,243.2,355.9,-2021,0.72,199,7,1.481,1.374,1.351,1.321,M,R11:p3/p9/p15/p21
18:31:05,34.922214,138.289015,26565,307.1,0.9,45.7,0,244.9,357.8,-2379,0.77,199,7,1.481,1.374,1.351,1.321,M,R11:p3/p9/p15/p21
18:31:06,34.923290,138.287470,26522,307.1,0.2,32.2,0,247.5,361.0,-2729,0.86,199,7,1.471,1.374,1.351,1.321,M,R11:p3/p9/p15/p21
18:31:07,34.924374,138.285913,26474,307.1,-0.8,17.3,0,249.5,363.2,-3072,0.96,200,7,1.471,1.370,1.346,1.321,M,R11:p3/p9/p15/p21
18:31:08,34.925465,138.284346,26420,307.2,-3.1,4.3,0,251.6,365.6,-3407,0.98,200,7,1.460,1.364,1.341,1.321,M,R11:p3/p9/p15/p21
18:31:09,34.926586,138.282791,26361,309.4,-3.7,-5.8,0,253.6,368.5,-3735,0.91,200,7,1.452,1.364,1.341,1.318,M,R11:p3/p9/p15/p21
18:31:10,34.927786,138.281293,26296,312.9,-2.1,-7.8,0,257.2,374.2,-4055,0.88,200,7,1.452,1.364,1.341,1.311,M,R11:p3/p9/p15/p21
18:31:11,34.929083,138.279878,26225,316.5,-2.2,-1.9,0,259.5,378.0,-4368,0.90,201,7,1.452,1.360,1.341,1.311,M,R11:p3/p9/p15/p21
18:31:12,34.930437,138.278514,26150,317.5,-3.5,13.2,0,261.5,380.3,-4673,1.02,201,7,1.452,1.350,1.341,1.311,M,R11:p3/p9/p15/p21
18:31:13,34.931804,138.277160,26070,317.6,-5.7,32.1,0,262.3,380.6,-4971,1.10,201,7,1.451,1.350,1.340,1.307,M,R11:p3/p9/p15/p21
18:31:14,34.933174,138.275804,25984,317.6,-6.1,45.4,0,263.8,381.8,-5247,1.10,202,7,1.443,1.350,1.340,1.302,M,R11:p3/p9/p15/p21
18:31:15,34.934548,138.274443,25895,317.6,-4.6,52.9,0,265.6,383.4,-5491,0.99,202,7,1.452,1.348,1.334,1.297,M,R11:p3/p9/p15/p21
18:31:16,34.935929,138.273075,25802,317.6,-3.0,53.8,0,267.5,385.2,-5701,0.90,202,7,1.412,1.325,1.298,1.276,M,R11:p3/p9/p15/p21
18:31:17,34.937318,138.271700,25705,317.6,-2.3,47.1,0,269.9,387.6,-5878,0.92,203,8,1.355,1.291,1.259,1.242,M,R11:p3/p9/p15/p21
18:31:18,34.938713,138.270318,25606,317.6,-2.9,33.0,0,271.4,388.9,-6022,1.04,203,8,1.296,1.261,1.239,1.208,M,R11:p3/p9/p15/p21
18:31:19,34.940113,138.268930,25505,317.6,-4.4,21.3,0,273.6,391.1,-6132,1.15,204,8,1.266,1.246,1.221,1.197,M,R11:p3/p9/p15/p21
18:31:20,34.941541,138.267559,25402,319.8,-5.3,7.6,0,275.7,394.1,-6210,1.14,204,8,1.251,1.229,1.197,1.170,M,R11:p3/p9/p15/p21
18:31:21,34.943044,138.266279,25298,323.5,-5.5,-3.7,0,277.9,397.9,-6255,1.07,204,8,1.243,1.214,1.189,1.167,M,R11:p3/p9/p15/p21
18:31:22,34.944607,138.265061,25193,324.6,-4.1,-5.0,0,282.0,403.3,-6267,1.03,205,8,1.219,1.188,1.178,1.145,M,R11:p3/p9/p15/p21
18:31:23,34.946218,138.263891,25089,327.2,-3.7,3.6,0,284.0,406.3,-6348,1.21,205,8,1.191,1.160,1.158,1.122,M,R11:p3/p9/p15/p21
18:31:24,34.947871,138.262781,24983,328.2,-4.5,16.3,0,285.7,408.4,-6314,1.28,205,8,1.159,1.133,1.128,1.089,M,R11:p3/p9/p15/p21
18:31:25,34.949539,138.261677,24878,328.2,-5.0,31.1,0,287.8,410.7,-6234,1.23,205,8,1.132,1.112,1.107,1.054,M,R11:p3/p9/p15/p21
18:31:26,34.951210,138.260571,24775,328.2,-4.9,42.5,0,287.9,410.3,-6113,1.23,205,8,1.123,1.091,1.084,1.034,M,R11:p3/p9/p15/p21
18:31:27,34.952885,138.259462,24675,328.2,-2.7,48.5,0,290.0,412.7,-5960,1.11,205,8,1.106,1.060,1.052,1.017,M,R11:p3/p9/p15/p21
18:31:28,34.954569,138.258346,24577,328.2,-0.9,47.3,0,291.8,414.7,-5774,1.19,205,8,1.088,1.042,1.028,1.007,M,R11:p3/p9/p15/p21
18:31:29,34.956257,138.257227,24482,328.2,-0.5,38.3,0,291.9,414.5,-5554,1.27,205,8,1.056,1.011,1.018,0.993,M,R11:p3/p9/p15/p21
18:31:30,34.957948,138.256105,24392,328.2,-1.1,23.1,0,293.7,416.6,-5303,1.28,205,8,1.027,1.001,1.000,0.977,M,R11:p3/p9/p15/p21
18:31:31,34.959660,138.255013,24306,330.5,-1.9,9.8,0,294.0,417.7,-5033,1.21,205,8,1.013,0.994,0.991,0.957,M,R11:p3/p9/p15/p21
18:31:32,34.961429,138.254032,24224,334.3,-1.6,-0.7,0,295.9,421.6,-4732,1.18,205,8,1.004,0.984,0.982,0.937,M,R11:p3/p9/p15/p21
18:31:33,34.963275,138.253213,24148,338.7,-0.8,-4.1,0,297.8,425.8,-4381,1.27,205,8,1.001,0.984,0.982,0.900,M,R11:p3/p9/p15/p21
18:31:34,34.965153,138.252471,24078,339.0,-0.2,3.9,0,298.0,426.0,-4015,1.37,205,8,0.993,0.981,0.960,0.893,M,R11:p3/p9/p15/p21
18:31:35,34.967047,138.251785,24014,341.6,-0.8,21.8,0,298.0,426.9,-3652,1.40,205,8,0.975,0.953,0.928,0.873,M,R11:p3/p9/p15/p21
18:31:36,34.968963,138.251174,23957,342.5,-1.2,35.5,0,298.0,427.1,-3293,1.34,205,8,0.965,0.942,0.892,0.871,M,R11:p3/p9/p15/p21
18:31:37,34.970883,138.250576,23905,342.5,-0.4,48.5,0,298.6,427.8,-2937,1.15,205,8,0.953,0.934,0.883,0.879,M,R11:p3/p9/p15/p21
18:31:38,34.972804,138.249979,23859,342.5,0.4,55.0,0,298.7,427.7,-2585,1.15,205,8,0.951,0.933,0.885,0.890,M,R11:p3/p9/p15/p21
18:31:39,34.974727,138.249401,23818,343.7,2.6,54.0,0,297.4,426.3,-2237,1.21,205,8,0.951,0.932,0.941,0.911,M,R11:p3/p9/p15/p21
18:31:40,34.976660,138.248915,23784,346.4,3.5,43.5,0,295.8,425.1,-1891,1.45,205,8,0.951,0.923,0.932,0.903,M,R11:p3/p9/p15/p21
18:31:41,34.978594,138.248482,23755,346.4,2.9,28.4,0,294.7,423.5,-1549,1.46,205,8,0.951,0.923,0.923,0.900,M,R11:p3/p9/p15/p21
18:31:42,34.980529,138.248064,23732,347.4,2.6,14.9,0,295.3,424.6,-1211,1.46,205,8,0.945,0.923,0.932,0.900,M,R11:p3/p9/p15/p21
18:31:43,34.982487,138.247755,23715,351.7,3.3,7.2,0,296.0,427.2,-876,1.38,205,8,0.948,0.925,0.932,0.900,M,R11:p3/p9/p15/p21
18:31:44,34.984464,138.247575,23703,353.4,5.0,7.1,0,296.0,427.8,-543,1.36,205,8,0.959,0.965,0.932,0.900,M,R11:p3/p9/p15/p21
18:31:45,34.986445,138.247457,23697,354.9,5.2,14.7,0,295.4,427.4,-214,1.45,205,8,0.961,0.972,0.914,0.900,M,R11:p3/p9/p15/p21
18:31:46,34.988421,138.247423,23696,357.5,4.6,28.4,0,292.9,425.0,111,1.51,205,8,0.955,0.954,0.921,0.901,M,R11:p3/p9/p15/p21
18:31:47,34.990387,138.247521,23701,0.7,4.8,43.1,0,290.9,423.5,434,1.48,205,8,0.952,0.953,0.922,0.909,M,R11:p3/p9/p15/p21
18:31:48,34.992341,138.247676,23710,0.7,6.6,52.4,0,289.1,421.0,754,1.37,205,8,0.964,0.955,0.946,0.921,M,R11:p3/p9/p15/p21
18:31:49,34.994283,138.247831,23726,0.7,8.2,55.1,0,287.1,418.2,1070,1.28,205,8,0.990,0.975,1.002,0.961,M,R11:p3/p9/p15/p21
18:31:50,34.996210,138.247998,23746,1.5,9.8,47.7,0,284.6,415.1,1384,1.29,205,8,1.004,0.982,1.002,0.972,M,R11:p3/p9/p15/p21
18:31:51,34.998119,138.248240,23772,4.1,9.1,37.4,0,282.2,412.8,1695,1.33,205,8,1.024,1.000,1.021,0.993,M,R11:p3/p9/p15/p21
18:31:52,35.000014,138.248529,23803,4.1,8.5,24.1,0,281.1,411.3,2003,1.37,205,8,1.038,1.004,1.032,1.007,M,R11:p3/p9/p15/p21
18:31:53,35.001899,138.248838,23839,5.4,8.2,10.5,0,279.2,409.1,2308,1.34,205,8,1.046,1.018,1.041,1.019,M,R11:p3/p9/p15/p21
18:31:54,35.003766,138.249247,23880,9.1,9.0,1.6,0,278.2,409.1,2610,1.25,205,8,1.056,1.028,1.051,1.029,M,R11:p3/p9/p15/p21
18:31:55,35.005612,138.249773,23926,11.2,9.6,3.9,0,277.2,408.5,2900,1.21,205,8,1.067,1.038,1.051,1.038,M,R11:p3/p9/p15/p21
18:31:56,35.007441,138.250356,23976,12.3,9.9,11.1,0,275.8,407.0,3169,1.24,205,8,1.071,1.047,1.051,1.038,M,R11:p3/p9/p15/p21
18:31:57,35.009245,138.251009,24031,14.8,9.3,24.7,0,273.3,404.6,3417,1.27,205,8,1.077,1.058,1.051,1.039,M,R11:p3/p9/p15/p21
18:31:58,35.011027,138.251700,24090,14.8,9.1,35.9,0,271.3,401.9,3643,1.25,205,8,1.086,1.077,1.069,1.052,M,R11:p3/p9/p15/p21
18:31:59,35.012797,138.252387,24152,14.8,10.6,42.6,0,269.6,399.6,3849,1.14,205,8,1.100,1.086,1.078,1.068,M,R11:p3/p9/p15/p21
18:32:00,35.014557,138.253072,24218,14.8,11.8,43.1,0,267.7,397.2,4033,1.05,205,8,1.117,1.106,1.090,1.078,M,R11:p3/p9/p15/p21
18:32:01,35.016303,138.253753,24287,14.8,12.8,39.1,0,265.1,393.7,4195,1.05,205,8,1.126,1.118,1.111,1.089,M,R11:p3/p9/p15/p21
18:32:02,35.018031,138.254428,24357,14.8,12.4,29.4,0,261.2,388.5,4309,1.12,205,8,1.163,1.144,1.140,1.115,M,R11:p3/p9/p15/p21
18:32:03,35.019733,138.255095,24430,14.8,11.7,18.0,0,257.4,383.4,4428,1.15,205,8,1.179,1.163,1.149,1.138,M,R11:p3/p9/p15/p21
18:32:04,35.021421,138.255760,24505,14.9,10.9,2.8,0,256.2,382.0,4526,1.10,206,8,1.182,1.170,1.168,1.161,M,R11:p3/p9/p15/p21
18:32:05,35.023105,138.256426,24581,14.9,11.2,-6.3,0,255.9,381.8,4603,1.02,206,8,1.182,1.171,1.170,1.168,M,R11:p3/p9/p15/p21
18:32:06,35.024772,138.257145,24658,18.6,11.5,-7.5,0,254.3,381.2,4658,0.99,206,8,1.188,1.180,1.180,1.168,M,R11:p3/p9/p15/p21
18:32:07,35.026395,138.258002,24736,21.9,12.1,-2.3,0,253.8,381.9,4693,1.00,206,8,1.191,1.181,1.181,1.169,M,R11:p3/p9/p15/p21
18:32:08,35.027997,138.258903,24815,21.9,11.5,6.8,0,251.5,379.0,4705,1.00,206,8,1.199,1.191,1.181,1.170,M,R11:p3/p9/p15/p21
18:32:09,35.029588,138.259801,24893,22.0,10.8,20.8,0,249.9,377.2,4696,1.06,206,8,1.201,1.191,1.181,1.170,M,R11:p3/p9/p15/p21
18:32:10,35.031166,138.260697,24971,22.1,10.7,27.7,0,247.5,374.2,4659,1.03,206,8,1.201,1.191,1.181,1.170,M,R11:p3/p9/p15/p21
18:32:11,35.032734,138.261592,25048,22.2,11.3,33.2,0,246.2,372.8,4607,0.98,206,8,1.207,1.191,1.181,1.170,M,R11:p3/p9/p15/p21
18:32:12,35.034298,138.262487,25124,22.2,12.9,33.3,0,245.8,372.8,4449,0.93,206,8,1.211,1.200,1.190,1.170,M,R11:p3/p9/p15/p21
18:32:13,35.035852,138.263377,25197,22.2,13.0,25.7,0,242.0,367.8,4354,0.95,205,8,1.211,1.200,1.190,1.179,M,R11:p3/p9/p15/p21
18:32:14,35.037397,138.264257,25269,21.8,12.4,16.1,0,241.8,367.8,4239,0.98,205,8,1.211,1.200,1.190,1.179,M,R11:p3/p9/p15/p21
18:32:15,35.038955,138.265080,25339,18.9,10.7,3.9,0,239.9,364.5,4103,1.02,205,8,1.211,1.200,1.199,1.179,M,R11:p3/p9/p15/p21
18:32:16,35.040518,138.265843,25406,18.5,9.9,-8.0,0,238.1,362.2,3952,1.01,205,8,1.211,1.200,1.199,1.179,M,R11:p3/p9/p15/p21
18:32:17,35.042060,138.266661,25470,22.3,10.0,-17.7,0,237.6,363.2,3792,0.94,205,8,1.218,1.201,1.199,1.180,M,R11:p3/p9/p15/p21
18:32:18,35.043577,138.267537,25532,22.3,10.6,-17.8,0,235.9,361.2,3623,0.88,204,8,1.228,1.210,1.208,1.189,M,R11:p3/p9/p15/p21
18:32:19,35.045075,138.268456,25591,25.2,11.4,-11.9,0,235.9,362.5,3445,0.88,204,8,1.232,1.221,1.209,1.199,M,R11:p3/p9/p15/p21
18:32:20,35.046556,138.269426,25647,25.4,9.8,-1.7,0,235.9,362.9,3258,0.92,204,8,1.232,1.222,1.209,1.199,M,R11:p3/p9/p15/p21
18:32:21,35.048014,138.270440,25700,28.3,8.2,12.3,0,233.7,361.1,3062,0.96,204,8,1.232,1.221,1.209,1.200,M,R11:p3/p9/p15/p21
18:32:22,35.049434,138.271502,25749,28.9,7.7,24.0,0,231.1,357.8,2858,0.96,204,8,1.232,1.222,1.210,1.200,M,R11:p3/p9/p15/p21
18:32:23,35.050858,138.272527,25795,26.2,8.4,29.9,0,230.2,356.0,2644,0.91,203,7,1.239,1.229,1.218,1.200,M,R11:p3/p9/p15/p21
18:32:24,35.052304,138.273496,25837,25.5,9.0,30.2,0,230.0,355.8,2422,0.81,203,7,1.242,1.231,1.229,1.211,M,R11:p3/p9/p15/p21
18:32:25,35.053748,138.274451,25875,25.4,9.6,22.9,0,227.9,353.0,2190,0.81,203,7,1.248,1.239,1.241,1.223,M,R11:p3/p9/p15/p21
18:32:26,35.055200,138.275360,25910,22.6,8.2,14.6,0,227.4,351.6,1950,,203,7,1.259,1.239,1.271,1.256,M,R11:p3/p9/p15/p21
18:32:27,35.056667,138.276212,25940,22.1,6.6,-1.2,0,225.9,349.4,1701,0.93,203,7,1.270,1.257,1.277,1.285,M,R11:p3/p9/p15/p21
18:32:28,35.058126,138.277054,25967,22.1,4.9,-16.1,0,224.1,347.0,1444,0.95,203,7,1.306,1.279,1.321,1.309,M,R11:p3/p9/p15/p21
18:32:29,35.059580,138.277895,25988,22.1,4.5,-27.9,0,224.5,347.7,1177,0.88,203,7,1.333,1.303,1.354,1.343,M,R11:p3/p9/p15/p21
18:32:30,35.061043,138.278739,26006,22.1,5.1,-33.4,0,226.4,350.5,902,0.88,203,7,1.354,1.322,1.361,1.352,M,R11:p3/p9/p15/p21
18:32:31,35.062499,138.279641,26018,25.5,5.8,-30.4,0,228.0,354.0,617,,203,7,1.372,1.329,1.372,1.360,M,R11:p3/p9/p15/p21
18:32:32,35.063939,138.280601,26026,25.6,6.0,-21.8,0,228.0,354.0,324,0.79,203,7,1.381,1.339,1.379,1.372,M,R11:p3/p9/p15/p21
18:32:33,35.065379,138.281562,26029,25.6,4.0,-8.0,0,228.5,354.7,23,0.87,203,7,1.389,1.339,1.380,1.379,M,R11:p3/p9/p15/p21
18:32:34,35.066826,138.282528,26027,25.6,2.5,2.0,0,230.1,356.9,-288,0.92,203,7,1.401,1.340,1.391,1.380,M,R11:p3/p9/p15/p21
18:32:35,35.068277,138.283496,26020,25.5,2.0,14.1,0,230.1,356.7,-607,0.92,203,7,1.423,1.350,1.391,1.381,M,R11:p3/p9/p15/p21
18:32:36,35.069744,138.284416,26007,22.3,2.6,19.5,0,230.1,355.4,-934,0.92,203,7,1.430,1.350,1.399,1.380,M,R11:p3/p9/p15/p21
18:32:37,35.071232,138.285279,25989,21.9,2.7,20.4,0,230.4,355.4,-1256,0.81,203,7,1.431,1.350,1.400,1.380,M,R11:p3/p9/p15/p21
18:32:38,35.072739,138.286099,25965,19.3,2.6,14.4,0,231.9,356.3,-1560,0.84,203,7,1.431,1.350,1.392,1.380,M,R11:p3/p9/p15/p21
18:32:39,35.074267,138.286858,25937,18.1,1.9,-0.6,0,231.9,355.6,-1844,0.94,203,7,1.433,1.351,1.392,1.383,M,R11:p3/p9/p15/p21
18:32:40,35.075812,138.287545,25904,15.0,0.1,-19.1,0,231.9,354.0,-2109,1.01,203,7,1.451,1.363,1.400,1.391,M,R11:p3/p9/p15/p21
18:32:41,35.077371,138.288168,25866,14.3,-0.5,-32.1,0,232.2,353.8,-2355,1.01,204,7,1.452,1.363,1.399,1.391,M,R11:p3/p9/p15/p21
18:32:42,35.078925,138.288838,25825,17.6,-0.4,-39.7,0,234.3,357.6,-2583,1.00,204,7,1.461,1.363,1.391,1.391,M,R11:p3/p9/p15/p21
18:32:43,35.080476,138.289575,25780,17.9,0.2,-41.3,0,236.7,360.7,-2791,0.92,204,8,1.461,1.363,1.390,1.391,M,R11:p3/p9/p15/p21
18:32:44,35.082036,138.290319,25732,17.9,0.5,-37.4,0,238.0,362.0,-2980,0.81,204,8,1.461,1.363,1.380,1.391,M,R11:p3/p9/p15/p21
18:32:45,35.083612,138.291072,25681,18.0,0.6,-21.7,0,242.5,368.0,-3150,0.90,204,8,1.461,1.363,1.380,1.381,M,R11:p3/p9/p15/p21
18:32:46,35.085205,138.291834,25627,18.0,-1.2,-4.6,0,244.1,369.8,-3301,1.00,205,8,1.461,1.363,1.380,1.371,M,R11:p3/p9/p15/p21
18:32:47,35.086801,138.292598,25571,18.0,-2.4,9.6,0,244.5,369.9,-3433,1.04,205,8,1.452,1.351,1.379,1.370,M,R11:p3/p9/p15/p21
18:32:48,35.088400,138.293364,25513,18.0,-2.1,18.5,0,246.0,371.5,-3546,0.98,205,8,1.451,1.350,1.371,1.361,M,R11:p3/p9/p15/p21
18:32:49,35.090024,138.294082,25453,14.8,-0.3,21.0,0,248.6,373.5,-3641,0.95,205,8,1.451,1.350,1.371,1.361,M,R11:p3/p9/p15/p21
18:32:50,35.091676,138.294735,25392,14.1,0.0,14.8,0,250.6,375.6,-3716,0.92,206,8,1.451,1.349,1.360,1.361,M,R11:p3/p9/p15/p21
18:32:51,35.093349,138.295329,25329,11.4,-0.7,2.6,0,251.9,375.9,-3772,1.02,206,8,1.442,1.340,1.360,1.361,M,R11:p3/p9/p15/p21
18:32:52,35.095035,138.295869,25266,11.0,-2.4,-12.9,0,252.4,376.0,-3810,1.13,206,8,1.433,1.340,1.360,1.361,M,R11:p3/p9/p15/p21
18:32:53,35.096728,138.296406,25202,11.0,-2.9,-29.8,0,254.6,378.7,-3829,1.17,206,8,1.422,1.340,1.360,1.361,M,R11:p3/p9/p15/p21
18:32:54,35.098433,138.296945,25139,11.0,-2.1,-39.0,0,256.6,381.1,-3829,1.08,206,8,1.422,1.340,1.352,1.360,M,R11:p3/p9/p15/p21
18:32:55,35.100149,138.297488,25074,11.0,-0.4,-39.3,0,258.7,383.5,-3883,0.98,207,8,1.421,1.330,1.351,1.352,M,R11:p3/p9/p15/p21
18:32:56,35.101875,138.298034,25010,11.0,0.9,-34.1,0,260.6,385.7,-3845,0.97,207,8,1.412,1.328,1.341,1.350,M,R11:p3/p9/p15/p21
18:32:57,35.103611,138.298586,24946,11.3,-0.1,-20.3,0,262.5,388.1,-3789,1.04,207,8,1.402,1.320,1.341,1.341,M,R11:p3/p9/p15/p21
18:32:58,35.105349,138.299201,24884,14.1,-0.9,-4.0,0,265.0,392.3,-3724,1.17,207,8,1.400,1.320,1.341,1.332,M,R11:p3/p9/p15/p21
18:32:59,35.107085,138.299872,24822,14.2,-1.2,10.6,0,266.0,393.4,-3636,1.19,207,8,1.392,1.319,1.341,1.332,M,R11:p3/p9/p15/p21
18:33:00,35.108833,138.300499,24763,11.2,-0.4,17.1,0,266.4,392.4,-3532,1.10,207,8,1.392,1.310,1.331,1.331,M,R11:p3/p9/p15/p21
18:33:01,35.110608,138.300988,24705,7.6,0.3,15.8,0,268.0,392.8,-3412,1.03,207,8,1.390,1.310,1.330,1.321,M,R11:p3/p9/p15/p21
18:33:02,35.112396,138.301406,24649,7.1,0.7,5.8,0,268.0,392.3,-3276,1.05,207,8,1.381,1.310,1.320,1.321,M,R11:p3/p9/p15/p21
18:33:03,35.114188,138.301760,24596,4.2,0.0,-9.9,0,268.0,390.8,-3125,1.19,207,8,1.381,1.307,1.320,1.321,M,R11:p3/p9/p15/p21
18:33:04,35.115985,138.302049,24545,3.8,-0.2,-25.1,0,268.8,391.4,-2957,1.30,207,8,1.371,1.299,1.320,1.321,M,R11:p3/p9/p15/p21
18:33:05,35.117789,138.302333,24497,3.8,0.6,-36.0,0,270.1,393.0,-2773,1.24,207,8,1.369,1.299,1.320,1.321,M,R11:p3/p9/p15/p21
18:33:06,35.119598,138.302617,24452,3.8,1.9,-41.7,0,271.1,394.1,-2573,1.11,207,8,1.360,1.299,1.320,1.321,M,R11:p3/p9/p15/p21
18:33:07,35.121420,138.302903,24411,3.8,3.7,-37.4,0,274.0,397.9,-2358,1.08,207,8,1.352,1.299,1.308,1.321,M,R11:p3/p9/p15/p21
18:33:08,35.123251,138.303189,24374,3.8,3.9,-25.3,0,274.5,398.4,-2126,1.12,207,8,1.352,1.289,1.308,1.311,M,R11:p3/p9/p15/p21
18:33:09,35.125088,138.303476,24341,3.8,2.5,-11.0,0,276.0,400.3,-1879,1.17,207,8,1.351,1.289,1.306,1.308,M,R11:p3/p9/p15/p21
18:33:10,35.126929,138.303764,24311,3.8,2.2,2.7,0,276.1,400.2,-1616,1.28,207,8,1.341,1.287,1.299,1.301,M,R11:p3/p9/p15/p21
18:33:11,35.128770,138.304051,24287,3.8,2.4,12.0,0,276.2,400.2,-1345,1.22,207,8,1.341,1.279,1.287,1.301,M,R11:p3/p9/p15/p21
18:33:12,35.130618,138.304275,24267,0.5,4.5,14.4,0,277.8,400.9,-1048,1.13,207,8,1.340,1.279,1.279,1.282,M,R11:p3/p9/p15/p21
18:33:13,35.132467,138.304431,24252,0.4,5.1,9.3,0,276.0,398.2,-735,1.16,207,8,1.332,1.279,1.258,1.260,M,R11:p3/p9/p15/p21
18:33:14,35.134308,138.304529,24242,357.4,4.8,-4.0,0,275.9,396.7,-405,1.27,207,8,1.329,1.275,1.258,1.257,M,R11:p3/p9/p15/p21
18:33:15,35.136141,138.304548,24238,356.7,4.2,-18.2,0,274.3,394.1,-60,1.34,207,8,1.317,1.270,1.248,1.250,M,R11:p3/p9/p15/p21
18:33:16,35.137968,138.304558,24240,356.7,4.9,-30.7,0,274.3,394.0,302,1.31,207,8,1.300,1.270,1.247,1.248,M,R11:p3/p9/p15/p21
18:33:17,35.139795,138.304567,24249,356.7,6.7,-37.3,0,274.3,393.9,680,1.18,207,8,1.291,1.270,1.238,1.236,M,R11:p3/p9/p15/p21
18:33:18,35.141620,138.304548,24263,355.2,8.3,-33.9,0,274.3,393.2,1058,1.10,207,8,1.282,1.269,1.229,1.230,M,R11:p3/p9/p15/p21
18:33:19,35.143449,138.304519,24284,356.4,8.7,-23.2,0,276.0,395.9,1422,1.13,207,8,1.270,1.259,1.229,1.229,M,R11:p3/p9/p15/p21
18:33:20,35.145280,138.304528,24310,357.0,7.9,-5.6,0,274.2,393.6,1761,1.24,207,8,1.270,1.259,1.229,1.220,M,R11:p3/p9/p15/p21
18:33:21,35.147100,138.304609,24342,359.9,7.5,12.1,0,272.3,392.1,2094,1.27,207,8,1.270,1.259,1.229,1.220,M,R11:p3/p9/p15/p21
18:33:22,35.148914,138.304695,24380,357.3,8.6,18.8,0,272.3,391.0,2412,1.19,207,8,1.271,1.259,1.231,1.220,M,R11:p3/p9/p15/p21
18:33:23,35.150726,138.304725,24423,357.1,10.1,18.4,0,272.1,390.5,2716,1.11,207,8,1.292,1.259,1.238,1.220,M,R11:p3/p9/p15/p21
18:33:24,35.152527,138.304697,24471,354.1,10.5,12.0,0,270.2,386.6,3006,1.10,207,8,1.300,1.260,1.238,1.230,M,R11:p3/p9/p15/p21
18:33:25,35.154317,138.304589,24523,353.1,10.1,-1.8,0,270.2,386.2,3282,1.17,207,8,1.300,1.268,1.238,1.232,M,R11:p3/p9/p15/p21
18:33:26,35.156093,138.304413,24580,350.5,9.5,-17.5,0,268.3,382.4,3543,1.25,207,8,1.300,1.268,1.238,1.240,M,R11:p3/p9/p15/p21
18:33:27,35.157848,138.304172,24641,349.7,10.4,-28.4,0,266.4,379.5,3790,1.25,207,8,1.300,1.269,1.238,1.240,M,R11:p3/p9/p15/p21
18:33:28,35.159601,138.303969,24706,352.4,12.3,-32.4,0,266.2,380.4,4022,1.14,207,8,1.291,1.269,1.238,1.240,M,R11:p3/p9/p15/p21
18:33:29,35.161362,138.303838,24775,353.2,13.4,-29.7,0,266.2,380.8,4240,1.05,207,8,1.291,1.271,1.240,1.240,M,R11:p3/p9/p15/p21
18:33:30,35.163125,138.303716,24847,353.1,13.3,-16.1,0,266.1,380.7,4444,1.05,207,8,1.292,1.279,1.249,1.240,M,R11:p3/p9/p15/p21
18:33:31,35.164875,138.303597,24923,353.2,12.2,-2.6,0,261.8,374.8,4627,1.13,207,8,1.300,1.279,1.258,1.240,M,R11:p3/p9/p15/p21
18:33:32,35.166604,138.303480,25002,353.1,11.0,9.6,0,259.9,372.2,4798,1.18,207,8,1.300,1.279,1.258,1.242,M,R11:p3/p9/p15/p21
18:33:33,35.168321,138.303364,25083,353.1,11.5,18.5,0,258.3,370.1,4958,1.14,207,8,1.300,1.279,1.258,1.250,M,R11:p3/p9/p15/p21
18:33:34,35.170036,138.303251,25166,353.3,13.1,21.6,0,258.2,370.4,5010,1.04,207,8,1.300,1.279,1.258,1.250,M,R11:p3/p9/p15/p21
18:33:35,35.171740,138.303086,25250,350.1,13.6,18.8,0,256.5,366.8,5139,0.97,207,8,1.300,1.281,1.258,1.250,M,R11:p3/p9/p15/p21
18:33:36,35.173415,138.302850,25337,349.5,13.3,9.2,0,252.1,360.5,5254,0.97,207,8,1.300,1.289,1.259,1.254,M,R11:p3/p9/p15/p21
18:33:37,35.175068,138.302610,25425,349.5,12.8,-5.9,0,249.9,357.6,5354,1.08,206,8,1.312,1.292,1.268,1.259,M,R11:p3/p9/p15/p21
18:33:38,35.176715,138.302411,25515,351.7,11.2,-19.1,0,248.4,356.6,5429,1.13,206,8,1.320,1.299,1.268,1.262,M,R11:p3/p9/p15/p21
18:33:39,35.178355,138.302243,25606,351.0,12.2,-28.3,0,246.2,353.5,5468,1.06,206,8,1.320,1.299,1.269,1.271,M,R11:p3/p9/p15/p21
18:33:40,35.179984,138.302039,25697,349.9,13.0,-30.4,0,245.8,352.8,5469,1.06,206,8,1.326,1.305,1.277,1.271,M,R11:p3/p9/p15/p21
18:33:41,35.181607,138.301848,25788,351.8,13.5,-24.5,0,243.2,350.2,5434,0.88,205,8,1.336,1.309,1.277,1.271,M,R11:p3/p9/p15/p21
18:33:42,35.183224,138.301729,25878,353.4,13.3,-12.6,0,241.3,348.6,5362,0.93,205,7,1.339,1.313,1.282,1.271,M,R11:p3/p9/p15/p21
18:33:43,35.184833,138.301635,25967,353.4,11.7,0.8,0,239.2,346.1,5254,0.99,205,7,1.339,1.318,1.287,1.278,M,R11:p3/p9/p15/p21
18:33:44,35.186430,138.301541,26053,353.4,11.1,14.3,0,237.3,343.9,5108,1.00,205,7,1.345,1.317,1.287,1.281,M,R11:p3/p9/p15/p21
18:33:45,35.188015,138.301430,26137,352.0,10.6,24.9,0,235.1,340.7,4925,0.95,204,7,1.355,1.325,1.291,1.281,M,R11:p3/p9/p15/p21
18:33:46,35.189582,138.301251,26217,349.9,11.4,28.5,0,233.6,338.2,4704,0.87,204,7,1.364,1.328,1.297,1.289,M,R11:p3/p9/p15/p21
18:33:47,35.191134,138.301041,26293,349.8,12.9,28.9,0,231.1,335.2,4447,,204,7,1.368,1.328,1.297,1.291,M,R11:p3/p9/p15/p21
18:33:48,35.192663,138.300775,26365,346.4,12.8,20.1,0,229.0,331.4,4152,0.93,204,7,1.366,1.328,1.297,1.291,M,R11:p3/p9/p15/p21
18:33:49,35.194171,138.300454,26432,346.3,11.7,6.7,0,226.8,328.7,3828,0.93,203,7,1.334,1.295,1.280,1.272,M,R11:p3/p9/p15/p21
18:33:50,35.195667,138.300134,26493,346.3,8.9,-8.8,0,225.1,326.8,3485,0.96,203,7,1.264,1.255,1.234,1.229,M,R11:p3/p9/p15/p21
18:33:51,35.197158,138.299816,26548,346.3,8.1,-23.3,0,224.3,326.1,3121,0.94,203,7,1.238,1.187,1.174,1.177,M,R11:p3/p9/p15/p21
18:33:52,35.198650,138.299507,26597,347.1,8.5,-31.8,0,224.3,326.9,2737,0.84,203,7,1.148,1.108,1.092,1.101,M,R11:p3/p9/p15/p21
18:33:53,35.200156,138.299262,26639,350.0,9.7,-31.4,0,224.3,328.4,2334,0.73,203,7,1.083,1.086,1.018,1.025,M,R11:p3/p9/p15/p21
18:33:54,35.201668,138.299070,26674,350.4,9.7,-24.3,0,223.3,327.4,1910,0.73,203,7,1.067,1.065,0.976,0.979,M,R11:p3/p9/p15/p21
18:33:55,35.203177,138.298935,26702,353.3,8.3,-10.2,0,220.9,325.3,1467,0.80,202,7,1.058,1.059,0.963,0.964,M,R11:p3/p9/p15/p21
18:33:56,35.204681,138.298848,26723,353.3,5.1,9.2,0,220.1,324.2,1004,0.87,202,7,1.058,1.059,0.964,0.954,M,R11:p3/p4/p9/p15/p21
18:33:57,35.206180,138.298761,26736,353.3,1.8,28.2,0,219.2,323.0,521,0.88,202,7,1.058,1.058,0.974,0.950,M,R11:p3/p9/p15/p21
18:33:58,35.207671,138.298675,26740,353.3,0.0,38.7,0,218.0,321.2,18,0.80,202,7,1.058,1.046,0.985,0.962,M,R11:p3/p9/p15/p21
18:33:59,35.209158,138.298591,26736,353.4,0.0,49.7,0,218.0,321.0,-499,0.67,202,7,1.050,1.036,0.996,0.975,M,R11:p3/p9/p15/p21
18:34:00,35.210645,138.298509,26724,353.4,1.6,53.0,0,218.0,320.7,-1025,0.59,202,7,1.046,1.028,0.998,0.985,M,R11:p3/p9/p15/p21
18:34:01,35.212133,138.298427,26702,353.4,2.4,50.3,0,219.2,322.0,-1559,0.61,203,7,1.038,1.028,0.999,0.994,M,R11:p3/p9/p15/p21
18:34:02,35.213627,138.298336,26672,352.8,1.9,39.0,0,220.3,322.8,-2103,0.70,203,7,1.038,1.027,0.999,0.994,M,R11:p3/p9/p15/p21
18:34:03,35.215114,138.298189,26632,350.0,-0.6,22.9,0,220.3,321.0,-2655,0.81,203,7,1.038,1.018,0.999,0.990,M,R11:p3/p9/p15/p21
18:34:04,35.216592,138.297977,26583,349.1,-4.1,6.2,0,221.1,321.0,-3216,0.86,203,7,1.029,1.018,0.999,0.990,M,R11:p3/p9/p15/p21
18:34:05,35.218083,138.297816,26525,353.3,-5.6,-7.8,0,223.7,325.4,-3786,0.81,203,7,1.028,1.018,0.999,0.990,M,R11:p3/p9/p15/p21
18:34:06,35.219596,138.297757,26457,355.0,-5.5,-15.5,0,225.5,327.6,-4364,0.73,204,7,1.029,1.018,1.005,0.990,M,R11:p3/p9/p15/p21
18:34:07,35.221127,138.297756,26379,357.1,-4.9,-13.8,0,229.4,332.8,-4949,0.69,204,7,1.037,1.018,1.008,0.990,M,R11:p3/p9/p15/p21
18:34:08,35.222677,138.297869,26292,1.7,-4.8,-3.8,0,232.0,337.1,-5543,0.75,204,7,1.038,1.018,1.006,0.993,M,R11:p3/p9/p15/p21
18:34:09,35.224237,138.298109,26195,4.0,-6.8,11.8,0,235.1,341.0,-6122,0.88,205,7,1.038,1.018,1.005,0.996,M,R11:p3/p9/p15/p21
18:34:10,35.225805,138.298381,26088,4.0,-10.3,31.6,0,237.0,342.1,-6663,0.96,205,7,1.038,1.018,1.008,0.990,M,R11:p3/p9/p15/p21
18:34:11,35.227383,138.298654,25973,4.0,-11.2,45.2,0,240.5,345.5,-7166,0.93,205,7,1.038,1.018,1.007,0.992,M,R11:p3/p9/p15/p21
18:34:12,35.228976,138.298929,25849,4.0,-9.5,53.2,0,243.5,348.2,-7632,0.81,206,8,1.037,1.014,1.004,0.993,M,R11:p3/p9/p15/p21
18:34:13,35.230578,138.299206,25718,4.0,-7.8,54.0,0,245.6,349.5,-8060,0.73,206,8,1.030,1.008,1.009,0.990,M,R11:p3/p9/p15/p21
18:34:14,35.232187,138.299483,25581,4.0,-6.4,47.3,0,248.1,351.4,-8450,0.79,207,8,1.027,1.006,1.004,0.990,M,R11:p3/p9/p15/p21
18:34:15,35.233810,138.299748,25437,3.0,-8.2,34.2,0,252.0,354.9,-8803,0.91,207,8,1.018,0.997,0.999,0.985,M,R11:p4/p9/p15/p21
18:34:16,35.235449,138.299961,25288,1.4,-10.8,17.1,0,254.1,355.6,-9119,1.02,207,8,1.009,0.996,0.997,0.979,M,R11:p4/p9/p15/p21
18:34:17,35.237091,138.300175,25133,3.1,-12.0,4.8,0,255.9,357.2,-9422,1.01,208,8,1.009,0.991,0.986,0.979,M,R11:p4/p9/p15/p21
18:34:18,35.238747,138.300466,24972,5.5,-11.6,-10.1,0,262.0,365.0,-9816,1.00,208,8,1.008,0.991,0.979,0.974,M,R11:p4/p9/p15/p21
18:34:19,35.240417,138.300898,24806,10.3,-10.2,-16.4,0,266.2,371.4,-10042,0.89,208,8,1.004,0.991,0.979,0.967,M,R11:p4/p9/p15/p21
18:34:20,35.242092,138.301447,24638,11.7,-9.6,-10.0,0,270.2,376.2,-10193,0.95,208,8,1.008,0.991,0.977,0.960,M,R11:p4/p9/p15/p21
18:34:21,35.243771,138.302042,24467,12.8,-10.8,6.5,0,271.8,377.6,-10293,1.09,208,8,0.998,0.988,0.965,0.956,M,R11:p4/p9/p15/p21
18:34:22,35.245443,138.302702,24295,14.9,-12.4,27.6,0,274.1,380.4,-10380,1.21,208,8,0.998,0.980,0.959,0.950,M,R11:p4/p9/p15/p21
18:34:23,35.247115,138.303398,24121,14.9,-12.6,38.5,0,276.0,381.8,-10406,1.21,208,8,0.998,0.980,0.963,0.950,M,R11:p4/p9/p15/p21
18:34:24,35.248802,138.304080,23948,13.8,-10.4,48.3,0,279.0,384.5,-10356,1.07,208,8,0.998,0.975,0.969,0.950,M,R11:p4/p9/p15/p21
18:34:25,35.250510,138.304730,23776,13.2,-8.0,49.2,0,281.8,387.2,-10256,1.00,208,8,0.998,0.970,0.966,0.950,M,R11:p4/p9/p15/p21
18:34:26,35.252230,138.305407,23607,14.8,-7.4,43.1,0,285.6,392.4,-10106,1.10,208,8,0.998,0.968,0.959,0.950,M,R11:p4/p9/p15/p21
18:34:27,35.253960,138.306112,23440,14.4,-7.8,27.1,0,287.5,394.2,-9907,1.25,208,8,0.989,0.955,0.958,0.950,M,R11:p4/p9/p15/p21
18:34:28,35.255713,138.306774,23277,12.5,-9.7,8.3,0,290.8,397.3,-9658,1.35,208,8,0.980,0.951,0.958,0.950,M,R11:p4/p9/p15/p21
18:34:29,35.257481,138.307470,23118,16.2,-9.0,-7.3,0,295.1,404.5,-9361,1.32,208,8,0.980,0.953,0.958,0.948,M,R11:p4/p9/p15/p21
18:34:30,35.259246,138.308313,22965,18.8,-6.6,-11.5,0,300.5,412.7,-9000,1.24,208,8,0.989,0.965,0.957,0.940,M,R11:p4/p9/p15/p21
18:34:31,35.261016,138.309229,22818,19.8,-4.9,-6.4,0,302.9,416.3,-8562,1.29,208,8,0.989,0.970,0.951,0.940,M,R11:p4/p9/p15/p21
18:34:32,35.262769,138.310246,22679,23.9,-4.9,10.0,0,305.4,421.4,-8123,1.48,208,8,0.993,0.970,0.958,0.940,M,R11:p4/p9/p15/p21
18:34:33,35.264491,138.311399,22549,25.9,-5.6,32.1,0,307.6,425.4,-7525,1.62,208,8,0.991,0.970,0.959,0.940,M,R11:p4/p9/p15/p21
18:34:34,35.266219,138.312576,22429,25.0,-1.3,41.7,0,309.6,427.9,-6848,1.62,208,8,0.989,0.972,0.973,0.943,M,R11:p4/p9/p15/p21
18:34:35,35.267984,138.313697,22321,23.0,0.1,47.4,0,311.9,430.3,-6095,1.45,207,8,1.000,0.991,1.000,0.982,M,R11:p4/p10/p15/p21
18:34:36,35.269747,138.314852,22226,26.3,2.4,39.2,0,312.2,432.6,-5264,1.45,207,8,1.007,0.991,1.007,0.990,M,R11:p4/p10/p15/p21
18:34:37,35.271487,138.316073,22146,26.3,2.5,23.6,0,312.1,432.8,-4355,1.64,207,8,1.007,0.991,0.999,0.990,M,R11:p4/p10/p15/p21
18:34:38,35.273224,138.317289,22081,26.2,2.4,6.2,0,310.5,431.0,-3370,1.75,207,8,1.007,0.991,0.999,0.990,M,R11:p4/p10/p15/p21
18:34:39,35.274958,138.318502,22034,26.2,3.4,-7.3,0,310.2,430.9,-2312,1.71,207,8,1.007,0.996,0.998,0.996,M,R11:p4/p10/p15/p21
18:34:40,35.276691,138.319728,22004,27.0,6.6,-10.8,0,311.4,433.0,-1232,1.54,207,8,1.007,0.997,0.997,0.980,M,R11:p4/p10/p15/p21
18:34:41,35.278384,138.321047,21992,31.1,8.0,-3.5,0,310.4,433.6,-203,1.53,208,8,1.007,1.017,0.989,0.980,M,R11:p4/p10/p15/p21
18:34:42,35.280009,138.322486,21997,33.2,7.9,13.8,0,308.4,431.8,776,1.67,208,8,0.999,1.017,0.980,0.978,M,R11:p4/p10/p15/p21
18:34:43,35.281606,138.323945,22018,33.2,7.9,31.5,0,306.3,428.7,1704,1.69,208,8,0.998,1.008,0.980,0.970,M,R11:p4/p10/p15/p21
18:34:44,35.283190,138.325395,22054,33.2,9.9,39.4,0,303.8,425.1,2583,1.60,208,8,1.005,1.008,0.991,0.971,M,R11:p4/p10/p15/p21
18:34:45,35.284754,138.326827,22104,33.1,13.7,39.1,0,298.6,417.8,3400,1.43,208,8,1.008,1.008,0.998,0.982,M,R11:p4/p10/p15/p21
18:34:46,35.286292,138.328236,22167,33.1,14.4,30.9,0,294.3,411.7,4177,1.38,208,8,1.008,1.008,0.999,0.990,M,R11:p4/p10/p15/p21
18:34:47,35.287812,138.329631,22243,33.1,14.0,14.4,0,292.2,408.5,4903,1.44,208,8,1.017,1.008,1.001,0.993,M,R11:p4/p10/p15/p21
18:34:48,35.289310,138.331010,22330,33.1,13.2,2.7,0,286.8,400.8,5581,1.45,208,8,1.019,1.008,1.006,1.000,M,R11:p4/p10/p15/p21
18:34:49,35.290781,138.332383,22428,34.0,14.2,-12.7,0,284.9,398.2,6209,1.38,208,8,1.019,1.004,1.006,1.000,M,R11:p4/p10/p15/p21
18:34:50,35.292205,138.333807,22537,36.7,16.2,-17.0,0,282.3,395.6,6787,1.23,208,8,1.019,1.017,1.008,1.002,M,R11:p4/p10/p15/p21
18:34:51,35.293574,138.335276,22654,37.9,17.1,-11.2,0,278.3,390.4,7291,1.19,208,8,1.009,1.014,0.998,1.009,M,R11:p4/p10/p15/p21
18:34:52,35.294884,138.336780,22779,40.3,16.9,-1.1,0,273.6,385.1,7636,1.25,208,8,1.000,0.975,0.955,0.937,M,R11:p4/p10/p15/p21
18:34:53,35.296140,138.338295,22909,40.7,15.7,17.7,0,267.3,376.7,7924,1.23,209,8,0.897,0.940,0.894,0.879,M,R11:p4/p10/p15/p22
18:34:54,35.297336,138.339834,23043,43.8,15.3,33.1,0,263.6,373.3,8123,1.18,209,8,0.880,0.927,0.903,0.878,M,R11:p4/p10/p15/p22
18:34:55,35.298488,138.341384,23179,43.1,16.1,39.5,0,258.3,366.1,8223,1.12,209,8,0.891,0.927,0.916,0.911,M,R11:p4/p10/p15/p22
18:34:56,35.299653,138.342862,23316,40.5,17.2,43.7,0,253.4,358.7,8221,0.97,209,8,0.910,0.941,0.937,0.913,M,R11:p4/p10/p15/p22
18:34:57,35.300819,138.344286,23453,40.5,18.8,40.4,0,248.9,353.3,8117,0.90,209,8,0.931,0.957,0.955,0.926,M,R11:p4/p10/p15/p22
18:34:58,35.301974,138.345698,23586,40.5,18.2,29.8,0,247.0,351.7,7912,0.99,209,8,0.941,0.973,0.966,0.938,M,R11:p4/p10/p15/p22
18:34:59,35.303113,138.347092,23716,40.4,16.6,18.8,0,240.0,343.0,7605,0.99,209,8,0.948,0.991,0.970,0.941,M,R11:p4/p10/p15/p22
18:35:00,35.304223,138.348454,23839,40.4,15.0,3.1,0,234.5,336.7,7195,1.01,209,8,0.969,0.995,0.976,0.946,M,R11:p4/p10/p15/p22
18:35:01,35.305318,138.349811,23955,41.0,13.5,-10.5,0,233.3,336.8,6733,1.00,209,8,0.980,1.000,0.981,0.952,M,R11:p4/p10/p15/p22
18:35:02,35.306388,138.351202,24064,43.0,14.5,-16.1,0,232.2,337.5,6267,1.00,209,8,0.994,1.002,0.981,0.952,M,R11:p4/p10/p15/p22
18:35:03,35.307431,138.352627,24164,43.9,15.1,-14.5,0,231.0,337.5,5798,,209,8,0.992,1.009,0.981,0.952,M,R11:p4/p10/p15/p22
18:35:04,35.308427,138.354095,24257,47.6,14.4,-6.4,0,227.7,335.8,5327,,209,8,0.998,1.011,0.981,0.956,M,R11:p4/p10/p15/p22
18:35:05,35.309334,138.355628,24342,50.7,12.8,5.2,0,223.4,332.2,4825,0.90,210,8,0.999,1.019,0.981,0.961,M,R11:p4/p10/p15/p22
18:35:06,35.310203,138.357171,24418,50.7,9.1,26.6,0,220.9,329.6,4351,0.90,210,8,1.008,1.023,0.987,0.967,M,R11:p4/p10/p15/p22
18:35:07,35.311066,138.358705,24487,50.7,7.8,41.8,0,218.9,327.7,3875,0.90,210,8,1.019,1.053,1.025,0.987,M,R11:p4/p10/p15/p22
18:35:08,35.311922,138.360230,24547,50.7,8.1,51.0,0,216.8,325.4,3396,0.75,210,8,1.079,1.103,1.073,1.041,M,R11:p4/p10/p15/p22
18:35:09,35.312770,138.361744,24600,50.7,8.6,54.2,0,214.7,323.1,2915,0.66,210,8,1.141,1.154,1.135,1.095,M,R11:p4/p10/p15/p22
18:35:10,35.313614,138.363254,24644,50.7,10.3,52.5,0,214.0,322.6,2431,0.63,210,8,1.178,1.188,1.194,1.120,M,R11:p4/p10/p15/p22
18:35:11,35.314457,138.364757,24681,50.5,9.4,44.4,0,212.6,321.0,1946,0.69,210,8,1.233,1.231,1.239,1.206,M,R11:p4/p10/p16/p22
18:35:12,35.315332,138.366218,24709,47.0,8.0,30.7,0,212.0,318.7,1458,0.77,210,8,1.293,1.274,1.257,1.262,M,R11:p4/p10/p16/p22
18:35:13,35.316238,138.367643,24729,47.0,5.2,13.7,0,211.9,318.8,968,0.83,210,8,1.339,1.310,1.312,1.304,M,R11:p4/p10/p16/p22
18:35:14,35.317142,138.369079,24742,47.8,2.6,-3.9,0,213.2,321.1,477,0.82,210,8,1.359,1.326,1.330,1.318,M,R11:p4/p10/p16/p22
18:35:15,35.318014,138.370564,24745,51.1,1.8,-15.5,0,214.8,324.9,-17,0.76,210,8,1.362,1.336,1.330,1.322,M,R11:p4/p10/p16/p22
18:35:16,35.318820,138.372134,24741,54.5,1.7,-18.6,0,217.1,329.6,-512,0.70,210,8,1.370,1.339,1.330,1.322,M,R11:p4/p10/p16/p22
18:35:17,35.319594,138.373753,24728,55.2,2.3,-15.8,0,219.2,332.7,-1008,0.70,210,8,1.371,1.339,1.330,1.322,M,R11:p4/p10/p16/p22
18:35:18,35.320326,138.375425,24707,59.3,1.6,-2.7,0,221.3,337.2,-1507,0.89,210,8,1.382,1.339,1.330,1.322,M,R11:p4/p10/p16/p22
18:35:19,35.320986,138.377160,24678,61.2,-0.2,15.6,0,221.9,338.4,-2006,0.89,210,8,1.390,1.345,1.330,1.322,M,R11:p4/p10/p16/p22
18:35:20,35.321632,138.378912,24640,61.2,-3.0,26.5,0,223.8,340.5,-2507,0.94,210,8,1.392,1.349,1.330,1.322,M,R11:p4/p10/p16/p22
18:35:21,35.322297,138.380664,24594,59.6,-4.1,41.4,0,225.5,341.5,-3009,0.90,210,8,1.403,1.349,1.339,1.322,M,R11:p4/p10/p16/p22
18:35:22,35.323009,138.382394,24540,57.9,-2.4,49.0,0,227.5,342.7,-3489,0.90,210,8,1.410,1.349,1.340,1.327,M,R11:p4/p10/p16/p22
18:35:23,35.323746,138.384120,24478,57.7,-0.9,48.8,0,229.6,344.7,-3923,0.74,210,8,1.412,1.357,1.359,1.342,M,R11:p4/p10/p16/p22
18:35:24,35.324488,138.385853,24410,57.7,-0.3,42.1,0,231.4,346.4,-4312,0.81,210,8,1.423,1.369,1.395,1.369,M,R11:p4/p10/p16/p22
18:35:25,35.325235,138.387596,24335,57.7,-0.5,29.5,0,233.5,348.4,-4654,0.88,210,8,1.445,1.379,1.408,1.386,M,R11:p4/p10/p16/p22
18:35:26,35.325987,138.389348,24255,57.7,-2.8,12.3,0,235.6,350.5,-4979,1.00,210,8,1.466,1.395,1.429,1.394,M,R11:p4/p10/p16/p22
18:35:27,35.326743,138.391110,24169,57.7,-5.4,-5.0,0,237.4,352.1,-5232,1.02,210,8,1.489,1.416,1.435,1.411,M,R11:p4/p10/p16/p22
18:35:28,35.327494,138.392891,24080,58.8,-6.4,-16.1,0,240.5,356.1,-5438,0.95,210,8,1.513,1.431,1.447,1.420,M,R11:p4/p10/p16/p22
18:35:29,35.328211,138.394727,23988,61.2,-5.1,-24.1,0,244.9,362.6,-5599,0.88,210,8,1.520,1.433,1.451,1.420,M,R11:p4/p10/p16/p22
18:35:30,35.328897,138.396619,23894,62.2,-4.0,-21.4,0,248.9,367.9,-5715,0.88,210,8,1.520,1.433,1.451,1.420,M,R11:p4/p10/p16/p22
18:35:31,35.329544,138.398558,23798,64.7,-3.0,-14.6,0,251.2,371.6,-5785,0.98,210,8,1.520,1.433,1.451,1.420,M,R11:p4/p10/p16/p22
18:35:32,35.330166,138.400530,23701,64.7,-3.6,4.7,0,254.1,375.0,-5809,1.12,210,8,1.517,1.427,1.451,1.420,M,R11:p4/p10/p16/p22
18:35:33,35.330795,138.402520,23605,64.7,-5.8,22.8,0,257.4,379.0,-5789,1.17,210,8,1.508,1.410,1.425,1.399,M,R11:p4/p10/p16/p22
18:35:34,35.331433,138.404537,23509,64.7,-5.1,33.2,0,261.6,384.3,-5723,1.10,210,8,1.495,1.394,1.390,1.365,M,R11:p4/p10/p16/p22
18:35:35,35.332078,138.406570,23414,64.7,-3.8,37.5,0,262.9,385.6,-5612,1.02,210,8,1.465,1.374,1.356,1.336,M,R11:p4/p10/p16/p22
18:35:36,35.332740,138.408604,23322,63.4,-2.1,36.4,0,265.1,387.7,-5457,1.02,210,8,1.418,1.335,1.308,1.307,M,R11:p4/p10/p16/p22
18:35:37,35.333459,138.410620,23232,61.3,-1.6,26.6,0,267.1,389.1,-5256,1.13,210,8,1.394,1.323,1.293,1.300,M,R11:p4/p10/p16/p22
18:35:38,35.334211,138.412631,23147,61.2,-2.0,13.6,0,269.4,392.0,-5011,1.25,210,8,1.373,1.315,1.283,1.292,M,R11:p4/p10/p16/p22
18:35:39,35.334960,138.414662,23066,62.2,-3.2,-1.3,0,271.3,394.9,-4722,1.28,210,8,1.349,1.309,1.271,1.288,M,R11:p4/p10/p16/p22
18:35:40,35.335665,138.416744,22990,64.6,-2.0,-13.5,0,274.9,400.8,-4388,1.20,210,8,1.347,1.303,1.268,1.277,M,R11:p4/p10/p16/p22
18:35:41,35.336332,138.418874,22920,65.5,-0.3,-17.5,0,277.6,404.8,-4010,1.14,210,8,1.338,1.295,1.263,1.271,M,R11:p4/p10/p16/p22
18:35:42,35.336943,138.421053,22856,68.9,0.1,-14.2,0,279.3,408.7,-3608,1.17,210,8,1.330,1.289,1.259,1.267,M,R11:p4/p10/p16/p22
18:35:43,35.337488,138.423278,22799,70.1,0.0,0.6,0,281.3,411.9,-3201,1.30,210,8,1.330,1.289,1.259,1.261,M,R11:p4/p10/p16/p22
18:35:44,35.337999,138.425536,22749,71.3,-0.1,19.6,0,283.5,415.3,-2811,1.37,210,8,1.330,1.289,1.259,1.257,M,R11:p4/p10/p16/p22
18:35:45,35.338533,138.427794,22706,68.9,0.4,31.7,0,284.0,414.9,-2395,1.33,210,8,1.316,1.268,1.249,1.236,M,R11:p4/p10/p16/p22
18:35:46,35.339104,138.430037,22670,68.9,1.4,35.8,0,284.0,414.8,-1972,1.24,210,8,1.230,1.176,1.144,1.145,M,R11:p4/p10/p16/p22
18:35:47,35.339675,138.432277,22640,68.8,3.8,34.6,0,283.1,413.5,-1544,1.22,210,8,1.127,1.101,1.067,1.056,M,R11:p4/p10/p16/p22
18:35:48,35.340246,138.434509,22618,68.8,4.8,25.2,0,282.3,412.4,-1111,1.29,210,8,1.094,1.071,1.045,1.025,M,R11:p4/p10/p16/p22
18:35:49,35.340813,138.436734,22603,68.8,4.8,12.2,0,281.1,410.8,-674,1.35,210,8,1.062,1.060,1.046,1.020,M,R11:p4/p10/p16/p22
18:35:50,35.341378,138.438952,22596,68.8,4.7,-1.4,0,280.4,409.8,-232,1.26,210,8,1.059,1.062,1.063,1.037,M,R11:p4/p10/p16/p22
18:35:51,35.341924,138.441181,22596,70.3,5.2,-12.6,0,281.7,412.2,215,1.25,210,8,1.076,1.079,1.070,1.059,M,R11:p4/p10/p16/p22
18:35:52,35.342417,138.443441,22603,72.2,6.8,-14.5,0,282.2,413.7,667,1.19,210,8,1.078,1.079,1.058,1.050,M,R11:p4/p10/p16/p22
18:35:53,35.342860,138.445719,22618,73.5,7.6,-8.0,0,281.3,413.1,1109,1.22,211,8,1.069,1.076,1.044,1.028,M,R11:p4/p10/p16/p22
18:35:54,35.343243,138.448006,22640,75.7,7.5,2.8,0,279.1,411.1,1528,1.31,211,8,1.060,1.071,1.034,1.012,M,R11:p4/p10/p16/p22
18:35:55,35.343591,138.450285,22669,75.7,7.1,22.5,0,276.9,408.1,1923,1.34,211,8,1.059,1.071,1.037,1.016,M,R11:p4/p10/p16/p22
18:35:56,35.343936,138.452549,22704,75.7,8.4,30.7,0,275.0,405.5,2295,1.24,211,8,1.059,1.070,1.047,1.026,M,R11:p4/p10/p16/p22
18:35:57,35.344285,138.454799,22745,75.1,9.9,32.6,0,273.6,403.3,2643,1.13,211,8,1.059,1.070,1.056,1.034,M,R11:p4/p10/p16/p22
18:35:58,35.344685,138.457014,22791,72.3,10.7,30.0,0,270.3,397.6,2943,1.13,211,8,1.059,1.070,1.067,1.046,M,R11:p4/p10/p16/p22
18:35:59,35.345117,138.459190,22843,72.3,11.1,18.5,0,267.2,393.5,3242,1.19,211,8,1.068,1.070,1.070,1.055,M,R11:p4/p10/p16/p22
18:36:00,35.345545,138.461348,22899,72.3,10.7,3.7,0,265.3,390.9,3518,1.23,211,8,1.068,1.070,1.077,1.059,M,R11:p4/p10/p16/p22
18:36:01,35.345949,138.463500,22960,74.0,10.3,-8.0,0,263.1,388.8,3770,1.20,211,8,1.070,1.075,1.080,1.059,M,R11:p4/p10/p16/p22
18:36:02,35.346286,138.465657,23025,76.0,10.7,-16.9,0,261.0,386.9,3999,1.11,211,8,1.079,1.079,1.080,1.068,M,R11:p4/p10/p16/p22
18:36:03,35.346596,138.467808,23093,76.0,11.4,-19.0,0,259.2,384.6,4202,1.04,211,8,1.080,1.080,1.080,1.069,M,R11:p4/p10/p16/p22
18:36:04,35.346888,138.469950,23165,77.2,12.2,-16.3,0,257.1,382.5,4373,1.05,211,8,1.089,1.085,1.080,1.069,M,R11:p4/p10/p16/p22
18:36:05,35.347122,138.472093,23239,79.4,12.2,-5.3,0,255.2,381.1,4514,1.09,211,8,1.089,1.089,1.080,1.069,M,R11:p4/p10/p16/p22
18:36:06,35.347325,138.474230,23315,79.4,11.6,6.8,0,253.4,378.8,4624,1.10,211,8,1.089,1.089,1.080,1.069,M,R11:p4/p10/p16/p22
18:36:07,35.347526,138.476354,23393,79.4,11.2,20.7,0,251.4,376.4,4702,1.05,211,8,1.089,1.095,1.089,1.069,M,R11:p4/p10/p16/p22
18:36:08,35.347733,138.478463,23472,78.6,11.4,28.1,0,249.4,373.6,4750,1.05,211,8,1.089,1.100,1.090,1.069,M,R11:p4/p10/p16/p22
18:36:09,35.347993,138.480540,23551,75.8,12.7,29.3,0,246.2,368.3,4767,0.94,211,8,1.098,1.100,1.098,1.077,M,R11:p4/p10/p16/p22
18:36:10,35.348282,138.482578,23630,75.8,13.6,22.1,0,241.8,362.6,4752,0.95,212,8,1.099,1.100,1.101,1.079,M,R11:p4/p10/p16/p22
18:36:11,35.348573,138.484590,23709,75.2,13.3,11.7,0,239.2,359.2,4706,0.95,212,8,1.099,1.100,1.101,1.088,M,R11:p4/p10/p16/p22
18:36:12,35.348904,138.486574,23787,72.8,12.1,-1.8,0,237.4,356.1,4629,1.02,212,8,1.099,1.100,1.101,1.089,M,R11:p4/p10/p16/p22
18:36:13,35.349260,138.488535,23863,72.9,10.7,-13.0,0,235.1,353.4,4521,1.00,212,8,1.099,1.100,1.101,1.076,M,R11:p4/p10/p16/p22
18:36:14,35.349568,138.490503,23938,76.3,10.3,-23.8,0,234.3,354.4,4381,0.90,212,8,1.099,1.104,1.101,1.070,M,R11:p4/p10/p16/p22
18:36:15,35.349827,138.492483,24009,76.5,10.8,-26.9,0,233.5,354.0,4210,0.84,212,8,1.099,1.110,1.101,1.070,M,R11:p4/p10/p16/p22
18:36:16,35.350044,138.494470,24078,79.4,11.3,-22.5,0,232.2,354.0,4007,0.88,212,8,1.101,1.110,1.101,1.076,M,R11:p4/p10/p16/p22
18:36:17,35.350221,138.496461,24143,79.4,11.6,0.7,0,231.3,353.3,3772,0.88,212,8,1.121,1.119,1.108,1.088,M,R11:p4/p10/p16/p22
18:36:18,35.350386,138.498438,24203,80.3,9.9,1.5,0,227.2,348.5,3506,0.94,212,8,1.130,1.130,1.118,1.096,M,R11:p4/p10/p16/p22
18:36:19,35.350507,138.500405,24259,82.2,7.7,16.9,0,226.1,348.4,3208,0.92,212,8,1.139,1.132,1.128,1.106,M,R11:p4/p10/p16/p22
18:36:20,35.350637,138.502366,24310,79.4,7.7,28.3,0,225.2,346.4,2863,0.92,212,8,1.148,1.138,1.142,1.117,M,R11:p4/p10/p16/p22
18:36:21,35.350820,138.504311,24355,78.4,8.4,32.8,0,224.2,345.1,2503,0.77,212,8,1.161,1.189,1.184,1.167,M,R11:p4/p10/p16/p22
18:36:22,35.351045,138.506240,24393,76.0,9.2,30.1,0,223.2,343.0,2112,0.77,212,8,1.246,1.237,1.244,1.237,M,R11:p4/p10/p16/p22
18:36:23,35.351314,138.508145,24425,74.8,9.1,22.0,0,221.0,339.7,1690,0.78,212,8,1.317,1.289,1.307,1.269,M,R11:p4/p10/p16/p22
18:36:24,35.351629,138.510023,24450,72.4,6.6,6.3,0,220.1,337.6,1260,0.90,212,8,1.343,1.315,1.346,1.320,M,R11:p4/p10/p16/p22
18:36:25,35.351969,138.511885,24467,72.4,4.8,-7.5,0,219.1,336.3,848,0.93,212,8,1.376,1.337,1.358,1.345,M,R11:p4/p10/p16/p22
18:36:26,35.352297,138.513749,24478,73.5,3.6,-21.4,0,219.3,337.3,454,0.88,212,8,1.397,1.346,1.368,1.357,M,R11:p4/p10/p16/p22
18:36:27,35.352582,138.515638,24482,75.9,3.7,-31.5,0,221.3,341.2,77,0.81,212,8,1.411,1.350,1.371,1.360,M,R11:p4/p10/p16/p22
18:36:28,35.352818,138.517554,24481,77.4,4.5,-34.9,0,222.2,343.2,-281,0.74,212,8,1.413,1.350,1.371,1.360,M,R11:p4/p10/p16/p22
18:36:29,35.353007,138.519493,24473,79.4,4.8,-29.0,0,223.9,346.4,-622,0.75,212,8,1.421,1.350,1.371,1.360,M,R11:p4/p10/p16/p22
18:36:30,35.353175,138.521445,24460,79.4,4.2,-16.6,0,224.3,346.8,-945,0.84,212,8,1.424,1.350,1.371,1.354,M,R11:p4/p10/p16/p22
18:36:31,35.353343,138.523398,24442,79.4,2.9,-1.0,0,224.3,346.6,-1250,0.92,213,8,1.430,1.350,1.371,1.351,M,R11:p4/p10/p16/p22
18:36:32,35.353511,138.525353,24418,79.4,0.7,13.9,0,225.5,348.0,-1537,0.93,213,8,1.435,1.350,1.371,1.351,M,R11:p4/p10/p16/p22
18:36:33,35.353690,138.527319,24391,78.5,-0.1,26.5,0,227.8,350.5,-1806,0.93,213,8,1.441,1.350,1.371,1.351,M,R11:p4/p10/p16/p22
18:36:34,35.353919,138.529281,24358,75.8,0.2,31.3,0,228.2,349.5,-2058,0.81,213,8,1.441,1.350,1.371,1.351,M,R11:p4/p10/p16/p22
18:36:35,35.354200,138.531228,24322,74.6,2.2,29.7,0,228.2,348.5,-2291,0.77,213,8,1.441,1.350,1.371,1.358,M,R11:p4/p10/p16/p22
18:36:36,35.354528,138.533159,24282,72.4,2.0,21.9,0,229.3,348.6,-2519,0.85,213,8,1.445,1.350,1.371,1.360,M,R11:p4/p10/p16/p22
18:36:37,35.354885,138.535092,24238,72.3,0.6,7.1,0,231.5,351.2,-2717,0.97,213,8,1.445,1.350,1.371,1.360,M,R11:p4/p10/p16/p22
18:36:38,35.355247,138.537038,24192,72.3,-1.6,-11.5,0,233.4,353.5,-2897,1.00,213,8,1.440,1.350,1.370,1.360,M,R11:p4/p10/p16/p22
18:36:39,35.355612,138.538995,24142,72.3,-2.6,-26.3,0,235.2,355.5,-3059,1.00,213,8,1.440,1.349,1.370,1.360,M,R11:p4/p10/p16/p22
18:36:40,35.355976,138.540970,24090,72.8,-1.5,-35.0,0,238.2,359.5,-3203,0.99,213,8,1.435,1.349,1.370,1.360,M,R11:p4/p10/p16/p22
18:36:41,35.356298,138.542989,24035,75.6,-0.4,-34.2,0,242.9,367.0,-3329,0.82,213,8,1.432,1.342,1.370,1.360,M,R11:p4/p10/p16/p22
18:36:42,35.356590,138.545047,23979,75.6,0.0,-27.3,0,245.5,370.2,-3437,0.88,213,8,1.430,1.339,1.370,1.360,M,R11:p4/p10/p16/p22
18:36:43,35.356878,138.547121,23921,76.3,-0.3,-12.9,0,247.4,372.8,-3527,1.00,213,8,1.425,1.332,1.361,1.354,M,R11:p4/p10/p16/p22
18:36:44,35.357120,138.549221,23861,78.6,-1.7,5.0,0,249.4,376.2,-3599,1.09,213,8,1.420,1.329,1.354,1.344,M,R11:p4/p10/p16/p22
18:36:45,35.357373,138.551333,23801,75.8,-2.8,20.1,0,251.6,377.5,-3649,1.08,213,8,1.400,1.313,1.319,1.310,M,R11:p4/p10/p16/p22
18:36:46,35.357679,138.553445,23740,75.2,-2.1,27.6,0,253.8,379.9,-3675,0.98,213,8,1.376,1.301,1.283,1.293,M,R11:p4/p10/p16/p22
18:36:47,35.358039,138.555552,23678,72.1,-0.3,28.3,0,255.3,380.0,-3676,0.93,213,8,1.366,1.292,1.278,1.292,M,R11:p4/p10/p16/p22
18:36:48,35.358457,138.557648,23617,71.3,0.1,22.5,0,257.3,382.0,-3653,1.02,213,8,1.354,1.289,1.271,1.283,M,R11:p4/p10/p16/p22
18:36:49,35.358925,138.559736,23557,68.9,-0.2,8.1,0,258.4,382.0,-3605,1.15,213,8,1.326,1.282,1.268,1.282,M,R11:p4/p10/p16/p22
18:36:50,35.359429,138.561808,23497,68.7,-1.6,-12.9,0,258.4,381.6,-3532,1.23,213,8,1.315,1.280,1.276,1.289,M,R11:p4/p10/p16/p22
18:36:51,35.359927,138.563887,23439,69.5,-2.0,-25.6,0,259.8,383.6,-3435,1.17,213,8,1.321,1.280,1.278,1.291,M,R11:p4/p10/p16/p22
18:36:52,35.360374,138.566007,23383,72.3,-0.6,-33.4,0,263.3,389.6,-3314,1.06,213,8,1.314,1.280,1.278,1.291,M,R11:p4/p10/p16/p22
18:36:53,35.360788,138.568161,23329,72.3,1.0,-31.7,0,264.9,391.6,-3168,1.01,213,8,1.297,1.273,1.271,1.291,M,R11:p4/p10/p16/p22
18:36:54,35.361206,138.570329,23277,72.3,1.7,-22.7,0,267.3,394.7,-2998,1.09,213,8,1.291,1.270,1.269,1.283,M,R11:p4/p10/p16/p22
18:36:55,35.361627,138.572508,23229,72.3,0.9,-6.8,0,268.2,395.7,-2803,1.19,213,8,1.293,1.270,1.269,1.281,M,R11:p4/p10/p16/p22
18:36:56,35.362048,138.574693,23184,72.3,0.3,4.2,0,269.1,396.8,-2584,1.24,213,8,1.312,1.270,1.269,1.281,M,R11:p4/p10/p16/p22
18:36:57,35.362474,138.576886,23143,72.2,0.3,17.1,0,271.0,399.2,-2341,1.19,213,8,1.321,1.264,1.269,1.281,M,R11:p4/p10/p16/p22
18:36:58,35.362908,138.579090,23106,71.9,2.5,21.1,0,272.3,400.8,-2073,1.12,213,8,1.321,1.260,1.269,1.281,M,R11:p4/p10/p16/p22
18:36:59,35.363394,138.581276,23074,68.3,4.1,16.4,0,272.3,398.8,-1781,1.13,213,8,1.321,1.260,1.269,1.281,M,R11:p4/p10/p16/p22
18:37:00,35.363996,138.583403,23047,64.9,3.8,7.3,0,271.6,396.0,-1465,1.23,213,8,1.321,1.260,1.269,1.281,M,R11:p4/p10/p16/p22
18:37:01,35.364636,138.585500,23025,64.9,2.4,-9.3,0,270.4,394.3,-1124,1.32,213,8,1.321,1.260,1.269,1.281,M,R11:p4/p10/p16/p22
18:37:02,35.365275,138.587596,23010,64.9,2.6,-27.7,0,271.3,395.5,-759,1.31,213,8,1.324,1.260,1.269,1.281,M,R11:p4/p10/p16/p22
18:37:03,35.365917,138.589699,23000,64.9,4.9,-32.2,0,272.4,397.0,-370,1.19,213,8,1.330,1.260,1.269,1.281,M,R11:p4/p10/p16/p22
18:37:04,35.366509,138.591835,22998,68.5,6.5,-30.4,0,272.8,399.4,44,1.12,213,8,1.330,1.260,1.269,1.281,M,R11:p4/p10/p16/p22
18:37:05,35.367052,138.594005,23002,68.5,7.2,-19.5,0,274.2,401.3,459,1.14,213,8,1.329,1.260,1.269,1.281,M,R11:p4/p10/p16/p22
18:37:06,35.367595,138.596177,23013,68.5,7.3,-10.2,0,273.5,400.3,852,1.24,213,8,1.322,1.260,1.269,1.281,M,R11:p4/p10/p16/p22
18:37:07,35.368136,138.598341,23030,68.5,6.5,7.6,0,272.4,398.8,1224,1.27,213,8,1.322,1.260,1.269,1.281,M,R11:p4/p10/p16/p22
18:37:08,35.368677,138.600500,23053,68.3,7.3,17.3,0,272.1,398.3,1574,1.24,214,8,1.322,1.260,1.269,1.281,M,R11:p4/p10/p16/p22
18:37:09,35.369264,138.602627,23082,64.7,8.0,17.7,0,270.3,393.9,1902,1.14,214,8,1.322,1.260,1.269,1.281,M,R11:p4/p10/p16/p22
18:37:10,35.369957,138.604683,23117,61.5,9.7,15.3,0,269.6,391.2,2208,1.11,214,9,1.322,1.260,1.269,1.281,M,R11:p4/p10/p16/p22
18:37:11,35.370687,138.606704,23156,61.3,9.6,6.5,0,267.6,388.4,2493,1.19,214,9,1.322,1.260,1.269,1.281,M,R11:p4/p10/p16/p22
18:37:12,35.371453,138.608684,23200,58.3,8.9,-8.8,0,266.0,384.6,2756,1.27,214,9,1.322,1.267,1.269,1.287,M,R11:p4/p10/p16/p22
18:37:13,35.372257,138.610618,23248,58.0,8.1,-26.1,0,263.7,381.4,2997,1.27,214,9,1.322,1.270,1.269,1.291,M,R11:p4/p10/p16/p22
18:37:14,35.373017,138.612569,23299,61.2,9.7,-33.8,0,262.4,381.5,3216,1.15,214,9,1.322,1.270,1.269,1.291,M,R11:p4/p10/p16/p22
18:37:15,35.373733,138.614546,23355,61.2,11.3,-33.4,0,262.4,381.6,3414,1.07,214,9,1.322,1.270,1.273,1.291,M,R11:p4/p10/p16/p22
18:37:16,35.374449,138.616522,23413,61.2,11.9,-25.8,0,262.0,381.2,3590,1.03,214,9,1.319,1.270,1.279,1.291,M,R11:p4/p10/p16/p22
18:37:17,35.375162,138.618492,23474,61.2,12.0,-12.1,0,259.9,378.5,3745,1.10,214,9,1.311,1.270,1.274,1.291,M,R11:p4/p10/p16/p22
18:37:18,35.375868,138.620446,23538,61.2,11.2,2.8,0,257.6,375.6,3877,1.15,214,9,1.307,1.263,1.257,1.270,M,R11:p4/p10/p16/p22
18:37:19,35.376568,138.622387,23603,61.2,10.6,13.8,0,255.6,373.1,3988,1.13,214,9,1.274,1.254,1.229,1.235,M,R11:p4/p10/p16/p22
18:37:20,35.377263,138.624316,23671,61.2,11.3,17.3,0,253.8,370.8,4077,1.05,214,9,1.250,1.246,1.218,1.228,M,R11:p4/p10/p16/p22
18:37:21,35.377995,138.626203,23739,57.3,13.0,17.6,0,251.7,366.0,4144,0.98,214,9,1.242,1.240,1.218,1.220,M,R11:p4/p10/p16/p22
18:37:22,35.378812,138.628003,23809,54.6,12.9,10.7,0,248.8,360.8,4189,1.01,214,8,1.240,1.240,1.216,1.217,M,R11:p4/p10/p16/p22
18:37:23,35.379653,138.629766,23879,54.4,11.3,-3.1,0,247.7,359.5,4212,1.09,214,8,1.232,1.240,1.209,1.211,M,R11:p4/p10/p16/p22
18:37:24,35.380491,138.631520,23949,54.4,10.6,-18.5,0,245.9,357.4,4212,1.11,214,8,1.231,1.240,1.209,1.211,M,R11:p4/p10/p16/p22
18:37:25,35.381322,138.633264,24019,54.4,10.5,-30.9,0,243.8,354.8,4191,1.07,215,8,1.231,1.237,1.205,1.211,M,R11:p4/p10/p16/p22
18:37:26,35.382147,138.634996,24089,54.4,11.3,-37.3,0,242.2,353.0,4150,0.96,215,8,1.231,1.229,1.195,1.207,M,R11:p4/p10/p16/p22
18:37:27,35.382970,138.636727,24157,54.5,12.9,-34.3,0,242.2,353.5,4092,0.90,215,8,1.222,1.221,1.190,1.190,M,R11:p4/p10/p16/p22
18:37:28,35.383766,138.638483,24225,56.9,13.6,-26.1,0,242.0,355.0,4016,0.90,215,8,1.211,1.221,1.187,1.185,M,R11:p4/p10/p16/p22
18:37:29,35.384519,138.640265,24291,57.6,12.0,-11.5,0,239.5,352.3,3916,0.97,215,8,1.211,1.221,1.181,1.180,M,R11:p4/p10/p16/p22
18:37:30,35.385258,138.642037,24355,57.6,9.5,7.9,0,237.2,349.6,3793,1.02,215,8,1.220,1.221,1.180,1.180,M,R11:p4/p10/p16/p22
18:37:31,35.385991,138.643796,24417,57.5,8.8,19.3,0,235.2,347.1,3664,1.02,215,8,1.222,1.221,1.185,1.180,M,R11:p4/p10/p16/p22
18:37:32,35.386754,138.645519,24477,54.6,9.8,25.4,0,234.2,344.5,3518,0.90,215,8,1.230,1.221,1.191,1.183,M,R11:p4/p10/p16/p22
18:37:33,35.387554,138.647207,24535,54.2,10.6,26.0,0,233.4,343.6,3355,0.83,215,8,1.231,1.221,1.192,1.190,M,R11:p4/p10/p16/p22
18:37:34,35.388383,138.648857,24589,51.4,11.3,21.1,0,231.4,339.6,3173,0.82,215,8,1.239,1.221,1.198,1.193,M,R11:p4/p10/p16/p22
18:37:35,35.389247,138.650456,24640,50.4,9.6,7.9,0,229.3,336.5,2974,0.91,215,9,1.241,1.221,1.199,1.200,M,R11:p4/p10/p16/p22
18:37:36,35.390141,138.652005,24688,47.9,8.1,-8.2,0,227.2,332.5,2758,0.98,215,9,1.241,1.221,1.200,1.200,M,R11:p4/p10/p16/p22
18:37:37,35.391062,138.653511,24732,47.2,6.7,-23.6,0,226.2,331.1,2523,0.98,215,9,1.241,1.223,1.208,1.200,M,R11:p4/p10/p16/p22
18:37:38,35.391958,138.655042,24772,50.3,6.9,-32.7,0,226.2,333.3,2271,0.91,215,9,1.241,1.231,1.206,1.200,M,R11:p4/p10/p16/p22
18:37:39,35.392818,138.656615,24808,50.8,8.2,-34.9,0,226.8,334.7,2001,0.79,215,9,1.241,1.231,1.199,1.200,M,R11:p4/p10/p16/p22
18:37:40,35.393641,138.658238,24839,54.2,8.7,-29.1,0,228.0,338.7,1714,0.76,215,9,1.241,1.231,1.198,1.200,M,R11:p4/p10/p16/p22
18:37:41,35.394429,138.659896,24865,54.3,7.8,-17.1,0,227.1,337.7,1409,0.82,215,9,1.241,1.231,1.198,1.200,M,R11:p4/p10/p16/p22
18:37:42,35.395212,138.661549,24886,54.3,5.7,-1.2,0,226.1,336.5,1086,0.91,215,9,1.241,1.231,1.198,1.200,M,R11:p4/p10/p16/p22
18:37:43,35.395967,138.663223,24901,56.8,3.4,17.9,0,226.1,338.1,745,0.95,215,9,1.241,1.231,1.200,1.200,M,R11:p4/p10/p16/p22
18:37:44,35.396724,138.664896,24910,54.0,2.6,30.6,0,226.1,336.6,387,0.90,216,9,1.248,1.231,1.208,1.200,M,R11:p4/p10/p16/p22
18:37:45,35.397517,138.666539,24914,53.7,3.3,35.1,0,226.0,336.3,12,0.80,216,9,1.258,1.231,1.208,1.200,M,R11:p4/p10/p16/p22
18:37:46,35.398346,138.668146,24911,50.6,4.9,34.5,0,226.0,334.5,-381,0.73,216,9,1.261,1.231,1.208,1.200,M,R11:p4/p10/p16/p22
18:37:47,35.399209,138.669721,24901,50.5,4.9,25.9,0,226.0,334.3,-772,0.77,216,9,1.261,1.231,1.208,1.200,M,R11:p4/p10/p16/p22
18:37:48,35.400072,138.671295,24885,50.5,3.6,15.7,0,226.0,334.1,-1141,0.88,216,9,1.261,1.231,1.210,1.200,M,R11:p4/p10/p16/p22
18:37:49,35.400965,138.672836,24863,47.6,0.7,-2.1,0,226.0,332.2,-1488,0.96,216,9,1.261,1.231,1.221,1.204,M,R11:p4/p10/p16/p22
18:37:50,35.401887,138.674348,24835,47.6,-0.9,-20.2,0,227.0,333.3,-1814,0.98,216,9,1.261,1.231,1.241,1.220,M,R11:p4/p10/p16/p22
18:37:51,35.402791,138.675892,24803,50.2,-0.7,-30.2,0,228.7,336.8,-2117,0.89,216,9,1.261,1.233,1.248,1.242,M,R11:p4/p10/p16/p22
18:37:52,35.403667,138.677484,24765,50.8,0.3,-33.4,0,231.0,340.0,-2399,0.89,216,9,1.261,1.239,1.248,1.250,M,R11:p4/p10/p16/p22
18:37:53,35.404515,138.679124,24723,53.6,1.6,-30.0,0,233.3,344.5,-2659,0.78,216,9,1.261,1.239,1.248,1.250,M,R11:p4/p10/p16/p22
18:37:54,35.405329,138.680810,24677,54.3,0.5,-17.6,0,234.6,346.2,-2896,0.78,216,9,1.261,1.239,1.248,1.250,M,R11:p4/p10/p16/p22
18:37:55,35.406142,138.682510,24626,54.3,-0.4,-0.2,0,236.3,348.2,-3112,0.98,216,9,1.266,1.239,1.248,1.250,M,R11:p4/p10/p16/p22
18:37:56,35.406959,138.684215,24573,54.3,-1.9,15.7,0,237.1,348.8,-3306,1.03,216,9,1.270,1.239,1.247,1.250,M,R11:p4/p10/p16/p22
18:37:57,35.407779,138.685927,24516,54.3,-2.1,23.7,0,239.2,351.3,-3479,0.96,216,9,1.270,1.239,1.247,1.249,M,R11:p4/p10/p16/p22
18:37:58,35.408605,138.687648,24457,54.3,-0.6,29.5,0,240.3,352.4,-3629,0.88,216,9,1.265,1.231,1.238,1.239,M,R11:p4/p10/p16/p22
18:37:59,35.409461,138.689352,24395,51.8,0.0,27.8,0,242.2,353.2,-3758,0.86,216,9,1.257,1.229,1.229,1.231,M,R11:p4/p10/p16/p22
18:38:00,35.410365,138.691023,24332,50.7,0.2,17.7,0,242.9,353.1,-3864,0.94,216,9,1.250,1.221,1.228,1.230,M,R11:p4/p10/p16/p22
18:38:01,35.411314,138.692653,24267,47.9,-1.2,2.5,0,244.1,352.8,-3967,1.07,216,9,1.245,1.221,1.227,1.220,M,R11:p4/p10/p16/p22
18:38:02,35.412306,138.694242,24200,47.1,-3.4,-16.0,0,244.6,352.6,-4030,1.13,216,9,1.234,1.221,1.218,1.220,M,R11:p4/p10/p16/p22
18:38:03,35.413308,138.695830,24132,47.1,-3.7,-30.3,0,246.8,355.2,-4072,1.05,216,9,1.224,1.219,1.217,1.220,M,R11:p4/p10/p16/p22
18:38:04,35.414324,138.697436,24064,47.1,-1.5,-36.9,0,251.1,360.8,-4092,0.94,216,9,1.215,1.211,1.209,1.211,M,R11:p4/p10/p16/p22
18:38:05,35.415327,138.699086,23996,49.7,-0.3,-36.8,0,252.9,364.4,-4091,0.92,216,9,1.210,1.210,1.207,1.199,M,R11:p4/p10/p16/p22
18:38:06,35.416291,138.700794,23928,50.7,0.0,-27.8,0,255.0,367.5,-4068,0.98,216,9,1.205,1.210,1.198,1.199,M,R11:p4/p10/p16/p22
18:38:07,35.417255,138.702521,23861,50.7,-0.2,2.4,0,257.0,370.0,-4023,1.10,216,9,1.200,1.209,1.198,1.190,M,R11:p4/p10/p16/p22
18:38:08,35.418226,138.704259,23794,50.7,-1.9,1.9,0,259.0,372.4,-3959,1.15,216,9,1.200,1.202,1.198,1.190,M,R11:p4/p10/p16/p22
18:38:09,35.419205,138.706008,23729,50.7,-2.1,20.1,0,261.2,375.2,-3877,1.10,216,9,1.200,1.202,1.198,1.190,M,R11:p4/p10/p16/p22
18:38:10,35.420223,138.707733,23665,47.7,-0.6,25.0,0,262.3,374.8,-3778,1.02,216,9,1.200,1.200,1.188,1.178,M,R11:p4/p10/p16/p22
18:38:11,35.421287,138.709415,23603,47.1,-0.1,21.2,0,263.3,375.6,-3662,1.02,216,9,1.200,1.192,1.179,1.169,M,R11:p4/p10/p16/p22
18:38:12,35.422398,138.711053,23543,43.9,0.0,10.6,0,264.4,375.1,-3528,1.12,216,9,1.194,1.192,1.179,1.169,M,R11:p4/p10/p16/p22
18:38:13,35.423550,138.712652,23485,43.7,-0.6,-7.2,0,265.4,376.2,-3377,1.25,216,9,1.190,1.189,1.178,1.169,M,R11:p4/p10/p16/p22
18:38:14,35.424708,138.714250,23431,43.6,0.0,-24.5,0,266.2,377.0,-3208,1.28,216,9,1.190,1.181,1.169,1.169,M,R11:p4/p10/p16/p22
18:38:15,35.425872,138.715853,23379,43.6,-0.4,-34.8,0,267.8,379.1,-3023,1.18,216,9,1.185,1.181,1.169,1.168,M,R11:p4/p10/p16/p22
18:38:16,35.427048,138.717469,23330,43.6,1.9,-38.2,0,271.4,383.9,-2820,1.06,216,9,1.179,1.181,1.168,1.159,M,R11:p4/p10/p16/p22
18:38:17,35.428237,138.719101,23285,43.6,2.4,-32.8,0,273.5,386.6,-2600,1.07,216,9,1.179,1.181,1.159,1.158,M,R11:p4/p10/p16/p22
18:38:18,35.429396,138.720786,23243,47.0,2.4,-20.9,0,274.4,389.6,-2363,1.17,217,9,1.172,1.181,1.159,1.148,M,R11:p4/p10/p16/p22
18:38:19,35.430516,138.722520,23206,47.1,1.8,-3.6,0,274.4,389.6,-2108,1.27,217,9,1.171,1.181,1.159,1.148,M,R11:p4/p10/p16/p22
18:38:20,35.431635,138.724255,23173,47.1,1.7,12.0,0,274.4,389.6,-1836,1.28,217,9,1.171,1.181,1.159,1.148,M,R11:p4/p10/p16/p22
18:38:21,35.432786,138.725954,23145,43.8,2.6,20.6,0,275.1,388.7,-1547,1.19,217,9,1.175,1.181,1.159,1.148,M,R11:p4/p10/p16/p22
18:38:22,35.434030,138.727543,23122,40.0,5.0,19.6,0,275.4,387.0,-1241,1.12,217,9,1.180,1.181,1.159,1.150,M,R11:p4/p10/p16/p22
18:38:23,35.435308,138.729078,23104,39.8,5.7,14.1,0,274.3,385.4,-918,1.18,217,9,1.180,1.181,1.159,1.159,M,R11:p4/p10/p16/p22
18:38:24,35.436609,138.730570,23091,37.2,4.9,-2.0,0,274.3,384.1,-577,1.29,217,9,1.180,1.181,1.159,1.159,M,R11:p4/p10/p16/p22
18:38:25,35.437946,138.732005,23084,36.4,4.2,-17.8,0,273.6,382.7,-218,1.36,217,9,1.180,1.181,1.168,1.159,M,R11:p4/p10/p16/p22
18:38:26,35.439284,138.733425,23084,36.4,4.9,-29.0,0,272.6,381.4,157,1.27,217,9,1.180,1.181,1.168,1.159,M,R11:p4/p10/p16/p22
18:38:27,35.440586,138.734900,23090,40.1,6.8,-35.4,0,273.4,384.5,550,1.14,217,9,1.180,1.181,1.164,1.159,M,R11:p4/p10/p16/p22
18:38:28,35.441855,138.736438,23102,40.2,8.1,-31.0,0,274.2,385.6,939,1.10,217,9,1.180,1.181,1.158,1.159,M,R11:p4/p10/p16/p22
18:38:29,35.443126,138.737976,23121,40.1,8.2,-23.2,0,273.8,385.1,1303,1.17,217,9,1.180,1.181,1.158,1.156,M,R11:p4/p10/p16/p22
18:38:30,35.444391,138.739506,23146,40.1,7.9,-6.0,0,271.6,382.1,1642,1.26,217,9,1.180,1.181,1.158,1.149,M,R11:p4/p10/p16/p22
18:38:31,35.445646,138.741025,23176,40.1,7.3,11.8,0,269.4,379.2,1956,1.26,217,9,1.180,1.181,1.163,1.150,M,R11:p4/p10/p16/p22
18:38:32,35.446894,138.742535,23211,40.1,8.0,19.9,0,268.4,377.9,2245,1.17,217,9,1.188,1.181,1.168,1.158,M,R11:p4/p10/p16/p22
18:38:33,35.448166,138.744001,23250,37.1,10.7,22.2,0,267.9,375.7,2509,1.08,217,9,1.190,1.181,1.168,1.158,M,R11:p4/p10/p16/p22
18:38:34,35.449467,138.745402,23294,36.4,11.1,18.0,0,264.8,371.3,2747,1.10,217,9,1.190,1.181,1.168,1.163,M,R11:p4/p10/p16/p22
18:38:35,35.450786,138.746728,23342,33.3,9.8,5.9,0,261.5,365.3,2961,1.19,217,9,1.189,1.181,1.173,1.168,M,R11:p4/p10/p16/p22
18:38:36,35.452121,138.747992,23393,33.0,8.7,-11.5,0,259.8,363.0,3150,1.25,217,9,1.189,1.189,1.178,1.168,M,R11:p4/p10/p16/p22
18:38:37,35.453450,138.749246,23447,33.0,9.0,-25.8,0,258.1,360.8,3313,1.19,217,9,1.190,1.192,1.178,1.171,M,R11:p4/p10/p16/p22
18:38:38,35.454770,138.750493,23503,33.0,10.4,-34.1,0,256.3,358.6,3452,1.08,217,9,1.198,1.198,1.178,1.179,M,R11:p4/p10/p16/p22
18:38:39,35.456085,138.751736,23561,33.0,12.0,-34.5,0,255.8,358.1,3565,0.99,218,9,1.200,1.201,1.178,1.179,M,R11:p4/p10/p16/p22
18:38:40,35.457377,138.753012,23622,35.6,12.7,-26.7,0,254.5,358.0,3653,0.99,218,9,1.201,1.201,1.178,1.179,M,R11:p4/p10/p16/p22
18:38:41,35.458635,138.754338,23683,36.3,11.1,-12.3,0,254.0,358.0,3715,1.00,218,9,1.210,1.201,1.178,1.179,M,R11:p4/p10/p16/p22
18:38:42,35.459877,138.755662,23745,36.3,10.4,3.9,0,249.5,352.1,3753,1.10,218,9,1.210,1.201,1.178,1.179,M,R11:p4/p10/p16/p22
18:38:43,35.461105,138.756972,23808,36.3,9.6,16.7,0,248.3,350.8,3765,1.07,218,9,1.210,1.201,1.178,1.179,M,R11:p4/p10/p16/p22
18:38:44,35.462360,138.758229,23871,32.7,10.4,23.8,0,248.0,348.9,3752,0.98,218,9,1.210,1.201,1.184,1.179,M,R11:p4/p10/p16/p22
18:38:45,35.463640,138.759427,23933,32.6,11.9,24.5,0,245.5,345.8,3713,0.93,218,9,1.210,1.201,1.189,1.179,M,R11:p4/p10/p16/p22
18:38:46,35.464930,138.760573,23994,29.7,11.8,17.0,0,243.2,341.6,3649,0.95,218,9,1.210,1.206,1.189,1.183,M,R11:p4/p10/p16/p22
18:38:47,35.466231,138.761651,24054,29.0,10.7,3.4,0,239.2,336.1,3559,1.03,218,9,1.210,1.210,1.191,1.189,M,R11:p4/p10/p16/p22
18:38:48,35.467539,138.762671,24113,26.6,8.5,-9.8,0,237.6,333.1,3443,1.08,218,9,1.210,1.210,1.197,1.189,M,R11:p4/p10/p16/p22
18:38:49,35.468843,138.763681,24169,28.6,8.0,-26.6,0,236.2,332.6,3310,1.04,218,9,1.218,1.217,1.197,1.194,M,R11:p4/p10/p16/p22
18:38:50,35.470128,138.764728,24223,29.0,9.0,-36.6,0,236.2,333.3,3166,0.94,218,9,1.219,1.220,1.197,1.199,M,R11:p4/p10/p16/p22
18:38:51,35.471415,138.765779,24275,28.9,11.2,-36.3,0,236.2,333.7,3011,0.83,218,9,1.220,1.220,1.197,1.199,M,R11:p4/p10/p16/p22
18:38:52,35.472700,138.766828,24323,28.9,11.1,-30.1,0,234.9,332.3,2834,0.83,218,9,1.229,1.221,1.197,1.199,M,R11:p4/p10/p16/p22
18:38:53,35.473955,138.767924,24369,32.5,10.2,-16.9,0,233.4,332.4,2658,0.93,218,9,1.230,1.221,1.197,1.199,M,R11:p4/p10/p16/p22
18:38:54,35.475173,138.769065,24412,32.5,7.6,-0.2,0,230.9,329.3,2472,0.98,218,9,1.230,1.229,1.197,1.199,M,R11:p4/p10/p16/p22
18:38:55,35.476385,138.770199,24451,32.5,6.2,14.0,0,230.2,328.7,2275,0.99,218,9,1.230,1.231,1.197,1.199,M,R11:p4/p10/p16/p22
18:38:56,35.477594,138.771331,24488,32.5,6.9,24.6,0,229.2,327.7,2067,0.88,218,9,1.230,1.231,1.201,1.199,M,R11:p4/p10/p16/p22
18:38:57,35.478823,138.772412,24520,29.1,8.2,26.7,0,228.2,324.9,1849,0.88,218,9,1.230,1.231,1.207,1.199,M,R11:p4/p10/p16/p22
18:38:58,35.480071,138.773436,24549,28.9,8.7,24.4,0,226.7,323.0,1620,0.78,219,9,1.230,1.231,1.207,1.199,M,R11:p4/p10/p16/p22
18:38:59,35.481335,138.774408,24574,25.7,7.7,15.8,0,226.2,321.1,1380,0.86,219,9,1.230,1.231,1.207,1.205,M,R11:p4/p10/p16/p22
18:39:00,35.482619,138.775331,24595,25.6,5.4,0.6,0,226.2,321.3,1130,0.96,219,9,1.230,1.231,1.207,1.209,M,R11:p4/p10/p16/p22
18:39:01,35.483917,138.776212,24612,23.0,3.1,-16.2,0,225.2,318.9,869,0.96,219,9,1.230,1.231,1.207,1.209,M,R11:p4/p10/p16/p22
18:39:02,35.485216,138.777083,24624,25.1,2.4,-30.7,0,225.1,319.9,598,0.93,219,9,1.230,1.231,1.207,1.209,M,R11:p4/p10/p16/p22
18:39:03,35.486503,138.777997,24632,25.7,4.1,-37.4,0,226.2,321.8,315,0.81,219,9,1.233,1.231,1.207,1.209,M,R11:p4/p10/p16/p22
18:39:04,35.487779,138.778963,24635,28.3,4.8,-38.4,0,227.6,325.1,23,0.74,219,9,1.239,1.231,1.207,1.209,M,R11:p4/p10/p16/p22
18:39:05,35.489040,138.779982,24632,28.9,5.5,-29.5,0,228.3,326.4,-281,0.78,219,9,1.239,1.230,1.207,1.209,M,R11:p4/p10/p16/p22
18:39:06,35.490301,138.781008,24625,28.9,4.4,-11.7,0,228.3,326.4,-594,0.88,219,9,1.239,1.230,1.207,1.204,M,R11:p4/p10/p16/p22
18:39:07,35.491564,138.782036,24613,28.9,1.0,5.0,0,229.3,327.8,-918,0.96,219,9,1.239,1.230,1.207,1.199,M,R11:p4/p10/p16/p22
18:39:08,35.492833,138.783067,24594,28.9,0.0,20.7,0,230.4,329.2,-1253,0.96,219,9,1.239,1.230,1.207,1.199,M,R11:p4/p10/p16/p22
18:39:09,35.494108,138.784101,24571,28.8,0.1,29.4,0,231.3,330.2,-1598,0.95,219,9,1.237,1.230,1.207,1.199,M,R11:p4/p10/p16/p22
18:39:10,35.495407,138.785091,24541,25.8,1.7,33.0,0,232.1,329.6,-1936,0.80,219,9,1.230,1.230,1.207,1.199,M,R11:p4/p10/p16/p22
18:39:11,35.496728,138.786031,24506,25.5,2.3,28.6,0,232.1,329.2,-2250,0.80,219,9,1.229,1.225,1.207,1.199,M,R11:p4/p10/p16/p22
18:39:12,35.498066,138.786932,24466,23.0,1.3,19.1,0,233.4,329.6,-2541,0.91,219,9,1.229,1.220,1.207,1.199,M,R11:p4/p10/p16/p22
18:39:13,35.499432,138.787776,24422,22.0,-0.6,0.9,0,234.4,330.1,-2808,1.02,219,9,1.227,1.220,1.207,1.199,M,R11:p4/p10/p16/p22
18:39:14,35.500804,138.788609,24373,22.0,-2.4,-11.9,0,234.8,330.3,-3051,1.06,219,9,1.220,1.220,1.207,1.199,M,R11:p4/p10/p16/p22
18:39:15,35.502181,138.789444,24320,22.0,-2.2,-30.5,0,236.8,332.7,-3270,0.98,219,9,1.219,1.220,1.207,1.199,M,R11:p4/p10/p16/p22
18:39:16,35.503560,138.790316,24264,24.2,-0.7,-38.6,0,239.4,337.0,-3479,0.97,219,9,1.219,1.220,1.202,1.199,M,R11:p4/p10/p16/p22
18:39:17,35.504935,138.791258,24204,25.4,0.3,-37.3,0,243.1,342.3,-3651,0.81,219,9,1.219,1.220,1.196,1.196,M,R11:p4/p10/p16/p22
18:39:18,35.506320,138.792223,24142,25.4,0.1,-26.8,0,245.0,344.5,-3800,0.91,219,9,1.219,1.220,1.192,1.189,M,R11:p4/p10/p16/p22
18:39:19,35.507697,138.793228,24078,27.9,-0.6,-6.7,0,246.2,346.9,-3925,1.04,219,9,1.219,1.214,1.188,1.185,M,R11:p4/p10/p16/p22
18:39:20,35.509051,138.794298,24012,29.0,-2.8,13.9,0,247.0,348.1,-4027,1.09,219,9,1.218,1.211,1.188,1.179,M,R11:p4/p10/p16/p22
18:39:21,35.510423,138.795348,23944,26.4,-2.7,26.8,0,249.2,349.6,-4101,1.04,219,9,1.211,1.211,1.188,1.179,M,R11:p4/p10/p16/p22
18:39:22,35.511833,138.796352,23875,25.7,-0.6,31.3,0,252.5,353.6,-4148,0.94,219,9,1.210,1.204,1.188,1.179,M,R11:p4/p10/p16/p22
18:39:23,35.513275,138.797306,23806,22.9,0.0,29.2,0,253.3,353.1,-4165,0.91,219,9,1.209,1.201,1.188,1.179,M,R11:p4/p10/p16/p22
18:39:24,35.514742,138.798202,23736,22.1,-0.1,20.1,0,254.4,354.0,-4153,0.99,219,9,1.200,1.201,1.188,1.179,M,R11:p4/p10/p16/p22
18:39:25,35.516239,138.799018,23667,18.2,-1.1,4.2,0,255.0,352.9,-4113,1.14,219,9,1.200,1.194,1.188,1.179,M,R11:p4/p10/p16/p22
18:39:26,35.517761,138.799765,23599,17.9,-2.9,-16.1,0,256.3,354.4,-4044,1.22,219,9,1.200,1.192,1.185,1.179,M,R11:p4/p10/p16/p22
18:39:27,35.519271,138.800574,23533,21.7,-0.5,-29.5,0,256.9,356.6,-3947,1.16,219,9,1.200,1.192,1.179,1.179,M,R11:p4/p10/p16/p22
18:39:28,35.520768,138.801456,23468,21.9,0.7,-33.6,0,259.6,360.3,-3821,1.01,219,9,1.200,1.192,1.179,1.178,M,R11:p4/p10/p16/p22
18:39:29,35.522263,138.802409,23406,25.3,1.5,-25.2,0,263.0,366.3,-3667,1.00,219,9,1.198,1.192,1.176,1.168,M,R11:p4/p10/p16/p22
18:39:30,35.523751,138.803426,23346,25.3,0.6,-15.4,0,264.3,368.0,-3484,1.12,219,9,1.190,1.192,1.168,1.166,M,R11:p4/p10/p16/p22
18:39:31,35.525242,138.804443,23290,25.3,0.0,4.2,0,264.3,368.0,-3261,1.25,219,9,1.190,1.192,1.168,1.159,M,R11:p4/p10/p16/p22
18:39:32,35.526734,138.805461,23238,25.3,0.3,20.4,0,264.7,368.5,-2986,1.23,219,9,1.190,1.192,1.168,1.159,M,R11:p4/p10/p16/p22
18:39:33,35.528244,138.806449,23190,22.9,3.1,23.7,0,266.2,369.6,-2660,1.13,219,9,1.190,1.192,1.168,1.159,M,R11:p4/p10/p16/p22
18:39:34,35.529800,138.807320,23149,19.1,4.1,16.5,0,266.2,368.1,-2283,1.11,219,9,1.189,1.184,1.168,1.159,M,R11:p4/p10/p16/p22
18:39:35,35.531380,138.808108,23115,18.2,4.0,8.2,0,266.2,367.9,-1854,1.26,219,9,1.180,1.182,1.168,1.159,M,R11:p4/p10/p16/p22
18:39:36,35.532963,138.808883,23088,18.2,4.2,-9.2,0,265.5,367.1,-1373,1.41,219,9,1.180,1.182,1.168,1.159,M,R11:p4/p10/p16/p22
18:39:37,35.534541,138.809657,23069,18.2,4.8,-23.4,0,264.8,366.3,-841,1.40,219,9,1.180,1.182,1.168,1.159,M,R11:p4/p10/p16/p22
18:39:38,35.536109,138.810477,23060,21.3,8.1,-22.4,0,266.1,369.4,-257,1.26,219,9,1.182,1.182,1.168,1.159,M,R11:p4/p10/p16/p22
18:39:39,35.537642,138.811419,23061,24.4,8.1,-12.3,0,265.5,370.0,378,1.24,220,9,1.189,1.188,1.168,1.159,M,R11:p4/p10/p16/p22
18:39:40,35.539145,138.812428,23073,25.4,7.8,2.8,0,264.1,368.6,1065,1.34,220,9,1.189,1.181,1.165,1.156,M,R11:p4/p10/p16/p22
18:39:41,35.540632,138.813443,23096,25.4,8.3,15.6,0,261.7,365.3,1742,1.39,220,9,1.171,1.148,1.128,1.122,M,R11:p4/p10/p16/p22
18:39:42,35.542119,138.814411,23130,22.9,11.0,24.2,0,259.5,361.2,2349,1.28,220,9,1.127,1.136,1.114,1.070,M,R11:p4/p10/p16/p22
18:39:43,35.543617,138.815313,23174,22.0,12.0,23.0,0,257.8,358.5,2885,1.18,220,9,1.106,1.128,1.078,1.039,M,R11:p4/p10/p16/p22
18:39:44,35.545120,138.816144,23226,19.2,11.7,14.5,0,254.3,352.5,3350,1.19,220,9,1.084,1.109,1.053,1.024,M,R11:p4/p10/p16/p22
18:39:45,35.546617,138.816905,23285,18.6,11.2,0.6,0,250.1,346.5,3745,1.26,220,9,1.058,1.080,1.049,1.007,M,R11:p4/p10/p16/p22
18:39:46,35.548089,138.817677,23351,20.5,12.2,-10.8,0,247.9,344.4,4069,1.25,220,9,1.050,1.069,1.049,0.980,M,R11:p4/p10/p16/p22
18:39:47,35.549532,138.818501,23421,21.9,13.6,-14.5,0,246.0,342.5,4322,1.14,220,9,1.049,1.069,1.049,0.970,M,R11:p4/p10/p16/p22
18:39:48,35.550946,138.819379,23494,24.3,13.7,-9.0,0,243.9,340.8,4503,1.07,220,9,1.049,1.069,1.049,,M,R11:p4/p10/p16/p22
18:39:49,35.552310,138.820342,23570,27.6,13.5,3.4,0,240.9,338.4,4613,1.10,220,9,1.049,1.069,1.043,,M,R11:p4/p10/p16/p22
18:39:50,35.553629,138.821372,23648,29.1,12.7,15.8,0,238.2,335.7,4653,1.15,220,9,1.050,1.074,1.012,,M,R11:p4/p10/p16/p22
18:39:51,35.554920,138.822405,23725,29.1,12.9,28.2,0,233.3,329.3,4646,1.09,220,9,1.060,1.079,0.999,1.025,M,R11:p4/p10/p16/p22
18:39:52,35.556200,138.823395,23802,27.0,13.7,33.8,0,229.5,323.6,4618,0.97,220,9,1.069,1.083,1.002,1.029,M,R11:p4/p10/p16/p22
18:39:53,35.557490,138.824316,23879,25.5,14.4,32.4,0,227.3,320.5,4568,0.91,220,9,1.070,1.087,1.027,1.029,M,R11:p4/p10/p16/p22
18:39:54,35.558772,138.825209,23955,25.5,14.5,24.5,0,222.9,314.9,4498,0.91,220,9,1.061,1.080,1.049,1.029,M,R11:p4/p10/p16/p22
18:39:55,35.560031,138.826088,24029,25.5,12.6,12.5,0,219.4,310.5,4406,0.96,220,9,1.060,1.080,1.064,1.029,M,R11:p4/p10/p16/p22
18:39:56,35.561277,138.826959,24101,25.5,11.9,0.8,0,217.4,308.3,4294,0.96,220,9,1.060,1.080,1.069,1.029,M,R11:p4/p10/p16/p22
18:39:57,35.562505,138.827850,24172,27.7,11.2,0.0,0,215.8,307.5,4160,0.96,220,9,1.061,1.083,1.067,1.030,M,R11:p4/p10/p16/p22
18:39:58,35.563687,138.828824,24240,31.5,11.8,-6.1,0,213.9,306.9,4005,0.91,220,9,1.070,1.090,1.050,1.039,M,R11:p4/p10/p16/p22
18:39:59,35.564833,138.829860,24305,32.7,11.1,2.0,0,213.4,307.3,3816,0.84,221,9,1.071,1.093,1.058,1.039,M,R11:p4/p10/p16/p22
18:40:00,35.565953,138.830936,24367,34.9,10.4,13.3,0,211.5,306.1,3618,0.88,221,9,1.079,1.100,1.051,1.039,M,R11:p4/p10/p16/p22
18:40:01,35.567040,138.832046,24426,35.9,9.7,23.0,0,209.3,304.0,3399,0.92,221,9,1.080,1.100,1.053,1.039,M,R11:p4/p10/p16/p22
18:40:02,35.568113,138.833158,24480,35.9,9.8,32.8,0,207.5,302.0,3160,0.92,221,9,1.089,1.100,1.060,1.041,M,R11:p4/p10/p16/p22
18:40:03,35.569179,138.834262,24531,35.8,10.5,36.8,0,205.4,299.6,2899,0.91,221,9,1.090,1.100,1.069,1.048,M,R11:p4/p10/p16/p22
18:40:04,35.570246,138.835338,24577,34.2,11.1,33.9,0,203.0,296.1,2617,0.80,221,9,1.090,1.100,1.072,1.050,M,R11:p4/p10/p16/p22
18:40:05,35.571321,138.836359,24618,32.8,10.1,24.3,0,199.4,290.9,2313,0.83,221,9,1.090,1.100,1.080,1.059,M,R11:p4/p10/p16/p22
18:40:06,35.572392,138.837355,24654,32.8,7.7,11.3,0,197.8,289.1,1988,0.91,221,9,1.090,1.100,1.077,1.059,M,R11:p4/p10/p16/p22
18:40:07,35.573451,138.838366,24684,34.4,7.0,-2.1,0,197.8,290.2,1642,0.92,221,9,1.090,1.102,1.073,1.059,M,R11:p4/p10/p16/p22
18:40:08,35.574488,138.839410,24709,35.7,6.4,-8.1,0,195.9,288.3,1274,0.88,221,9,1.090,1.110,1.090,1.059,M,R11:p4/p10/p16/p22
18:40:09,35.575493,138.840496,24727,38.4,6.6,-9.6,0,195.9,289.7,885,0.85,221,9,1.100,1.122,1.092,1.062,M,R11:p4/p10/p16/p22
18:40:10,35.576469,138.841630,24738,39.8,6.5,-5.2,0,195.9,290.4,475,0.79,221,9,1.178,1.195,1.150,1.108,M,R11:p4/p10/p16/p22
18:40:11,35.577420,138.842799,24742,41.8,4.7,6.3,0,195.3,290.5,45,0.82,221,9,1.293,1.314,1.273,1.212,M,R11:p4/p10/p16/p22
18:40:12,35.578339,138.844004,24739,43.5,3.0,21.9,0,194.5,290.0,-384,0.88,221,9,1.434,1.431,1.391,1.325,M,R11:p4/p10/p16/p22
18:40:13,35.579225,138.845247,24730,45.5,2.6,33.0,0,194.5,290.7,-785,0.89,221,9,1.533,1.497,1.466,1.419,M,R11:p4/p10/p16/p22
18:40:14,35.580102,138.846500,24713,44.7,3.4,38.2,0,194.4,290.1,-1160,0.88,221,9,1.555,1.519,1.482,1.456,M,R11:p4/p10/p16/p22
18:40:15,35.580996,138.847733,24691,43.7,4.0,37.7,0,195.0,290.4,-1509,0.81,221,9,1.565,1.530,1.491,1.479,M,R11:p4/p10/p16/p22
18:40:16,35.581905,138.848956,24663,43.4,3.5,30.0,0,196.1,291.7,-1831,0.81,221,9,1.568,1.530,1.499,1.488,M,R11:p4/p10/p16/p22
18:40:17,35.582818,138.850179,24630,43.4,1.7,16.1,0,196.1,291.4,-2125,0.86,221,9,1.558,1.528,1.490,1.490,M,R11:p4/p10/p16/p22
18:40:18,35.583731,138.851400,24593,43.4,0.6,5.5,0,196.4,291.6,-2394,0.94,221,9,1.552,1.520,1.490,1.490,M,R11:p4/p10/p16/p22
18:40:19,35.584649,138.852626,24551,43.4,0.0,-8.1,0,198.5,294.3,-2635,0.96,221,9,1.548,1.520,1.480,1.486,M,R11:p4/p10/p16/p22
18:40:20,35.585567,138.853874,24505,44.8,0.0,-13.6,0,200.2,296.9,-2850,0.96,221,9,1.540,1.520,1.479,1.480,M,R11:p4/p10/p16/p22
18:40:21,35.586456,138.855169,24456,47.2,0.1,-12.3,0,201.2,298.8,-3038,0.91,221,9,1.540,1.520,1.471,1.471,M,R11:p4/p10/p16/p22
18:40:22,35.587319,138.856514,24404,48.8,-0.2,-1.2,0,204.3,303.4,-3199,0.88,221,9,1.537,1.516,1.470,1.471,M,R11:p4/p10/p16/p22
18:40:23,35.588164,138.857904,24349,50.4,-0.7,16.7,0,206.2,306.4,-3334,0.89,221,9,1.530,1.511,1.470,1.462,M,R11:p4/p10/p16/p22
18:40:24,35.588988,138.859334,24293,51.8,-0.1,32.0,0,208.3,309.5,-3447,0.96,221,9,1.530,1.511,1.470,1.451,M,R11:p4/p10/p16/p22
18:40:25,35.589797,138.860796,24234,52.7,-0.5,37.5,0,209.9,311.8,-3535,1.02,221,9,1.531,1.511,1.470,1.450,M,R11:p4/p10/p16/p22
18:40:26,35.590623,138.862248,24175,50.5,0.2,37.7,0,210.2,311.2,-3590,0.98,221,9,1.540,1.511,1.470,1.450,M,R11:p4/p10/p16/p22
18:40:27,35.591474,138.863684,24115,50.5,0.4,30.4,0,211.8,313.2,-3618,0.91,221,9,1.540,1.511,1.470,1.450,M,R11:p4/p10/p16/p22
18:40:28,35.592329,138.865125,24055,50.5,-0.1,15.5,0,212.2,313.6,-3620,0.90,221,9,1.540,1.510,1.470,1.457,M,R11:p4/p10/p16/p22
18:40:29,35.593188,138.866570,23994,50.5,-0.7,0.4,0,213.9,315.8,-3595,1.08,221,9,1.540,1.507,1.470,1.460,M,R11:p4/p10/p16/p22
18:40:30,35.594056,138.868027,23935,50.5,-0.5,-11.4,0,216.2,318.9,-3544,1.08,221,9,1.540,1.511,1.470,1.460,M,R11:p4/p10/p16/p22
18:40:31,35.594920,138.869507,23876,52.1,0.0,-14.3,0,217.9,321.7,-3467,1.08,221,9,1.540,1.511,1.470,1.460,M,R11:p4/p10/p16/p22
18:40:32,35.595734,138.871065,23819,56.3,0.1,-6.8,0,222.2,328.9,-3363,1.00,221,9,1.540,1.507,1.470,1.460,M,R11:p4/p10/p16/p22
18:40:33,35.596496,138.872687,23764,57.7,-0.1,8.2,0,222.4,329.5,-3244,1.00,221,9,1.540,1.511,1.464,1.453,M,R11:p4/p10/p16/p22
18:40:34,35.597219,138.874347,23711,60.0,-0.3,25.0,0,224.2,332.6,-3119,1.15,221,9,1.540,1.505,1.461,1.450,M,R11:p4/p10/p16/p22
18:40:35,35.597937,138.876020,23660,58.6,0.9,36.1,0,224.5,332.6,-2988,1.17,221,9,1.540,1.500,1.461,1.450,M,R11:p4/p10/p16/p22
18:40:36,35.598689,138.877678,23612,57.7,2.0,38.0,0,226.3,334.8,-2852,1.09,222,9,1.531,1.500,1.453,1.437,M,R11:p4/p10/p16/p22
18:40:37,35.599453,138.879334,23565,57.7,2.5,32.3,0,226.3,334.7,-2710,1.09,222,9,1.530,1.491,1.429,1.422,M,R11:p4/p10/p16/p22
18:40:38,35.600219,138.880989,23521,57.6,2.1,19.8,0,226.3,334.7,-2563,1.02,222,9,1.530,1.481,1.420,1.420,M,R11:p4/p10/p16/p22
18:40:39,35.600986,138.882643,23480,57.6,1.7,2.2,0,226.3,334.6,-2410,1.17,222,9,1.521,1.481,1.420,1.419,M,R11:p4/p10/p16/p22
18:40:40,35.601754,138.884297,23441,57.6,2.0,-9.2,0,226.6,335.0,-2252,1.21,222,9,1.520,1.480,1.420,1.413,M,R11:p4/p10/p16/p22
18:40:41,35.602500,138.885977,23405,60.2,2.9,-11.6,0,228.6,338.5,-2088,1.13,222,9,1.510,1.474,1.420,1.409,M,R11:p4/p10/p16/p22
18:40:42,35.603207,138.887705,23372,61.4,3.3,-3.5,0,230.6,341.6,-1919,1.07,222,9,1.505,1.474,1.419,1.403,M,R11:p4/p10/p16/p22
18:40:43,35.603874,138.889474,23341,64.3,2.9,12.6,0,231.8,343.9,-1744,1.12,222,9,1.510,1.474,1.410,1.399,M,R11:p4/p10/p16/p22
18:40:44,35.604464,138.891286,23313,67.4,2.7,27.4,0,230.3,342.6,-1564,1.23,222,9,1.510,1.474,1.417,1.392,M,R11:p4/p10/p16/p22
18:40:45,35.604999,138.893121,23289,68.6,4.1,37.9,0,230.3,342.8,-1378,1.25,222,9,1.510,1.473,1.410,1.390,M,R11:p4/p10/p16/p22
18:40:46,35.605564,138.894939,23268,65.2,6.7,39.1,0,230.3,342.1,-1187,1.14,222,9,1.510,1.464,1.410,1.390,M,R11:p4/p10/p16/p22
18:40:47,35.606174,138.896734,23249,65.1,7.4,35.4,0,230.3,342.1,-990,1.06,222,9,1.510,1.464,1.410,1.390,M,R11:p4/p10/p16/p22
18:40:48,35.606786,138.898528,23235,65.1,6.1,21.6,0,230.1,341.8,-787,1.10,222,9,1.510,1.464,1.410,1.390,M,R11:p4/p10/p16/p22
18:40:49,35.607396,138.900314,23223,65.1,5.6,2.4,0,228.4,339.5,-579,1.20,222,9,1.505,1.464,1.410,1.389,M,R11:p4/p10/p16/p22
18:40:50,35.608004,138.902094,23215,65.1,6.1,-5.2,0,228.4,339.6,-366,1.21,222,9,1.509,1.464,1.410,1.397,M,R11:p4/p10/p16/p22
18:40:51,35.608593,138.903886,23211,67.2,6.9,-5.6,0,228.6,340.3,-146,1.15,222,9,1.509,1.464,1.410,1.399,M,R11:p4/p10/p16/p22
18:40:52,35.609105,138.905724,23210,71.4,6.8,-1.0,0,229.9,343.0,78,1.08,222,9,1.507,1.464,1.410,1.399,M,R11:p4/p10/p16/p22
18:40:53,35.609509,138.907605,23214,75.2,5.9,18.1,0,228.5,341.7,309,1.12,222,9,1.510,1.464,1.410,1.399,M,R11:p4/p10/p16/p22
18:40:54,35.609856,138.909500,23221,76.0,6.0,32.8,0,228.2,341.5,530,1.21,222,9,1.510,1.464,1.419,1.393,M,R11:p4/p10/p16/p22
18:40:55,35.610196,138.911388,23231,76.0,7.4,41.6,0,226.5,339.1,729,1.21,222,9,1.510,1.466,1.419,1.391,M,R11:p4/p10/p16/p22
18:40:56,35.610534,138.913270,23245,76.0,9.1,43.5,0,226.2,338.7,904,1.10,222,9,1.510,1.473,1.419,1.390,M,R11:p4/p10/p16/p22
18:40:57,35.610872,138.915143,23261,76.0,9.8,38.2,0,224.2,336.0,1057,1.10,222,9,1.520,1.473,1.412,1.390,M,R11:p4/p10/p16/p22
18:40:58,35.611209,138.916999,23280,75.9,8.9,27.6,0,222.3,333.4,1186,1.02,222,9,1.520,1.473,1.410,1.398,M,R11:p4/p10/p16/p22
18:40:59,35.611547,138.918849,23301,75.9,7.7,14.6,0,222.3,333.5,1292,1.08,222,9,1.520,1.473,1.410,1.401,M,R11:p4/p10/p16/p22
18:41:00,35.611863,138.920697,23323,77.9,7.6,1.7,0,220.3,331.1,1374,1.15,222,9,1.520,1.473,1.410,1.405,M,R11:p4/p10/p16/p22
18:41:01,35.612123,138.922553,23346,80.0,8.0,-1.7,0,220.4,331.6,1434,1.15,222,9,1.520,1.474,1.410,1.410,M,R11:p4/p10/p16/p22
18:41:02,35.612338,138.924428,23371,81.7,7.7,4.0,0,222.4,334.7,1470,1.08,222,9,1.520,1.481,1.419,1.410,M,R11:p4/p10/p16/p22
18:41:03,35.612493,138.926313,23395,85.0,7.1,18.8,0,220.3,332.2,1484,1.03,222,9,1.520,1.481,1.420,1.410,M,R11:p4/p10/p16/p22
18:41:04,35.612550,138.928200,23420,88.9,6.4,29.7,0,220.2,332.4,1474,1.03,222,9,1.520,1.481,1.420,1.410,M,R11:p4/p10/p16/p22
18:41:05,35.612540,138.930082,23444,90.2,7.4,42.8,0,218.2,329.8,1440,1.12,222,9,1.529,1.481,1.420,1.409,M,R11:p4/p10/p16/p22
18:41:06,35.612519,138.931949,23468,90.2,8.5,48.1,0,216.4,327.4,1384,1.05,222,9,1.531,1.481,1.420,1.409,M,R11:p4/p10/p16/p22
18:41:07,35.612499,138.933808,23490,90.2,8.8,46.6,0,216.0,327.0,1304,1.05,222,9,1.531,1.481,1.420,1.409,M,R11:p4/p10/p16/p22
18:41:08,35.612480,138.935659,23511,90.2,8.6,37.0,0,214.1,324.4,1201,0.96,223,9,1.531,1.491,1.420,1.409,M,R11:p4/p10/p16/p22
18:41:09,35.612462,138.937495,23530,90.2,7.7,23.0,0,212.3,322.0,1075,0.99,223,9,1.539,1.494,1.428,1.414,M,R11:p4/p10/p16/p22
18:41:10,35.612444,138.939324,23547,90.2,6.1,10.6,0,212.2,321.9,925,1.00,223,9,1.541,1.494,1.430,1.419,M,R11:p4/p10/p16/p22
18:41:11,35.612405,138.941154,23561,92.5,5.7,1.9,0,212.2,322.1,752,1.02,223,9,1.541,1.494,1.430,1.425,M,R11:p4/p10/p16/p22
18:41:12,35.612290,138.942980,23572,96.1,5.7,1.9,0,212.6,322.8,556,1.02,223,9,1.541,1.494,1.430,1.430,M,R11:p4/p10/p16/p22
18:41:13,35.612081,138.944802,23579,100.0,5.5,10.1,0,214.1,324.9,336,0.97,223,9,1.541,1.493,1.430,1.430,M,R11:p4/p10/p16/p22
18:41:14,35.611769,138.946606,23583,104.1,4.4,21.8,0,213.9,324.4,109,1.01,223,9,1.541,1.492,1.430,1.430,M,R11:p4/p10/p16/p22
18:41:15,35.611402,138.948386,23583,104.9,3.5,36.1,0,212.2,321.9,-110,1.07,223,9,1.541,1.492,1.439,1.425,M,R11:p4/p10/p16/p22
18:41:16,35.611030,138.950157,23579,104.9,4.2,48.4,0,212.2,321.8,-320,1.07,223,9,1.541,1.492,1.441,1.420,M,R11:p4/p10/p16/p22
18:41:17,35.610660,138.951928,23572,104.9,5.0,51.5,0,212.2,321.7,-523,0.99,223,9,1.541,1.492,1.441,1.420,M,R11:p4/p10/p16/p22
18:41:18,35.610291,138.953699,23562,104.8,5.7,46.1,0,212.2,321.5,-717,0.90,223,9,1.541,1.492,1.441,1.420,M,R11:p4/p10/p16/p22
18:41:19,35.609926,138.955469,23548,104.8,5.3,39.0,0,212.2,321.3,-903,0.91,223,9,1.541,1.495,1.441,1.420,M,R11:p4/p10/p16/p22
18:41:20,35.609524,138.957225,23532,108.1,3.7,24.8,0,212.2,320.9,-1081,0.91,223,9,1.541,1.491,1.441,1.426,M,R11:p4/p10/p16/p22
18:41:21,35.609074,138.958964,23512,108.7,2.2,10.9,0,212.8,321.4,-1251,1.05,223,9,1.541,1.491,1.441,1.430,M,R11:p4/p10/p16/p22
18:41:22,35.608586,138.960694,23490,111.6,1.7,3.7,0,214.6,323.4,-1412,1.03,223,9,1.541,1.496,1.441,1.430,M,R11:p4/p10/p16/p22
18:41:23,35.608023,138.962402,23465,114.7,1.6,3.6,0,216.3,325.1,-1565,0.98,223,9,1.541,1.500,1.441,1.430,M,R11:p4/p10/p16/p22
18:41:24,35.607371,138.964072,23438,118.6,0.5,13.4,0,218.0,326.7,-1710,0.98,223,9,1.541,1.501,1.441,1.430,M,R11:p4/p10/p16/p22
18:41:25,35.606673,138.965718,23409,119.1,0.1,29.1,0,218.0,326.3,-1846,1.06,223,9,1.541,1.500,1.441,1.430,M,R11:p4/p10/p16/p22
18:41:26,35.605934,138.967332,23377,122.5,-0.1,42.3,0,218.0,325.4,-1974,1.12,223,9,1.541,1.491,1.441,1.424,M,R11:p4/p10/p16/p22
18:41:27,35.605156,138.968914,23343,122.8,0.7,51.0,0,218.0,325.0,-2094,1.09,223,9,1.541,1.491,1.441,1.420,M,R11:p4/p10/p16/p22
18:41:28,35.604377,138.970494,23307,122.8,2.6,52.7,0,218.6,325.4,-2206,1.09,223,9,1.541,1.491,1.441,1.420,M,R11:p4/p10/p16/p22
18:41:29,35.603595,138.972082,23269,122.8,2.9,49.4,0,220.4,327.5,-2309,0.94,223,9,1.541,1.494,1.433,1.420,M,R11:p4/p10/p16/p22
18:41:30,35.602812,138.973675,23230,122.8,2.5,37.7,0,220.7,327.5,-2405,1.02,223,9,1.541,1.492,1.429,1.420,M,R11:p4/p10/p16/p22
18:41:31,35.602027,138.975272,23189,122.8,0.2,22.7,0,222.1,329.0,-2492,1.12,223,9,1.541,1.491,1.429,1.420,M,R11:p4/p10/p16/p22
18:41:32,35.601210,138.976848,23147,126.2,-0.1,11.1,0,222.6,328.7,-2570,1.13,223,9,1.541,1.494,1.429,1.420,M,R11:p4/p10/p16/p22
18:41:33,35.600321,138.978370,23104,128.9,0.0,6.3,0,224.8,330.8,-2641,1.08,223,9,1.541,1.491,1.429,1.420,M,R11:p4/p10/p16/p22
18:41:34,35.599367,138.979847,23059,132.0,0.0,7.6,0,226.8,332.4,-2703,1.06,223,9,1.540,1.489,1.429,1.420,M,R11:p4/p10/p16/p22
18:41:35,35.598343,138.981262,23013,135.6,-0.6,21.1,0,228.3,333.3,-2754,1.10,223,9,1.531,1.480,1.429,1.420,M,R11:p4/p10/p16/p22
18:41:36,35.597243,138.982583,22967,139.8,-0.6,32.3,0,228.3,331.8,-2791,1.19,223,9,1.531,1.480,1.429,1.414,M,R11:p4/p10/p16/p22
18:41:37,35.596101,138.983842,22921,140.8,0.0,42.3,0,228.3,331.1,-2814,1.20,223,9,1.529,1.480,1.429,1.410,M,R11:p4/p10/p16/p22
18:41:38,35.594954,138.985090,22874,140.8,0.8,50.5,0,228.3,330.6,-2823,1.13,223,9,1.515,1.480,1.429,1.410,M,R11:p4/p10/p16/p22
18:41:39,35.593810,138.986338,22827,140.8,2.4,49.2,0,228.3,330.2,-2818,1.04,223,9,1.524,1.480,1.421,1.410,M,R11:p4/p10/p16/p22
18:41:40,35.592668,138.987585,22780,140.8,2.6,40.3,0,228.7,330.3,-2799,1.04,223,9,1.525,1.480,1.420,1.410,M,R11:p4/p10/p16/p22
18:41:41,35.591522,138.988836,22733,140.8,1.1,25.3,0,230.1,331.8,-2779,1.19,223,9,1.525,1.480,1.420,1.410,M,R11:p4/p10/p16/p22
18:41:42,35.590359,138.990064,22687,143.3,1.5,13.1,0,230.2,330.9,-2732,1.23,223,9,1.525,1.480,1.420,1.410,R,R11:p4/p10/p16/p22
18:41:43,35.589133,138.991198,22642,147.9,1.8,6.6,0,232.3,332.1,-2671,1.18,223,9,1.529,1.480,1.420,1.410,R,R11:p4/p10/p16/p22
18:41:44,35.587847,138.992230,22598,151.0,2.2,7.3,0,232.6,331.3,-2596,1.13,223,9,1.530,1.480,1.420,1.410,R,R11:p4/p10/p16/p22
18:41:45,35.586507,138.993151,22556,155.3,2.5,21.9,0,234.3,332.0,-2507,1.18,223,9,1.530,1.473,1.420,1.410,R,R11:p4/p10/p16/p22
18:41:46,35.585141,138.994017,22515,155.4,2.9,32.0,0,234.4,331.7,-2405,1.24,223,9,1.530,1.473,1.420,1.405,R,R11:p4/p10/p16/p22
18:41:47,35.583776,138.994882,22476,155.4,3.2,43.3,0,234.4,331.3,-2289,1.25,223,9,1.530,1.473,1.420,1.400,R,R11:p4/p10/p16/p22
18:41:48,35.582413,138.995746,22439,155.4,3.6,48.1,0,234.4,330.9,-2159,1.17,223,9,1.530,1.473,1.419,1.400,R,R11:p4/p10/p16/p22
18:41:49,35.581052,138.996609,22404,155.5,3.9,45.5,0,234.4,330.5,-2014,1.11,223,9,1.530,1.473,1.412,1.400,R,R11:p4/p10/p16/p22
18:41:50,35.579675,138.997422,22372,158.8,4.3,37.6,0,234.3,329.1,-1857,1.16,223,9,1.530,1.473,1.410,1.400,M,R11:p4/p10/p16/p22
18:41:51,35.578279,138.998173,22342,159.4,3.4,24.6,0,234.3,328.6,-1685,1.24,223,9,1.521,1.473,1.410,1.400,M,R11:p4/p10/p16/p22
18:41:52,35.576869,138.998870,22315,162.7,3.2,13.0,0,234.8,328.0,-1499,1.25,223,9,1.520,1.473,1.410,1.400,M,R11:p4/p10/p16/p22
18:41:53,35.575424,138.999463,22292,165.9,3.2,8.0,0,237.0,329.7,-1300,1.21,223,9,1.520,1.473,1.410,1.400,M,R11:p4/p10/p16/p22
18:41:54,35.573944,138.999937,22272,170.2,3.2,13.9,0,238.4,330.1,-1086,1.20,223,9,1.520,1.473,1.410,1.400,M,R11:p4/p10/p16/p22
18:41:55,35.572444,139.000280,22256,173.4,3.3,27.2,0,238.2,328.6,-859,1.25,223,9,1.520,1.472,1.410,1.400,M,R11:p4/p10/p16/p22
18:41:56,35.570947,139.000579,22244,173.4,4.0,37.0,0,236.2,325.5,-635,1.28,223,9,1.519,1.460,1.410,1.396,M,R11:p4/p10/p16/p22
18:41:57,35.569460,139.000876,22235,173.4,4.6,44.7,0,235.8,324.6,-428,1.24,223,9,1.485,1.427,1.383,1.369,M,R11:p4/p10/p16/p22
18:41:58,35.567980,139.001172,22229,173.4,6.3,46.6,0,234.2,322.1,-241,1.15,223,9,1.467,1.411,1.352,1.344,M,R11:p4/p10/p16/p22
18:41:59,35.566509,139.001466,22227,173.5,7.2,38.9,0,233.6,321.0,-71,1.14,223,9,1.458,1.400,1.330,1.332,M,R11:p4/p10/p16/p22
18:42:00,35.565041,139.001700,22227,177.0,6.6,29.9,0,232.4,318.0,80,1.19,223,9,1.451,1.394,1.330,1.331,M,R11:p4/p10/p16/p22
18:42:01,35.563576,139.001903,22229,175.4,5.8,19.4,0,232.3,318.0,212,1.22,223,9,1.448,1.394,1.321,1.323,M,R11:p4/p10/p16/p22
18:42:02,35.562111,139.002060,22234,180.4,5.5,11.7,0,232.3,316.4,326,1.21,223,9,1.440,1.394,1.320,1.322,M,R11:p4/p10/p16/p22
18:42:03,35.560647,139.002075,22240,183.5,5.6,12.3,0,232.3,315.3,422,1.15,223,9,1.440,1.394,1.320,1.322,M,R11:p4/p10/p16/p22
18:42:04,35.559191,139.001981,22248,187.2,5.6,19.4,0,231.9,313.6,499,1.15,223,9,1.440,1.390,1.320,1.313,M,R11:p4/p10/p16/p22
18:42:05,35.557757,139.001758,22256,191.0,5.0,28.4,0,230.3,310.3,557,1.21,223,9,1.440,1.384,1.320,1.311,M,R11:p4/p10/p16/p22
18:42:06,35.556338,139.001485,22266,191.0,5.5,44.1,0,229.9,309.4,598,1.20,222,9,1.440,1.384,1.320,1.311,M,R11:p4/p10/p16/p22
18:42:07,35.554925,139.001213,22276,191.0,7.1,48.1,0,228.4,307.1,619,1.13,222,9,1.440,1.384,1.320,1.311,M,R11:p4/p10/p16/p22
18:42:08,35.553522,139.000939,22287,191.3,7.9,47.4,0,227.8,305.9,623,1.07,222,9,1.440,1.384,1.320,1.311,M,R11:p4/p10/p16/p22
18:42:09,35.552135,139.000618,22297,194.1,7.4,42.5,0,226.3,303.0,607,1.07,222,9,1.440,1.384,1.320,1.312,M,R11:p4/p10/p16/p22
18:42:10,35.550764,139.000244,22307,194.7,6.7,31.9,0,226.3,302.6,574,1.12,222,9,1.440,1.384,1.320,1.321,M,R11:p4/p10/p16/p22
18:42:11,35.549407,138.999815,22316,198.1,5.8,20.7,0,226.3,301.8,521,1.14,222,9,1.440,1.387,1.320,1.321,M,R11:p4/p10/p16/p22
18:42:12,35.548081,138.999276,22324,201.7,5.1,15.4,0,226.3,301.0,451,1.11,222,9,1.442,1.394,1.320,1.321,M,R11:p4/p10/p16/p22
18:42:13,35.546793,138.998622,22331,205.7,4.8,17.9,0,226.3,300.2,362,1.07,222,9,1.450,1.394,1.320,1.321,M,R11:p4/p10/p16/p22
18:42:14,35.545547,138.997865,22336,208.6,4.2,26.7,0,226.3,299.6,254,1.08,222,9,1.450,1.394,1.320,1.321,M,R11:p4/p10/p16/p22
18:42:15,35.544321,138.997068,22339,209.0,3.5,37.3,0,226.0,298.9,128,1.14,222,9,1.450,1.394,1.321,1.321,M,R11:p4/p10/p16/p22
18:42:16,35.543131,138.996214,22340,212.9,3.9,47.7,0,224.3,296.0,-17,1.14,222,9,1.450,1.394,1.329,1.321,M,R11:p4/p10/p16/p22
18:42:17,35.541973,138.995313,22339,212.9,4.6,52.5,0,224.3,295.7,-174,1.08,222,9,1.450,1.394,1.329,1.321,M,R11:p4/p10/p16/p22
18:42:18,35.540815,138.994413,22334,212.8,4.9,52.6,0,224.3,295.4,-337,1.05,222,9,1.450,1.394,1.321,1.321,M,R11:p4/p10/p16/p22
18:42:19,35.539660,138.993514,22327,212.9,4.8,45.0,0,224.1,294.8,-506,1.02,222,9,1.450,1.394,1.320,1.321,M,R11:p4/p10/p16/p22
18:42:20,35.538528,138.992589,22317,215.6,3.2,36.2,0,222.4,292.0,-682,1.05,222,9,1.450,1.394,1.320,1.321,M,R11:p4/p10/p16/p22
18:42:21,35.537453,138.991573,22305,219.7,2.6,26.1,0,224.2,294.1,-864,1.10,222,9,1.450,1.394,1.320,1.321,M,R11:p4/p10/p16/p22
18:42:22,35.536439,138.990451,22289,223.7,1.8,20.7,0,225.2,295.2,-1052,1.09,222,9,1.450,1.394,1.320,1.321,M,R11:p4/p10/p16/p22
18:42:23,35.535490,138.989236,22269,227.3,0.3,21.9,0,226.3,296.6,-1247,1.07,222,9,1.450,1.394,1.320,1.321,M,R11:p4/p10/p16/p22
18:42:24,35.534616,138.987936,22247,231.1,-0.1,28.7,0,226.3,296.5,-1447,1.10,222,9,1.450,1.394,1.320,1.321,M,R11:p4/p10/p16/p22
18:42:25,35.533779,138.986601,22221,231.3,-0.7,42.4,0,226.3,296.1,-1654,1.14,222,9,1.438,1.393,1.320,1.321,M,R11:p4/p10/p16/p22
18:42:26,35.532981,138.985232,22192,234.7,-0.7,52.9,0,226.3,296.2,-1866,1.14,222,9,1.280,1.267,1.254,1.267,M,R11:p4/p10/p16/p22
18:42:27,35.532221,138.983832,22159,234.7,0.0,56.2,0,226.3,295.7,-2085,1.07,222,9,1.189,1.186,1.161,1.163,M,R11:p4/p10/p16/p22
18:42:28,35.531468,138.982431,22122,235.3,0.8,54.8,0,226.3,295.2,-2310,1.01,222,9,1.161,1.157,1.102,1.110,M,R11:p4/p10/p16/p22
18:42:29,35.530760,138.980996,22082,238.5,0.0,47.0,0,226.3,295.3,-2541,1.01,222,9,1.142,1.152,1.091,1.085,M,R11:p4/p10/p16/p22
18:42:30,35.530094,138.979531,22038,239.0,-0.6,36.5,0,226.3,294.8,-2782,1.06,222,9,1.105,1.127,1.082,1.071,M,R11:p4/p10/p16/p22
18:42:31,35.529470,138.978040,21989,242.4,-2.4,26.5,0,227.0,295.9,-3026,1.09,222,9,1.081,1.100,1.081,1.031,M,R11:p4/p10/p16/p22
18:42:32,35.528924,138.976490,21937,245.7,-3.1,22.3,0,228.9,298.7,-3275,1.08,222,9,1.078,1.100,1.080,1.005,M,R11:p4/p10/p16/p22
18:42:33,35.528464,138.974879,21880,249.8,-4.0,23.7,0,231.3,302.5,-3530,1.07,222,9,1.071,1.098,1.071,1.003,M,R11:p4/p10/p16/p22
18:42:34,35.528089,138.973220,21819,252.8,-4.8,33.2,0,232.2,303.9,-3791,1.10,222,9,1.068,1.091,1.071,1.001,M,R11:p4/p10/p16/p22
18:42:35,35.527801,138.971525,21754,256.2,-5.6,40.3,0,233.2,305.7,-4059,1.14,222,9,1.059,1.079,1.043,1.029,M,R11:p4/p10/p16/p22
18:42:36,35.527551,138.969814,21684,256.2,-4.8,50.4,0,234.2,306.3,-4331,1.15,222,9,1.059,1.079,1.007,1.030,M,R11:p4/p10/p16/p22
18:42:37,35.527306,138.968101,21609,256.6,-3.9,54.6,0,234.8,306.4,-4590,1.10,222,10,1.059,1.079,1.000,1.039,M,R11:p4/p10/p16/p22
18:42:38,35.527113,138.966370,21531,260.1,-3.3,51.6,0,236.3,309.0,-4814,1.07,222,10,1.059,1.079,0.992,1.039,M,R11:p4/p10/p16/p22
18:42:39,35.526972,138.964625,21449,260.5,-3.3,43.3,0,236.4,308.5,-5036,1.10,222,10,1.058,1.078,1.007,1.038,M,R11:p4/p10/p16/p22
18:42:40,35.526878,138.962869,21363,263.5,-4.1,34.5,0,238.6,312.0,-5211,1.16,222,10,1.049,1.068,1.034,1.029,M,R11:p4/p10/p16/p22
18:42:41,35.526825,138.961092,21275,263.7,-4.7,25.6,0,240.9,314.5,-5334,1.19,222,10,1.039,1.059,1.039,1.029,M,R11:p4/p10/p16/p22
18:42:42,35.526820,138.959298,21186,267.6,-4.9,20.5,0,242.7,318.0,-5423,1.19,222,10,1.039,1.059,1.039,1.029,M,R11:p4/p10/p16/p22
18:42:43,35.526923,138.957486,21095,271.1,-5.4,23.7,0,244.8,321.9,-5478,1.20,222,10,1.039,1.059,1.041,1.019,M,R11:p4/p10/p16/p22
18:42:44,35.527139,138.955668,21003,275.7,-5.5,32.1,0,246.2,325.5,-5498,1.25,222,10,1.039,1.059,1.021,1.019,M,R11:p4/p10/p16/p22
18:42:45,35.527458,138.953858,20912,278.2,-4.9,40.6,0,246.5,326.8,-5485,1.27,223,10,1.039,1.059,1.000,1.019,M,R11:p4/p10/p16/p22
18:42:46,35.527807,138.952047,20821,278.2,-3.3,46.8,0,248.2,328.7,-5437,1.25,223,10,1.038,1.059,1.019,1.019,M,R11:p4/p10/p16/p22
18:42:47,35.528160,138.950233,20731,278.5,-1.6,45.3,0,248.2,328.5,-5356,1.21,223,10,1.037,1.059,1.010,1.019,M,R11:p4/p10/p16/p22
18:42:48,35.528562,138.948431,20642,281.7,-1.4,37.5,0,248.3,330.1,-5241,1.22,223,10,1.029,1.059,1.030,1.019,M,R11:p4/p10/p16/p22
18:42:49,35.529018,138.946642,20556,282.3,-1.4,28.8,0,248.5,330.5,-5092,1.28,223,10,1.029,1.049,1.021,1.019,M,R11:p4/p10/p16/p22
18:42:50,35.529523,138.944859,20473,285.2,-1.5,19.6,0,250.5,334.6,-4910,1.33,223,10,1.029,1.049,1.011,1.019,M,R11:p4/p10/p16/p22
18:42:51,35.530081,138.943085,20393,286.0,-1.5,15.8,0,250.8,335.4,-4695,1.30,223,10,1.029,1.049,1.022,1.019,M,R11:p4/p10/p16/p22
18:42:52,35.530698,138.941325,20316,289.7,-0.8,18.6,0,252.4,339.7,-4445,1.28,223,10,1.029,1.049,1.005,1.019,M,R11:p4/p10/p16/p22
18:42:53,35.531406,138.939600,20245,292.5,-0.7,27.3,0,251.8,340.6,-4163,1.30,223,10,1.029,1.049,1.011,1.010,M,R11:p4/p10/p16/p22
18:42:54,35.532201,138.937928,20178,296.1,0.1,34.7,0,250.4,341.0,-3847,1.33,223,10,1.029,1.058,1.020,1.010,M,R11:p4/p10/p16/p22
18:42:55,35.533033,138.936286,20117,296.1,0.9,40.2,0,249.7,340.2,-3498,1.29,223,10,1.029,1.059,1.011,1.009,M,R11:p4/p10/p16/p22
18:42:56,35.533865,138.934651,20061,296.1,2.5,39.0,0,248.3,338.6,-3115,1.25,223,10,1.029,1.058,1.013,1.009,M,R11:p4/p10/p16/p22
18:42:57,35.534696,138.933021,20013,296.1,2.6,32.2,0,248.3,338.8,-2700,1.24,223,10,1.029,1.050,1.030,1.009,M,R11:p4/p10/p16/p22
18:42:58,35.535539,138.931396,19971,297.1,2.5,23.0,0,248.3,339.6,-2279,1.27,223,10,1.029,1.049,1.020,1.019,M,R11:p4/p10/p16/p22
18:42:59,35.536435,138.929805,19937,300.5,2.4,13.3,0,248.1,341.7,-1884,1.29,223,10,1.029,1.049,1.029,1.020,M,R11:p4/p10/p16/p22
18:43:00,35.537421,138.928288,19909,304.5,2.5,11.1,0,246.2,341.8,-1512,1.26,223,10,1.029,1.049,1.029,1.020,M,R11:p4/p10/p16/p22
18:43:01,35.538478,138.926837,19886,306.8,3.2,12.2,0,246.2,343.4,-1164,1.23,223,10,1.029,1.057,1.011,1.020,M,R11:p4/p10/p16/p22
18:43:02,35.539566,138.925415,19870,307.5,3.4,22.3,0,245.6,343.2,-841,1.25,223,10,1.029,1.059,1.018,1.020,M,R11:p4/p10/p16/p22
18:43:03,35.540694,138.924039,19858,310.6,4.1,30.8,0,244.4,343.8,-542,1.27,223,10,1.038,1.059,1.019,1.020,M,R11:p4/p10/p16/p22
18:43:04,35.541850,138.922699,19851,310.6,4.9,37.1,0,243.8,343.2,-266,1.24,223,10,1.038,1.059,1.012,1.020,M,R11:p4/p10/p16/p22
18:43:05,35.543003,138.921368,19849,310.6,6.5,36.5,0,241.5,340.4,-15,1.19,223,10,1.038,1.059,1.030,1.020,M,R11:p4/p10/p16/p22
18:43:06,35.544148,138.920050,19851,310.6,7.1,31.0,0,239.2,337.6,212,1.16,223,10,1.038,1.059,1.029,1.020,M,R11:p4/p10/p16/p22
18:43:07,35.545292,138.918749,19856,311.3,7.2,22.5,0,237.8,336.4,416,1.19,223,10,1.038,1.059,1.026,1.020,M,R11:p4/p10/p16/p22
18:43:08,35.546472,138.917502,19865,314.9,6.5,15.5,0,236.2,336.7,595,1.21,223,10,1.038,1.059,1.039,1.020,M,R11:p4/p10/p16/p22
18:43:09,35.547708,138.916331,19876,317.0,6.5,8.3,0,235.5,337.3,751,1.18,223,10,1.038,1.059,1.030,1.020,M,R11:p4/p10/p16/p22
18:43:10,35.548959,138.915191,19889,317.3,7.1,9.1,0,233.6,335.3,882,1.14,223,10,1.038,1.061,1.030,1.020,M,R11:p4/p10/p16/p22
18:43:11,35.550227,138.914099,19905,320.6,6.5,15.7,0,231.0,334.1,990,1.12,223,10,1.038,1.068,1.030,1.020,M,R11:p4/p10/p16/p22
18:43:12,35.551553,138.913118,19922,324.5,7.1,25.5,0,229.2,334.3,1073,1.14,223,10,1.048,1.068,1.030,1.021,M,R11:p4/p10/p16/p22
18:43:13,35.552897,138.912186,19941,324.5,7.2,33.1,0,227.4,332.3,1133,1.12,223,10,1.048,1.068,1.031,1.030,M,R11:p4/p10/p16/p22
18:43:14,35.554233,138.911262,19960,324.5,8.0,35.2,0,225.2,329.7,1169,1.06,223,10,1.048,1.068,1.040,1.030,M,R11:p4/p10/p16/p22
18:43:15,35.555561,138.910348,19980,324.5,8.5,32.5,0,223.2,327.4,1180,1.02,223,10,1.048,1.068,1.040,1.030,M,R11:p4/p10/p16/p22
18:43:16,35.556880,138.909443,19999,324.5,8.1,23.7,0,221.3,325.2,1168,1.02,223,10,1.048,1.068,1.043,1.039,M,R11:p4/p10/p16/p22
18:43:17,35.558191,138.908547,20018,324.6,8.0,18.0,0,219.2,322.8,1132,1.04,223,10,1.050,1.068,1.049,1.039,M,R11:p4/p10/p16/p22
18:43:18,35.559517,138.907705,20037,328.1,7.2,10.4,0,217.0,322.1,1071,1.04,223,10,1.057,1.070,1.047,1.039,M,R11:p4/p10/p16/p22
18:43:19,35.560862,138.906915,20054,328.3,7.1,6.1,0,216.1,321.3,994,1.00,223,10,1.058,1.078,1.040,1.039,M,R11:p4/p10/p16/p22
18:43:20,35.562221,138.906163,20070,331.3,6.4,7.8,0,215.5,322.4,906,0.97,223,10,1.058,1.078,1.048,1.039,M,R11:p4/p10/p16/p22
18:43:21,35.563616,138.905507,20084,334.8,5.5,14.1,0,214.1,322.6,808,0.99,223,10,1.058,1.080,1.049,1.039,M,R11:p4/p10/p16/p22
18:43:22,35.565031,138.904909,20097,335.6,4.8,22.7,0,213.8,322.9,700,1.00,223,10,1.059,1.088,1.040,1.039,M,R11:p4/p10/p16/p22
18:43:23,35.566442,138.904323,20107,335.6,5.5,31.0,0,211.4,319.9,582,0.98,223,10,1.068,1.088,1.049,1.039,M,R11:p4/p10/p16/p22
18:43:24,35.567843,138.903742,20116,335.5,5.6,35.2,0,210.3,318.6,453,0.95,223,10,1.068,1.088,1.048,1.043,M,R11:p4/p10/p16/p22
18:43:25,35.569242,138.903162,20122,335.5,6.3,33.7,0,210.1,318.5,314,0.91,223,10,1.068,1.088,1.042,1.050,M,R11:p4/p10/p16/p22
18:43:26,35.570634,138.902585,20126,335.5,5.7,29.0,0,208.1,315.9,165,0.90,223,10,1.068,1.088,1.058,1.050,M,R11:p4/p10/p16/p22
18:43:27,35.572022,138.902012,20128,335.5,4.9,19.9,0,208.1,316.0,5,0.93,223,10,1.068,1.088,1.049,1.050,M,R11:p4/p10/p16/p22
18:43:28,35.573427,138.901484,20127,339.0,3.3,12.2,0,208.3,318.0,-165,0.94,223,10,1.068,1.088,1.052,1.050,M,R11:p4/p10/p16/p22
18:43:29,35.574851,138.901003,20122,339.2,3.2,5.6,0,209.5,319.7,-344,0.95,223,10,1.068,1.088,1.059,1.050,M,R11:p4/p10/p16/p22
18:43:30,35.576296,138.900559,20115,342.4,2.5,4.3,0,210.7,322.8,-535,0.91,223,10,1.068,1.088,1.047,1.050,M,R11:p4/p10/p16/p22
18:43:31,35.577770,138.900219,20104,346.0,2.5,9.3,0,210.8,324.4,-735,0.91,223,10,1.068,1.088,1.044,1.050,M,R11:p4/p10/p16/p22
18:43:32,35.579255,138.899927,20091,346.3,1.1,18.9,0,210.8,324.4,-945,0.94,223,10,1.068,1.088,1.057,1.050,M,R11:p4/p10/p16/p22
18:43:33,35.580748,138.899687,20073,349.6,0.7,27.6,0,210.6,325.2,-1166,0.95,223,10,1.068,1.088,1.047,1.050,M,R11:p4/p10/p16/p22
18:43:34,35.582246,138.899492,20052,349.4,0.5,34.5,0,210.5,324.8,-1397,0.94,223,10,1.068,1.088,1.039,1.050,M,R11:p4/p10/p16/p22
18:43:35,35.583735,138.899252,20026,346.5,1.5,34.9,0,210.5,323.3,-1637,0.91,223,10,1.068,1.088,1.059,1.050,M,R11:p4/p10/p16/p22
18:43:36,35.585217,138.898973,19997,346.5,1.3,32.2,0,210.6,323.1,-1888,0.89,223,10,1.068,1.088,1.049,1.050,M,R11:p4/p10/p16/p22
18:43:37,35.586699,138.898703,19963,347.4,0.4,23.8,0,210.8,323.3,-2149,0.92,223,10,1.068,1.088,1.050,1.050,M,R11:p4/p10/p16/p22
18:43:38,35.588193,138.898511,19925,351.5,0.0,13.5,0,211.2,325.0,-2420,0.95,223,10,1.068,1.086,1.058,1.049,M,R11:p4/p10/p16/p22
18:43:39,35.589693,138.898356,19883,350.3,-0.8,6.1,0,211.6,324.5,-2701,0.96,224,10,1.068,1.078,1.059,1.049,M,R11:p4/p10/p16/p22
18:43:40,35.591197,138.898231,19835,353.8,-0.8,3.3,0,212.1,325.8,-2975,0.94,224,10,1.068,1.088,1.050,1.049,M,R11:p4/p10/p16/p22
18:43:41,35.592710,138.898175,19784,354.9,-0.8,5.5,0,213.1,326.9,-3225,0.94,224,10,1.068,1.088,1.059,1.049,M,R11:p4/p10/p16/p22
18:43:42,35.594228,138.898158,19728,356.8,-1.7,12.9,0,213.9,327.9,-3452,0.94,224,10,1.068,1.088,1.047,1.049,M,R11:p4/p10/p16/p22
18:43:43,35.595748,138.898231,19669,0.5,-2.5,23.2,0,214.0,328.4,-3656,0.98,224,10,1.068,1.089,1.041,1.041,M,R11:p4/p10/p16/p22
18:43:44,35.597266,138.898351,19606,0.5,-2.3,32.3,0,214.0,327.7,-3836,0.98,224,10,1.068,1.089,1.049,1.041,M,R11:p4/p10/p16/p22
18:43:45,35.598781,138.898471,19541,0.5,-1.5,35.2,0,214.0,327.0,-3992,0.95,224,10,1.068,1.086,1.049,1.040,M,R11:p4/p10/p16/p22
18:43:46,35.600294,138.898593,19473,0.5,-0.9,34.0,0,214.5,327.0,-4125,0.92,224,10,1.066,1.079,1.048,1.040,M,R11:p4/p10/p16/p22
18:43:47,35.601809,138.898664,19403,357.0,-1.6,26.9,0,215.9,326.9,-4332,0.94,224,10,1.059,1.079,1.042,1.040,M,R11:p4/p10/p16/p22
18:43:48,35.603326,138.898711,19330,359.1,-2.4,15.0,0,216.6,327.8,-4421,0.94,224,10,1.059,1.079,1.057,1.040,M,R11:p4/p10/p16/p22
18:43:49,35.604846,138.898817,19256,0.8,-3.1,7.8,0,217.8,329.2,-4489,1.02,224,10,1.059,1.079,1.048,1.040,M,R11:p4/p10/p16/p22
18:43:50,35.606369,138.898990,19180,3.9,-3.2,3.3,0,218.7,330.5,-4529,1.00,223,10,1.059,1.079,1.039,1.040,M,R11:p4/p10/p16/p22
18:43:51,35.607895,138.899270,19105,7.5,-3.3,3.7,0,222.2,335.3,-4546,1.00,223,10,1.059,1.079,1.039,1.040,M,R11:p4/p10/p16/p22
18:43:52,35.609432,138.899602,19029,7.7,-3.9,12.6,0,224.4,337.5,-4540,1.01,223,10,1.059,1.079,1.038,1.039,M,R11:p4/p10/p16/p22
18:43:53,35.610965,138.899991,18954,11.4,-3.9,20.4,0,224.7,338.0,-4509,1.06,223,10,1.059,1.079,1.029,1.030,M,R11:p4/p10/p16/p22
18:43:54,35.612496,138.900438,18879,11.5,-3.3,31.6,0,227.1,340.6,-4455,1.09,223,10,1.057,1.078,1.031,1.030,M,R11:p4/p10/p16/p22
18:43:55,35.614033,138.900889,18805,11.5,-1.6,35.5,0,227.9,341.0,-4377,1.04,223,10,1.048,1.069,1.037,1.030,M,R11:p4/p10/p16/p22
18:43:56,35.615572,138.901340,18733,11.5,-0.8,33.1,0,228.6,341.3,-4276,1.04,222,10,1.048,1.069,1.029,1.030,M,R11:p4/p10/p16/p22
18:43:57,35.617117,138.901792,18663,11.4,-0.4,26.0,0,231.0,343.9,-4152,1.06,222,10,1.047,1.067,1.029,1.030,M,R11:p4/p10/p16/p22
18:43:58,35.618671,138.902245,18595,11.4,-1.5,15.2,0,232.3,345.0,-4004,1.12,222,10,1.039,1.059,1.039,1.030,M,R11:p4/p10/p16/p22
18:43:59,35.620228,138.902699,18529,11.4,-1.6,6.4,0,232.7,345.0,-3832,1.14,222,10,1.038,1.059,1.039,1.030,M,R11:p4/p10/p16/p22
18:44:00,35.621783,138.903183,18467,13.7,-0.9,1.5,0,234.4,347.1,-3655,1.13,222,10,1.040,1.062,1.039,1.030,M,R11:p4/p10/p16/p22
18:44:01,35.623321,138.903763,18408,17.5,-0.8,5.6,0,234.4,347.1,-3473,1.11,222,10,1.047,1.069,1.039,1.030,M,R11:p4/p10/p16/p22
18:44:02,35.624825,138.904470,18351,21.7,-0.9,14.6,0,234.8,347.5,-3291,1.14,222,10,1.048,1.070,1.039,1.029,M,R11:p4/p10/p16/p22
18:44:03,35.626311,138.905247,18298,22.4,-0.8,24.5,0,236.4,349.1,-3110,1.17,221,10,1.048,1.070,1.039,1.021,M,R11:p4/p10/p16/p22
18:44:04,35.627797,138.906033,18248,22.4,-0.2,30.5,0,236.4,348.5,-2930,1.16,221,10,1.048,1.070,1.039,1.021,M,R11:p4/p10/p16/p22
18:44:05,35.629279,138.906819,18200,22.4,1.6,33.7,0,236.4,348.0,-2750,1.13,221,10,1.048,1.070,1.039,1.021,M,R11:p4/p10/p16/p22
18:44:06,35.630759,138.907605,18156,22.4,2.3,26.9,0,236.4,347.4,-2571,1.12,221,10,1.048,1.068,1.039,1.021,M,R11:p4/p10/p16/p22
18:44:07,35.632235,138.908391,18115,22.4,2.3,21.1,0,236.4,346.8,-2392,1.14,221,10,1.040,1.060,1.048,1.021,M,R11:p4/p10/p16/p22
18:44:08,35.633709,138.909177,18076,22.4,1.6,9.4,0,236.4,346.1,-2215,1.18,221,10,1.040,1.060,1.049,1.021,M,R11:p4/p10/p16/p22
18:44:09,35.635171,138.909987,18041,24.5,2.5,0.4,0,236.4,345.7,-2037,1.17,221,10,1.040,1.061,1.049,1.021,M,R11:p4/p10/p16/p22
18:44:10,35.636589,138.910902,18008,29.1,3.2,1.4,0,236.4,345.5,-1860,1.12,221,10,1.046,1.069,1.049,1.021,M,R11:p4/p10/p16/p22
18:44:11,35.637977,138.911880,17979,29.5,3.0,6.2,0,236.4,344.9,-1684,1.15,221,10,1.049,1.070,1.049,1.021,M,R11:p4/p10/p16/p22
18:44:12,35.639341,138.912896,17952,32.1,2.4,18.0,0,235.4,343.1,-1508,1.19,221,10,1.049,1.070,1.049,1.021,M,R11:p4/p10/p16/p22
18:44:13,35.640669,138.913959,17928,33.1,3.1,29.4,0,234.3,341.1,-1333,1.19,221,10,1.049,1.070,1.049,1.021,M,R11:p4/p10/p16/p22
18:44:14,35.641986,138.915029,17908,33.1,4.7,31.8,0,233.9,340.0,-1158,1.13,220,10,1.049,1.070,1.049,1.021,M,R11:p4/p10/p16/p22
18:44:15,35.643294,138.916095,17890,33.1,5.5,29.8,0,231.9,336.9,-984,1.06,220,10,1.049,1.070,1.049,1.021,M,R11:p4/p10/p16/p22
18:44:16,35.644587,138.917152,17875,33.1,5.5,21.8,0,229.6,333.3,-810,1.13,220,10,1.049,1.070,1.057,1.029,M,R11:p4/p10/p16/p22
18:44:17,35.645866,138.918201,17863,33.1,5.5,11.7,0,227.5,330.1,-637,1.17,220,10,1.049,1.070,1.059,1.030,M,R11:p4/p10/p16/p22
18:44:18,35.647133,138.919243,17854,33.1,5.5,4.7,0,226.6,328.4,-464,1.10,220,10,1.049,1.070,1.059,1.030,M,R11:p4/p10/p16/p22
18:44:19,35.648381,138.920314,17847,35.9,5.5,1.9,0,226.8,328.3,-292,1.06,220,10,1.049,1.070,1.059,1.030,M,R11:p4/p10/p16/p22
18:44:20,35.649581,138.921467,17844,39.1,5.4,6.9,0,228.0,329.5,-120,1.05,220,10,1.058,1.072,1.059,1.030,M,R11:p4/p10/p16/p22
18:44:21,35.650744,138.922669,17843,40.4,5.5,15.5,0,225.5,325.8,40,1.05,220,10,1.059,1.080,1.059,1.030,M,R11:p4/p10/p16/p22
18:44:22,35.651860,138.923909,17845,43.2,5.6,25.5,0,224.2,323.8,179,1.10,220,10,1.059,1.080,1.059,1.030,M,R11:p4/p10/p16/p22
18:44:23,35.652943,138.925178,17849,43.6,6.5,31.2,0,223.4,322.3,295,1.05,220,10,1.059,1.080,1.059,1.030,M,R11:p4/p10/p16/p22
18:44:24,35.654012,138.926440,17855,43.6,7.4,31.3,0,219.6,317.0,388,1.02,220,10,1.059,1.080,1.059,1.031,M,R11:p4/p10/p16/p22
18:44:25,35.655061,138.927689,17862,43.9,7.4,25.7,0,217.3,313.6,460,0.99,220,10,1.059,1.080,1.059,1.039,M,R11:p4/p10/p16/p22
18:44:26,35.656097,138.928931,17870,43.9,6.7,16.2,0,215.9,311.4,509,1.02,220,10,1.059,1.080,1.065,1.039,M,R11:p4/p10/p16/p22
18:44:27,35.657127,138.930171,17879,43.9,5.8,10.2,0,215.9,311.1,536,1.03,221,10,1.059,1.080,1.068,1.039,M,R11:p4/p10/p16/p22
18:44:28,35.658155,138.931412,17888,43.9,5.4,2.7,0,215.9,310.7,541,1.05,221,10,1.059,1.080,1.068,1.039,M,R11:p4/p10/p16/p22
18:44:29,35.659165,138.932671,17897,46.2,5.5,0.1,0,215.8,310.4,523,0.97,221,10,1.059,1.080,1.068,1.039,M,R11:p4/p10/p16/p22
18:44:30,35.660108,138.933996,17905,50.4,5.4,3.8,0,214.0,307.9,483,0.95,221,10,1.067,1.081,1.068,1.039,M,R11:p4/p10/p16/p22
18:44:31,35.661002,138.935359,17913,51.2,4.6,14.3,0,213.7,307.2,421,0.98,221,10,1.069,1.089,1.068,1.039,M,R11:p4/p10/p16/p22
18:44:32,35.661857,138.936748,17919,54.0,4.0,25.2,0,211.8,304.6,336,0.99,221,10,1.069,1.089,1.068,1.039,M,R11:p4/p10/p16/p22
18:44:33,35.662673,138.938152,17924,54.4,4.6,31.2,0,210.0,302.0,230,0.99,221,10,1.069,1.089,1.068,1.039,M,R11:p4/p10/p16/p22
18:44:34,35.663480,138.939554,17927,54.4,4.7,31.4,0,209.7,301.3,101,0.96,221,10,1.069,1.090,1.068,1.039,M,R11:p4/p10/p16/p22
18:44:35,35.664298,138.940934,17927,52.3,4.7,28.8,0,208.0,298.7,-51,0.90,221,10,1.069,1.090,1.068,1.039,M,R11:p4/p10/p16/p22
18:44:36,35.665144,138.942278,17925,51.0,4.1,21.7,0,208.0,298.3,-224,0.89,221,10,1.069,1.090,1.076,1.048,M,R11:p4/p10/p16/p22
18:44:37,35.665997,138.943613,17919,51.0,3.1,11.8,0,208.0,297.9,-420,0.93,221,10,1.069,1.090,1.078,1.049,M,R11:p4/p10/p16/p22
18:44:38,35.666826,138.944960,17911,53.3,2.0,3.5,0,206.2,295.4,-638,0.96,221,10,1.069,1.090,1.078,1.049,M,R11:p4/p10/p16/p22
18:44:39,35.667614,138.946333,17898,54.7,2.1,0.8,0,206.3,295.2,-879,0.94,221,10,1.069,1.090,1.078,1.049,M,R11:p4/p10/p16/p22
18:44:40,35.668364,138.947745,17881,57.7,1.8,4.1,0,208.0,297.2,-1141,0.90,221,10,1.069,1.090,1.078,1.049,M,R11:p4/p10/p16/p22
18:44:41,35.669045,138.949214,17860,61.4,0,12.6,0,208.0,297.0,-1407,0.91,221,10,1.077,1.090,1.078,1.049,M,R11:p4/p10/p16/p22
18:44:42,35.669688,138.950706,17834,61.7,-0.5,23.3,0,207.9,296.4,-1660,0.92,221,10,1.078,1.090,1.078,1.049,M,R11:p4/p10/p16/p22
18:44:43,35.670286,138.952215,17805,65.3,-0.4,31.0,0,206.1,293.7,-1899,0.95,221,10,1.078,1.090,1.078,1.049,M,R11:p4/p10/p16/p22
18:44:44,35.670846,138.953744,17771,65.3,0.2,33.0,0,208.0,295.7,-2124,0.95,220,10,1.078,1.090,1.078,1.049,M,R11:p4/p10/p16/p22
18:44:45,35.671439,138.955258,17734,61.9,0.6,31.9,0,208.1,295.1,-2335,0.91,220,10,1.078,1.090,1.078,1.049,M,R11:p4/p10/p16/p22
18:44:46,35.672067,138.956756,17693,61.8,0.1,24.6,0,210.1,297.1,-2532,0.89,220,10,1.070,1.090,1.078,1.049,M,R11:p4/p10/p16/p22
18:44:47,35.672696,138.958259,17650,61.8,-0.7,14.5,0,210.1,296.5,-2715,0.90,220,10,1.069,1.090,1.078,1.049,M,R11:p4/p10/p16/p22
18:44:48,35.673293,138.959778,17603,64.9,-1.1,5.0,0,210.2,296.4,-2885,0.93,220,10,1.069,1.090,1.078,1.049,M,R11:p4/p10/p16/p22
18:44:49,35.673848,138.961324,17554,65.6,-1.0,1.2,0,211.9,298.1,-3040,0.96,220,10,1.069,1.090,1.078,1.049,M,R11:p4/p10/p16/p22
18:44:50,35.674370,138.962901,17502,68.7,-1.4,0.7,0,214.1,300.6,-3182,0.95,220,10,1.069,1.090,1.078,1.049,M,R11:p4/p10/p16/p22
18:44:51,35.674814,138.964530,17448,72.4,-2.2,7.2,0,216.1,302.9,-3310,0.97,220,10,1.069,1.090,1.078,1.049,M,R11:p4/p10/p16/p22
18:44:52,35.675221,138.966178,17391,72.5,-2.7,20.2,0,216.2,302.6,-3424,0.99,219,10,1.069,1.090,1.071,1.042,M,R11:p4/p10/p16/p22
18:44:53,35.675592,138.967837,17334,75.5,-2.4,30.0,0,216.2,302.3,-3524,0.99,219,10,1.069,1.090,1.068,1.039,M,R11:p4/p10/p16/p22
18:44:54,35.675921,138.969514,17274,76.0,-1.3,34.4,0,218.0,304.2,-3610,1.00,219,10,1.069,1.090,1.068,1.039,M,R11:p4/p10/p16/p22
18:44:55,35.676279,138.971185,17213,72.8,-1.0,34.2,0,218.0,303.5,-3683,0.99,219,10,1.069,1.090,1.068,1.039,M,R11:p4/p10/p16/p22
18:44:56,35.676675,138.972839,17151,72.5,-0.8,27.9,0,218.0,303.0,-3742,0.96,219,10,1.069,1.080,1.068,1.039,M,R11:p4/p10/p16/p22
18:44:57,35.677071,138.974492,17089,72.5,-1.0,18.0,0,218.1,302.6,-3787,0.97,218,10,1.069,1.080,1.068,1.039,M,R11:p4/p10/p16/p22
18:44:58,35.677431,138.976161,17025,75.7,-2.8,7.9,0,220.0,305.0,-3818,0.98,218,10,1.061,1.080,1.068,1.039,M,R11:p4/p10/p16/p22
18:44:59,35.677754,138.977858,16961,75.9,-2.4,1.5,0,222.4,307.7,-3836,1.04,218,10,1.059,1.080,1.068,1.039,M,R11:p4/p10/p16/p22
18:45:00,35.678048,138.979577,16897,78.8,-1.9,-0.1,0,224.2,309.9,-3840,1.02,218,10,1.059,1.080,1.068,1.039,M,R11:p4/p10/p16/p22
18:45:01,35.678248,138.981323,16833,83.0,-2.1,3.8,0,224.4,310.1,-3831,1.01,218,10,1.059,1.054,1.054,1.028,M,R11:p4/p10/p16/p22
18:45:02,35.678401,138.983082,16770,83.3,-2.6,14.6,0,226.1,312.0,-3814,1.02,217,10,1.028,1.002,1.012,0.996,M,R11:p4/p10/p16/p22
18:45:03,35.678515,138.984850,16706,86.1,-2.3,27.8,0,226.0,311.8,-3795,1.07,217,9,0.972,0.979,0.961,0.958,M,R11:p4/p10/p16/p22
18:45:04,35.678588,138.986615,16643,86.5,-1.6,33.5,0,224.4,309.5,-3775,1.10,217,9,0.934,0.960,0.954,0.942,M,R11:p4/p10/p16/p22
18:45:05,35.678688,138.988369,16581,83.6,-0.8,32.9,0,224.4,309.0,-3753,1.05,217,9,0.920,0.939,0.949,0.941,M,R11:p4/p10/p16/p22
18:45:06,35.678827,138.990117,16518,83.2,-0.3,26.4,0,224.4,308.7,-3729,0.99,217,9,0.911,0.933,0.943,0.934,M,R11:p4/p10/p16/p22
18:45:07,35.678968,138.991863,16456,83.2,-1.0,18.7,0,224.4,308.4,-3704,0.96,216,9,0.908,0.932,0.939,0.930,M,R11:p4/p10/p16/p22
18:45:08,35.679106,138.993608,16395,83.2,-1.9,5.2,0,224.4,308.1,-3677,1.01,216,9,0.902,0.923,0.939,0.930,M,R11:p4/p10/p16/p22
18:45:09,35.679215,138.995361,16334,86.1,-2.0,-2.7,0,226.1,310.4,-3648,1.07,216,9,0.913,0.933,0.939,0.923,M,R11:p4/p10/p16/p22
18:45:10,35.679236,138.997128,16273,89.8,-1.8,-6.9,0,226.6,311.1,-3618,1.08,216,9,0.927,0.941,0.933,0.920,M,R11:p4/p10/p16/p22
18:45:11,35.679206,138.998903,16213,90.6,-1.1,-2.9,0,228.3,313.1,-3587,1.00,216,9,0.914,0.952,0.929,0.920,M,R11:p4/p10/p16/p22
18:45:12,35.679135,139.000681,16154,93.2,-1.8,6.5,0,228.3,313.1,-3554,1.00,215,9,0.901,0.951,0.923,0.913,M,R11:p4/p10/p16/p22
18:45:13,35.679017,139.002454,16095,94.2,-1.6,14.1,0,228.0,312.6,-3519,1.03,215,9,0.899,0.944,0.919,0.916,M,R11:p4/p10/p16/p22
18:45:14,35.678889,139.004219,16036,94.2,-0.7,21.3,0,226.5,310.6,-3482,1.06,215,9,0.899,0.950,0.926,0.939,M,R11:p4/p10/p16/p22
18:45:15,35.678792,139.005978,15979,91.2,-0.4,22.3,0,226.2,309.7,-3444,1.03,215,9,0.899,0.929,0.933,0.948,M,R11:p4/p10/p16/p22
18:45:16,35.678742,139.007737,15922,90.4,-0.3,16.8,0,226.2,309.4,-3405,1.01,215,9,0.899,0.923,0.937,0.922,M,R11:p4/p10/p16/p22
18:45:17,35.678698,139.009489,15865,90.4,-0.7,5.1,0,224.4,307.0,-3363,1.00,215,9,0.899,0.923,0.933,0.920,M,R11:p4/p10/p16/p22
18:45:18,35.678652,139.011232,15809,90.4,-0.9,-3.6,0,224.2,306.5,-3321,1.03,214,9,0.899,0.932,0.929,0.920,M,R11:p4/p10/p16/p22
18:45:19,35.678605,139.012974,15754,90.4,-0.9,-11.9,0,224.2,306.4,-3276,1.06,214,9,0.921,0.941,0.929,0.920,M,R11:p4/p10/p16/p22
18:45:20,35.678522,139.014714,15700,93.5,-0.3,-12.3,0,224.2,306.6,-3230,1.03,214,9,0.936,0.962,0.929,0.920,M,R11:p4/p10/p16/p22
18:45:21,35.678392,139.016457,15647,94.0,-0.3,-8.4,0,226.2,309.0,-3183,0.99,214,9,0.928,0.952,0.922,0.913,M,R11:p4/p10/p16/p22
18:45:22,35.678257,139.018205,15594,94.0,-1.0,-0.1,0,225.9,308.5,-3137,1.00,214,9,0.902,0.942,0.919,0.909,M,R11:p4/p10/p16/p22
18:45:23,35.678121,139.019945,15542,93.9,-1.0,9.8,0,224.5,306.6,-3096,1.00,213,9,0.899,0.942,0.919,0.909,M,R11:p4/p10/p16/p22
18:45:24,35.677986,139.021680,15491,93.9,-0.4,15.8,0,224.4,306.3,-3060,1.02,213,9,0.899,0.952,0.922,0.924,M,R11:p4/p10/p16/p22
18:45:25,35.677883,139.023414,15440,90.9,-0.2,16.5,0,223.9,305.1,-3028,1.00,213,9,0.899,0.933,0.940,0.938,M,R11:p4/p10/p16/p22
18:45:26,35.677816,139.025141,15390,90.7,-0.1,11.8,0,222.4,303.0,-3001,0.99,213,9,0.899,0.923,0.944,0.927,M,R11:p4/p10/p16/p22
18:45:27,35.677754,139.026853,15340,90.4,-0.2,2.5,0,220.3,300.1,-2980,0.97,213,9,0.899,0.923,0.934,0.920,M,R11:p4/p10/p16/p22
18:45:28,35.677694,139.028558,15291,90.4,-1.0,-8.1,0,220.3,299.9,-2962,1.00,213,9,0.906,0.932,0.934,0.920,M,R11:p4/p10/p16/p22
18:45:29,35.677632,139.030261,15241,90.4,-0.4,-15.8,0,220.3,299.8,-2950,1.00,212,9,0.928,0.952,0.939,0.920,M,R11:p4/p10/p16/p22
18:45:30,35.677531,139.031962,15192,93.8,-0.2,-17.9,0,220.3,300.2,-2953,1.00,212,9,0.929,0.958,0.935,0.920,M,R11:p4/p10/p16/p22
18:45:31,35.677389,139.033660,15143,93.9,-0.2,-13.9,0,220.3,300.0,-2951,0.95,212,9,0.914,0.955,0.929,0.920,M,R11:p4/p10/p16/p22
18:45:32,35.677246,139.035356,15094,93.8,-0.8,-3.9,0,220.3,299.8,-2953,0.95,212,9,0.909,0.942,0.929,0.920,M,R11:p4/p10/p16/p22
18:45:33,35.677103,139.037051,15044,93.8,-0.9,3.5,0,220.3,299.7,-2959,0.97,212,9,0.909,0.942,0.929,0.920,M,R11:p4/p10/p16/p22
18:45:34,35.676958,139.038745,14995,93.8,-0.8,7.9,0,220.3,299.5,-2971,0.97,211,9,0.909,0.942,0.929,0.927,M,R11:p4/p10/p16/p22
18:45:35,35.676850,139.040439,14945,90.4,-0.9,11.6,0,219.8,298.0,-2987,0.97,211,9,0.909,0.940,0.935,0.938,M,R11:p4/p10/p16/p22
18:45:36,35.676784,139.042124,14895,90.0,-1.0,9.0,0,218.0,295.4,-3051,0.94,211,9,0.909,0.922,0.939,0.927,M,R11:p4/p10/p16/p22
18:45:37,35.676754,139.043800,14844,87.1,-0.7,1.4,0,218.0,294.5,-3082,0.95,211,9,0.902,0.922,0.939,0.920,M,R11:p4/p10/p16/p22
18:45:38,35.676755,139.045474,14793,87.0,-1.2,-9.2,0,218.0,294.2,-3113,0.98,211,9,0.905,0.932,0.939,0.920,M,R11:p4/p10/p16/p22
18:45:39,35.676756,139.047148,14740,87.0,-1.8,-17.4,0,218.3,294.4,-3149,0.97,211,9,0.927,0.942,0.939,0.920,M,R11:p4/p10/p16/p22
18:45:40,35.676724,139.048828,14688,89.9,-1.4,-21.1,0,220.0,296.9,-3190,0.97,210,9,0.929,0.951,0.935,0.920,M,R11:p4/p10/p16/p22
18:45:41,35.676657,139.050515,14634,90.0,-1.0,-17.4,0,220.2,296.9,-3235,0.94,210,9,0.923,0.952,0.929,0.920,M,R11:p4/p10/p16/p22
18:45:42,35.676588,139.052201,14580,90.0,-1.6,-9.4,0,220.4,296.9,-3286,0.94,210,9,0.910,0.943,0.929,0.920,M,R11:p4/p10/p16/p22
18:45:43,35.676518,139.053893,14525,90.0,-1.8,-0.8,0,222.1,298.8,-3336,0.97,210,9,0.910,0.943,0.929,0.920,M,R11:p4/p10/p16/p22
18:45:44,35.676443,139.055589,14469,90.3,-1.8,4.2,0,222.1,298.6,-3384,0.97,210,9,0.910,0.943,0.929,0.928,M,R11:p4/p10/p16/p22
18:45:45,35.676399,139.057283,14412,87.0,-1.7,7.2,0,222.1,297.4,-3428,0.96,209,9,0.910,0.942,0.935,0.940,M,R11:p4/p10/p16/p22
18:45:46,35.676400,139.058973,14354,86.3,-1.7,7.1,0,222.0,296.8,-3468,0.95,209,9,0.910,0.932,0.939,0.932,M,R11:p4/p10/p16/p22
18:45:47,35.676442,139.060650,14296,83.4,-2.0,0.8,0,220.1,293.4,-3505,0.97,209,9,0.904,0.924,0.939,0.921,M,R11:p4/p10/p16/p22
18:45:48,35.676515,139.062315,14237,83.2,-2.6,-7.8,0,220.4,293.4,-3538,1.00,209,9,0.906,0.932,0.939,0.920,M,R11:p4/p10/p16/p22
18:45:49,35.676589,139.063986,14178,83.2,-2.6,-17.0,0,221.9,294.9,-3568,1.00,209,9,0.918,0.941,0.939,0.920,M,R11:p4/p10/p16/p22
18:45:50,35.676662,139.065662,14119,83.2,-2.1,-22.7,0,222.5,295.4,-3595,1.00,208,9,0.926,0.951,0.936,0.920,M,R11:p4/p10/p16/p22
18:45:51,35.676707,139.067348,14058,85.9,-1.7,-18.5,0,224.1,297.9,-3618,0.95,208,9,0.918,0.952,0.930,0.920,M,R11:p4/p10/p16/p22
18:45:52,35.676712,139.069042,13998,86.4,-1.8,-11.9,0,224.1,297.8,-3637,0.94,208,9,0.910,0.942,0.930,0.920,M,R11:p4/p10/p16/p22
18:45:53,35.676713,139.070735,13937,86.3,-2.4,-3.7,0,224.1,297.5,-3653,0.97,208,9,0.910,0.942,0.930,0.920,M,R11:p4/p10/p16/p22
18:45:54,35.676752,139.072422,13876,82.9,-2.5,2.2,0,224.1,296.1,-3666,1.00,208,9,0.910,0.942,0.930,0.927,M,R11:p4/p10/p16/p22
18:45:55,35.676833,139.074102,13815,82.5,-2.0,4.1,0,224.1,295.7,-3675,0.99,207,9,0.910,0.941,0.932,0.929,M,R11:p4/p10/p16/p22
18:45:56,35.676957,139.075773,13754,78.9,-1.8,3.3,0,224.1,294.2,-3681,0.99,207,9,0.910,0.923,0.944,0.921,M,R11:p4/p10/p16/p22
18:45:57,35.677121,139.077433,13692,78.7,-2.4,-1.3,0,224.1,293.9,-3683,1.00,207,9,0.903,0.923,0.945,0.920,M,R11:p4/p10/p16/p22
18:45:58,35.677315,139.079084,13631,76.2,-2.5,-16.0,0,224.1,292.7,-3682,1.02,207,9,0.909,0.923,0.940,0.920,M,R11:p4/p10/p16/p22
18:45:59,35.677507,139.080735,13570,78.8,-1.7,-20.8,0,224.6,294.0,-3678,1.03,206,9,0.917,0.940,0.940,0.920,M,R11:p4/p10/p16/p22
18:46:00,35.677665,139.082400,13508,79.2,-1.1,-22.4,0,226.0,295.6,-3670,1.00,206,9,0.929,0.952,0.933,0.920,M,R11:p4/p10/p16/p22
18:46:01,35.677817,139.084073,13447,79.3,-1.0,-19.0,0,226.9,296.4,-3659,0.98,206,9,0.919,0.953,0.930,0.920,M,R11:p4/p10/p16/p22
18:46:02,35.677970,139.085753,13386,79.3,-1.5,-12.2,0,228.2,297.8,-3644,1.00,206,9,0.911,0.943,0.930,0.920,M,R11:p4/p10/p16/p22
18:46:03,35.678128,139.087432,13326,78.5,-1.7,-3.9,0,227.4,296.3,-3626,1.02,205,9,0.911,0.942,0.926,0.914,M,R11:p4/p10/p16/p22
18:46:04,35.678328,139.089090,13266,75.5,-1.7,0.7,0,226.1,293.3,-3605,1.01,205,9,0.911,0.952,0.922,0.916,M,R11:p4/p10/p16/p22
18:46:05,35.678566,139.090731,13206,74.9,-1.6,1.2,0,226.1,292.8,-3582,1.00,205,9,0.911,0.933,0.935,0.928,M,R11:p4/p10/p16/p22
18:46:06,35.678840,139.092357,13146,72.1,-1.7,-2.1,0,225.8,291.0,-3558,1.00,205,9,0.911,0.932,0.940,0.923,M,R11:p4/p10/p16/p22
18:46:07,35.679141,139.093965,13087,72.1,-2.3,-9.1,0,224.5,289.2,-3532,1.04,204,9,0.911,0.923,0.940,0.921,M,R11:p4/p10/p16/p22
18:46:08,35.679440,139.095574,13028,72.1,-1.8,-17.6,0,226.1,290.9,-3504,1.06,204,9,0.913,0.941,0.940,0.921,M,R11:p4/p10/p16/p22
18:46:09,35.679742,139.097186,12970,72.0,-1.0,-23.6,0,226.1,290.6,-3474,1.03,204,9,0.930,0.963,0.941,0.921,M,R11:p4/p10/p16/p22
18:46:10,35.680046,139.098796,12913,71.7,-0.8,-24.1,0,226.1,290.3,-3443,1.00,204,9,0.919,0.971,0.933,0.921,M,R11:p4/p10/p16/p22
18:46:11,35.680354,139.100403,12856,71.7,-0.8,-19.8,0,226.1,290.0,-3409,1.00,203,9,0.912,0.970,0.931,0.921,M,R11:p4/p10/p16/p22
18:46:12,35.680660,139.102009,12799,71.7,-0.8,-12.4,0,226.1,289.8,-3374,1.01,203,8,0.912,0.953,0.931,0.921,M,R11:p4/p10/p16/p22
18:46:13,35.680969,139.103612,12743,71.2,-1.5,-5.8,0,226.1,289.4,-3337,1.01,203,8,0.912,0.956,0.931,0.921,M,R11:p4/p10/p16/p22
18:46:14,35.681310,139.105201,12688,68.5,-1.7,-0.3,0,226.0,287.9,-3298,1.00,203,8,0.912,0.963,0.931,0.920,M,R11:p4/p10/p16/p22
18:46:15,35.681706,139.106760,12633,66.1,-1.7,0.4,0,226.0,286.6,-3258,0.99,203,8,0.912,0.962,0.939,0.920,M,R11:p4/p10/p16/p22
18:46:16,35.682138,139.108300,12579,64.9,-1.7,-4.9,0,226.0,285.8,-3215,1.01,202,8,0.912,0.953,0.940,0.920,M,R11:p4/p10/p16/p22
18:46:17,35.682601,139.109820,12526,63.0,-1.7,-10.2,0,226.1,284.9,-3171,1.04,202,8,0.912,0.956,0.940,0.920,M,R11:p4/p10/p16/p22
18:46:18,35.683080,139.111331,12474,63.2,-1.6,-18.9,0,226.1,284.8,-3125,1.01,202,8,0.926,0.976,0.940,0.920,M,R11:p4/p10/p16/p22
18:46:19,35.683540,139.112855,12422,64.8,-1.0,-23.5,0,227.4,286.9,-3078,1.01,202,8,0.940,0.983,0.940,0.920,M,R11:p4/p10/p16/p22
18:46:20,35.683988,139.114400,12371,64.8,-0.8,-24.4,0,229.6,289.3,-3028,0.99,201,8,0.931,0.982,0.934,0.920,M,R11:p4/p10/p16/p22
18:46:21,35.684439,139.115952,12321,64.8,-0.8,-21.0,0,230.1,289.8,-2977,1.00,201,8,0.914,0.970,0.931,0.920,M,R11:p4/p10/p16/p22
18:46:22,35.684907,139.117495,12272,62.9,-0.8,-13.2,0,230.1,288.7,-2924,1.04,201,8,0.912,0.963,0.931,0.920,M,R11:p4/p10/p16/p22
18:46:23,35.685410,139.119014,12223,61.4,-0.8,-6.6,0,230.1,287.8,-2869,1.03,201,8,0.912,0.963,0.931,0.921,M,R11:p4/p10/p16/p22
18:46:24,35.685941,139.120509,12176,59.8,-0.6,-1.7,0,228.8,285.3,-2813,1.02,201,8,0.912,0.963,0.937,0.929,M,R11:p4/p10/p16/p22
18:46:25,35.686522,139.121958,12130,55.9,-0.5,-2.0,0,228.1,282.4,-2758,1.02,200,8,0.912,0.963,0.948,0.930,M,R11:p4/p10/p16/p22
18:46:26,35.687157,139.123359,12084,54.2,-0.7,-6.2,0,228.0,281.2,-2711,1.05,200,8,0.912,0.962,0.951,0.921,M,R11:p4/p10/p16/p22
18:46:27,35.687804,139.124749,12039,54.2,-0.5,-13.0,0,228.0,281.1,-2670,1.06,200,8,0.923,0.954,0.947,0.921,M,R11:p4/p10/p16/p22
18:46:28,35.688450,139.126137,11995,54.1,-0.5,-19.3,0,228.0,280.8,-2636,1.04,200,8,0.931,0.974,0.941,0.921,M,R11:p4/p10/p16/p22
18:46:29,35.689097,139.127523,11951,54.1,-0.1,-23.6,0,228.0,280.7,-2609,1.02,200,8,0.941,0.982,0.941,0.921,M,R11:p4/p10/p16/p22
18:46:30,35.689744,139.128909,11908,54.1,0.1,-22.8,0,228.0,280.5,-2588,1.01,199,8,0.932,0.975,0.941,0.921,M,R11:p4/p10/p16/p22
18:46:31,35.690390,139.130295,11865,54.1,0.1,-18.6,0,228.0,280.3,-2574,1.00,199,8,0.917,0.963,0.935,0.921,M,R11:p4/p10/p16/p22
18:46:32,35.691035,139.131679,11822,54.1,-0.6,-12.7,0,228.0,280.2,-2571,1.02,199,8,0.912,0.963,0.931,0.921,M,R11:p4/p10/p16/p22
18:46:33,35.691681,139.133059,11779,53.8,-0.7,-7.4,0,227.0,278.6,-2570,1.02,199,8,0.912,0.972,0.931,0.930,M,R11:p4/p10/p16/p22
18:46:34,35.692360,139.134392,11736,49.3,-0.4,-3.6,0,225.0,273.8,-2576,1.01,199,8,0.912,0.962,0.943,0.940,M,R11:p4/p10/p16/p22
18:46:35,35.693092,139.135657,11693,47.4,-0.5,-3.9,0,224.1,271.5,-2588,1.01,198,8,0.912,0.962,0.951,0.932,M,R11:p4/p10/p16/p22
18:46:36,35.693843,139.136889,11650,46.1,-0.7,-7.5,0,222.7,269.0,-2608,1.01,198,8,0.912,0.955,0.951,0.931,M,R11:p4/p10/p16/p22
18:46:37,35.694621,139.138076,11607,43.5,-0.4,-13.7,0,222.1,266.7,-2633,1.02,198,8,0.922,0.962,0.946,0.931,M,R11:p4/p10/p16/p22
18:46:38,35.695416,139.139238,11562,43.5,-0.6,-20.2,0,222.1,266.5,-2666,1.02,198,8,0.930,0.982,0.941,0.931,M,R11:p4/p10/p16/p22
18:46:39,35.696210,139.140400,11518,43.5,-0.7,-22.2,0,221.9,266.1,-2705,0.97,198,8,0.931,0.983,0.941,0.931,M,R11:p4/p10/p16/p22
18:46:40,35.697006,139.141564,11472,43.5,-0.7,-21.4,0,223.4,267.7,-2750,0.96,197,8,0.923,0.973,0.941,0.931,M,R11:p4/p10/p16/p22
18:46:41,35.697803,139.142729,11426,43.5,-0.6,-16.5,0,222.9,266.8,-2803,0.97,197,8,0.923,0.973,0.942,0.931,M,R11:p4/p10/p16/p22
18:46:42,35.698596,139.143890,11379,43.5,-0.7,-10.0,0,222.0,265.5,-2861,0.97,197,8,0.923,0.973,0.942,0.931,M,R11:p4/p10/p16/p22
18:46:43,35.699395,139.145038,11330,42.3,-1.3,-6.4,0,222.0,264.7,-2927,0.97,197,8,0.923,0.973,0.942,0.931,M,R11:p4/p10/p16/p22
18:46:44,35.700219,139.146149,11281,40.1,-1.5,-5.3,0,222.0,263.3,-2999,0.97,196,8,0.923,0.963,0.942,0.931,M,R11:p4/p10/p16/p22
18:46:45,35.701061,139.147233,11231,39.5,-1.5,-5.5,0,222.0,262.7,-3070,0.97,196,8,0.923,0.954,0.945,0.931,M,R11:p4/p10/p16/p22
18:46:46,35.701928,139.148273,11179,36.3,-2.2,-10.1,0,221.5,260.2,-3136,0.98,196,8,0.923,0.963,0.948,0.931,M,R11:p4/p10/p16/p22
18:46:47,35.702811,139.149279,11126,36.3,-2.3,-14.8,0,220.9,259.3,-3194,0.99,196,8,0.923,0.964,0.942,0.931,M,R11:p4/p10/p16/p22
18:46:48,35.703695,139.150284,11072,36.3,-2.3,-19.3,0,221.9,260.2,-3246,0.99,195,8,0.932,0.973,0.942,0.931,M,R11:p4/p10/p16/p22
18:46:49,35.704580,139.151290,11018,36.3,-1.6,-22.0,0,221.9,260.0,-3292,0.97,195,8,0.932,0.973,0.942,0.931,M,R11:p4/p10/p16/p22
18:46:50,35.705466,139.152297,10963,36.3,-1.3,-20.9,0,222.8,260.8,-3330,0.96,195,8,0.922,0.973,0.942,0.931,M,R11:p4/p10/p16/p22
18:46:51,35.706361,139.153304,10907,35.6,-1.4,-17.1,0,224.8,262.6,-3362,0.97,195,8,0.922,0.973,0.942,0.931,M,R11:p4/p10/p16/p22
18:46:52,35.707288,139.154274,10851,32.7,-2.1,-11.6,0,226.2,262.6,-3388,0.99,194,8,0.922,0.973,0.942,0.931,M,R11:p4/p10/p16/p22
18:46:53,35.708235,139.155214,10794,32.6,-2.3,-6.7,0,226.2,262.3,-3407,1.00,194,8,0.922,0.964,0.942,0.931,M,R11:p4/p10/p16/p22
18:46:54,35.709201,139.156112,10737,29.0,-2.3,-5.0,0,226.2,260.3,-3419,1.00,194,8,0.922,0.962,0.942,0.930,M,R11:p4/p10/p16/p22
18:46:55,35.710189,139.156963,10680,28.6,-2.3,-5.3,0,226.2,260.0,-3425,1.01,194,8,0.922,0.962,0.943,0.930,M,R11:p4/p10/p16/p22
18:46:56,35.711192,139.157776,10623,25.9,-2.3,-9.1,0,226.2,258.5,-3424,1.02,193,8,0.922,0.962,0.951,0.930,M,R11:p4/p10/p16/p22
18:46:57,35.712208,139.158557,10566,25.9,-2.3,-14.3,0,226.2,258.3,-3417,1.03,193,8,0.923,0.971,0.947,0.930,M,R11:p4/p10/p16/p22
18:46:58,35.713223,139.159337,10509,25.9,-2.2,-18.2,0,226.2,258.2,-3440,1.03,193,8,0.931,0.973,0.941,0.930,M,R11:p4/p10/p16/p22
18:46:59,35.714238,139.160117,10451,25.9,-1.5,-20.2,0,226.5,258.2,-3476,1.01,191,8,0.932,0.973,0.941,0.930,M,R11:p4/p10/p16/p22
18:47:00,35.715258,139.160899,10393,25.9,-1.3,-19.8,0,228.2,260.1,-3448,1.00,190,8,0.923,0.967,0.941,0.930,M,R11:p4/p10/p16/p22
18:47:01,35.716282,139.161681,10336,25.9,-1.3,-16.1,0,228.3,260.0,-3414,1.00,189,8,0.923,0.964,0.941,0.930,M,R11:p4/p10/p16/p22
18:47:02,35.717307,139.162461,10280,25.6,-1.3,-12.2,0,228.6,260.1,-3373,1.01,188,8,0.921,0.964,0.941,0.930,M,R11:p4/p10/p16/p22
18:47:03,35.718353,139.163201,10224,22.6,-1.4,-7.4,0,230.1,260.3,-3325,1.02,187,8,0.914,0.964,0.941,0.930,M,R11:p4/p10/p16/p22
18:47:04,35.719416,139.163901,10169,22.3,-1.4,-5.8,0,230.2,260.1,-3271,1.03,186,8,0.912,0.964,0.941,0.930,M,R11:p4/p10/p16/p22
18:47:05,35.720495,139.164551,10115,18.6,-1.4,-7.0,0,229.8,257.9,-3210,1.04,185,8,0.912,0.964,0.943,0.930,M,R11:p4/p10/p16/p22
18:47:06,35.721584,139.165145,10062,18.1,-1.7,-10.2,0,228.3,255.8,-3148,1.05,184,8,0.922,0.964,0.951,0.930,M,R11:p4/p11/p16/p22
18:47:07,35.722681,139.165694,10010,15.3,-1.6,-15.3,0,229.0,255.4,-3089,1.05,182,8,0.923,0.964,0.951,0.930,M,R11:p4/p11/p16/p22
18:47:08,35.723794,139.166203,9959,15.0,-0.8,-19.0,0,230.3,256.7,-3034,1.05,181,8,0.930,0.971,0.941,0.930,M,R11:p4/p11/p16/p22
18:47:09,35.724910,139.166711,9909,15.0,-0.7,-20.8,0,230.3,256.6,-2982,1.03,180,8,0.932,0.973,0.941,0.930,M,R11:p4/p11/p16/p22
18:47:10,35.726027,139.167217,9859,15.0,-0.7,-18.2,0,230.3,256.6,-2934,1.01,179,8,0.923,0.973,0.941,0.930,M,R11:p4/p11/p16/p22
18:47:11,35.727142,139.167722,9811,15.0,-0.7,-14.8,0,229.7,255.9,-2890,1.01,178,8,0.921,0.973,0.941,0.930,M,R11:p4/p11/p16/p22
18:47:12,35.728252,139.168222,9763,14.7,-0.8,-9.1,0,228.3,254.1,-2850,1.02,177,8,0.921,0.966,0.941,0.930,M,R11:p4/p11/p16/p22
18:47:13,35.729366,139.168683,9716,12.1,-0.8,-6.2,0,228.3,253.0,-2813,1.03,176,8,0.921,0.963,0.941,0.930,M,R11:p4/p11/p16/p22
18:47:14,35.730489,139.169093,9669,11.0,-0.4,-6.4,0,227.8,251.9,-2779,1.02,175,8,0.921,0.963,0.941,0.930,M,R11:p4/p11/p16/p22
18:47:15,35.731613,139.169448,9623,8.2,-0.6,-9.3,0,226.2,249.0,-2750,1.03,174,8,0.921,0.963,0.941,0.930,M,R11:p4/p11/p16/p22
18:47:16,35.732738,139.169767,9578,8.2,-0.7,-12.4,0,226.2,248.9,-2737,1.03,173,7,0.921,0.963,0.941,0.930,M,R11:p4/p11/p16/p22
18:47:17,35.733863,139.170085,9532,8.0,-0.4,-16.6,0,226.2,248.8,-2731,1.03,173,7,0.921,0.963,0.941,0.930,M,R11:p4/p11/p16/p22
18:47:18,35.734988,139.170390,9487,7.2,-0.6,-20.6,0,226.2,248.4,-2712,1.02,173,7,0.921,0.967,0.941,0.930,M,R11:p4/p11/p16/p22
18:47:19,35.736116,139.170673,9442,6.3,-0.2,-20.5,0,226.2,248.0,-2696,1.01,173,7,0.921,0.973,0.941,0.930,M,R11:p4/p11/p16/p22
18:47:20,35.737246,139.170934,9397,5.6,0.0,-17.5,0,226.2,247.7,-2684,1.00,174,7,0.921,0.973,0.941,0.930,M,R11:p4/p11/p16/p22
18:47:21,35.738377,139.171178,9352,4.9,-0.6,-13.2,0,226.2,247.4,-2676,1.00,174,7,0.921,0.965,0.941,0.930,M,R11:p4/p11/p16/p22
18:47:22,35.739507,139.171403,9307,4.1,-0.7,-8.1,0,225.8,246.5,-2671,1.00,174,7,0.921,0.963,0.941,0.930,M,R11:p4/p11/p16/p22
18:47:23,35.740633,139.171603,9263,3.0,-0.7,-6.4,0,224.2,244.2,-2670,1.00,174,7,0.921,0.965,0.941,0.931,M,R11:p4/p11/p16/p23
18:47:24,35.741757,139.171760,9218,0.8,-0.7,-6.0,0,224.3,243.5,-2673,0.99,174,7,0.921,0.965,0.941,0.931,M,R11:p5/p11/p16/p23
18:47:25,35.742880,139.171871,9174,359.5,-0.7,-8.3,0,223.7,242.2,-2679,1.00,174,7,0.921,0.956,0.941,0.931,M,R11:p5/p11/p16/p23
18:47:26,35.743995,139.171939,9129,357.4,-0.7,-13.0,0,222.3,239.8,-2688,1.01,175,7,0.921,0.964,0.941,0.931,M,R11:p5/p11/p16/p23
18:47:27,35.745106,139.171967,9084,356.4,-0.7,-17.0,0,222.3,239.4,-2701,1.01,175,6,0.921,0.973,0.941,0.931,M,R11:p5/p11/p16/p23
18:47:28,35.746215,139.171973,9039,355.7,-0.7,-20.7,0,222.3,239.1,-2716,1.01,175,6,0.921,0.975,0.941,0.931,M,R11:p5/p11/p16/p23
18:47:29,35.747325,139.171997,8994,357.6,-0.7,-19.2,0,222.3,239.6,-2734,0.97,175,6,0.921,0.975,0.941,0.931,M,R11:p5/p11/p16/p23
18:47:30,35.748436,139.172038,8948,356.9,-0.7,-16.2,0,223.1,240.2,-2755,0.97,175,6,0.921,0.975,0.941,0.931,M,R11:p5/p11/p16/p23
18:47:31,35.749549,139.172024,8902,353.7,-1.4,-12.0,0,224.1,240.2,-2778,0.98,175,6,0.921,0.975,0.941,0.931,M,R11:p5/p11/p16/p23
18:47:32,35.750663,139.171973,8855,353.8,-1.6,-7.0,0,224.3,240.3,-2804,0.98,176,6,0.921,0.975,0.941,0.931,M,R11:p5/p11/p16/p23
18:47:33,35.751776,139.171925,8808,353.9,-1.5,-4.8,0,224.3,240.2,-2832,0.99,176,6,0.921,0.975,0.941,0.931,M,R11:p5/p11/p16/p23
18:47:34,35.752888,139.171874,8761,353.4,-1.5,-6.3,0,224.3,239.9,-2863,0.99,176,6,0.921,0.966,0.941,0.931,M,R11:p5/p11/p16/p23
18:47:35,35.753996,139.171798,8713,351.8,-2.2,-9.5,0,223.6,238.5,-2897,1.00,176,6,0.921,0.956,0.941,0.931,M,R11:p5/p11/p16/p23
18:47:36,35.755093,139.171673,8664,349.6,-2.4,-12.7,0,222.9,236.8,-2933,1.03,177,6,0.921,0.972,0.941,0.931,M,R11:p5/p11/p16/p23
18:47:37,35.756181,139.171485,8615,347.0,-2.4,-18.5,0,224.3,237.5,-2971,1.00,177,6,0.921,0.965,0.941,0.931,M,R11:p5/p11/p16/p23
18:47:38,35.757268,139.171254,8565,346.2,-1.7,-20.7,0,225.4,238.4,-3013,1.00,177,5,0.921,0.965,0.941,0.931,M,R11:p5/p11/p16/p23
18:47:39,35.758357,139.171010,8515,345.9,-1.6,-20.9,0,226.3,239.2,-3056,0.99,177,5,0.921,0.973,0.941,0.931,M,R11:p5/p11/p16/p23
18:47:40,35.759446,139.170760,8463,345.8,-1.6,-17.9,0,226.3,239.0,-3103,0.97,178,5,0.921,0.973,0.941,0.931,M,R11:p5/p11/p16/p23
18:47:41,35.760535,139.170510,8411,345.8,-2.2,-12.8,0,226.3,238.8,-3152,0.99,178,5,0.921,0.975,0.941,0.931,M,R11:p5/p11/p16/p23
18:47:42,35.761621,139.170260,8358,345.7,-2.3,-9.5,0,225.6,237.7,-3203,1.00,178,5,0.921,0.955,0.941,0.931,M,R11:p5/p11/p17/p23
18:47:43,35.762697,139.170004,8304,345.0,-2.3,-6.3,0,223.7,235.1,-3257,0.99,179,5,0.921,0.944,0.941,0.931,M,R11:p5/p11/p17/p23
18:47:44,35.763759,139.169729,8250,343.9,-2.4,-7.9,0,222.7,233.5,-3314,0.99,179,5,0.922,0.965,0.941,0.931,M,R11:p4/p5/p11/p17/p23
18:47:45,35.764816,139.169422,8194,342.4,-2.4,-11.8,0,224.5,234.9,-3373,1.01,180,5,0.922,0.956,0.941,0.931,R,R11:p5/p11/p17/p23
18:47:46,35.765866,139.169078,8137,341.0,-2.4,-14.9,0,224.5,234.3,-3435,1.02,180,5,0.922,0.961,0.941,0.931,R,R11:p5/p11/p17/p23
18:47:47,35.766906,139.168700,8079,339.5,-2.4,-19.2,0,224.5,233.7,-3499,1.04,181,4,0.922,0.968,0.941,0.931,R,R11:p5/p11/p17/p23
18:47:48,35.767935,139.168288,8021,338.0,-2.3,-19.0,0,224.8,233.4,-3555,1.00,181,4,0.922,0.971,0.941,0.931,R,R11:p5/p11/p17/p23
18:47:49,35.768956,139.167840,7961,336.6,-1.5,-17.5,0,226.2,234.4,-3595,0.99,182,4,0.922,0.970,0.941,0.931,R,R11:p5/p11/p17/p23
18:47:50,35.769966,139.167353,7901,335.1,-1.5,-14.5,0,226.2,233.8,-3619,1.01,182,4,0.922,0.966,0.941,0.931,M,R11:p5/p11/p17/p23
18:47:51,35.770970,139.166854,7841,335.1,-1.5,-9.5,0,226.4,233.9,-3625,1.01,183,4,0.922,0.970,0.941,0.931,M,R11:p5/p11/p17/p23
18:47:52,35.771974,139.166354,7780,335.1,-1.5,-6.3,0,226.4,233.7,-3614,1.02,184,4,0.922,0.973,0.941,0.931,M,R11:p5/p11/p17/p23
18:47:53,35.772977,139.165856,7720,335.1,-1.6,-4.8,0,225.8,232.8,-3587,1.02,184,4,0.922,0.973,0.941,0.931,M,R11:p5/p11/p17/p23
18:47:54,35.773961,139.165328,7661,332.1,-1.6,-6.5,0,224.8,230.9,-3543,1.01,185,4,0.922,0.966,0.941,0.931,M,R11:p5/p11/p17/p23
18:47:55,35.774931,139.164764,7602,332.0,-1.6,-8.0,0,226.0,232.2,-3482,1.03,186,4,0.922,0.964,0.941,0.931,M,R11:p5/p11/p17/p23
18:47:56,35.775898,139.164197,7545,331.6,-1.6,-11.2,0,224.4,230.2,-3405,1.02,187,3,0.922,0.964,0.941,0.931,M,R11:p5/p11/p17/p23
18:47:57,35.776842,139.163590,7489,328.3,-1.4,-14.3,0,224.9,230.1,-3310,1.03,188,3,0.922,0.964,0.941,0.931,M,R11:p5/p11/p17/p23
18:47:58,35.777774,139.162945,7434,328.3,-0.7,-15.1,0,226.3,231.6,-3199,1.03,188,3,0.922,0.964,0.941,0.931,M,R11:p5/p11/p17/p23
18:47:59,35.778709,139.162298,7382,328.3,-0.7,-14.5,0,226.3,231.6,-3072,1.03,189,3,0.926,0.971,0.941,0.939,M,R11:p5/p11/p17/p23
18:48:00,35.779645,139.161651,7332,328.3,-0.8,-10.1,0,226.3,231.6,-2934,1.02,190,3,0.936,0.980,0.942,0.940,M,R11:p5/p11/p17/p23
18:48:01,35.780580,139.161005,7285,328.3,-0.7,-6.6,0,226.3,231.7,-2773,1.02,191,3,0.956,0.970,0.966,0.971,M,R11:p5/p11/p17/p23
18:48:02,35.781518,139.160358,7240,328.3,-0.1,-4.9,0,227.0,232.5,-2595,1.04,192,3,1.004,0.987,0.996,1.056,M,R11:p5/p11/p17/p23
18:48:03,35.782442,139.159672,7198,324.9,0.0,-3.2,0,228.5,233.7,-2401,1.06,193,3,1.080,1.070,1.131,1.131,M,R11:p5/p11/p17/p23
18:48:04,35.783347,139.158939,7160,324.3,0.4,-6.0,0,229.0,234.3,-2190,1.12,194,3,1.204,1.175,1.231,1.242,M,R11:p5/p11/p17/p23
18:48:05,35.784237,139.158163,7125,321.4,0.9,-11.1,0,231.7,237.0,-1962,1.16,195,3,1.260,1.296,1.362,1.372,M,R11:p5/p11/p17/p23
18:48:06,35.785119,139.157340,7094,321.0,2.5,-15.5,0,235.2,241.0,-1718,1.19,196,3,1.411,1.418,1.467,1.448,M,R11:p5/p11/p17/p23
18:48:07,35.786011,139.156504,7068,321.0,3.2,-19.0,0,237.0,243.1,-1457,1.21,196,3,1.496,1.513,1.492,1.490,M,R11:p5/p11/p17/p23
18:48:08,35.786908,139.155657,7046,320.6,5.1,-21.0,0,238.8,245.3,-1161,1.23,197,2,1.537,1.552,1.525,1.509,M,R11:p5/p11/p17/p23
18:48:09,35.787787,139.154762,7030,317.3,6.5,-17.6,0,241.4,247.9,-814,1.26,197,2,1.557,1.571,1.536,1.524,M,R11:p5/p11/p17/p23
18:48:10,35.788654,139.153820,7019,317.2,7.1,-12.5,0,244.2,251.2,-414,1.29,198,2,1.567,1.585,1.545,1.528,M,R11:p5/p11/p17/p23
18:48:11,35.789527,139.152871,7016,317.2,7.8,-6.8,0,244.8,252.0,37,1.32,198,2,1.576,1.589,1.549,1.534,M,R11:p5/p11/p17/p23
18:48:12,35.790403,139.151915,7021,317.0,9.4,-4.2,0,246.1,253.5,541,1.33,198,2,1.579,1.595,1.549,1.539,M,R11:p5/p11/p17/p23
18:48:13,35.791257,139.150933,7034,314.4,11.1,-1.7,0,244.4,251.4,1097,1.32,197,2,1.586,1.600,1.553,1.542,M,R11:p5/p11/p17/p23
18:48:14,35.792087,139.149930,7058,314.4,13.0,-2.6,0,244.2,251.1,1705,1.33,197,3,1.590,1.600,1.559,1.549,M,R11:p5/p11/p17/p23
18:48:15,35.792913,139.148931,7091,314.1,14.5,-7.5,0,242.5,249.0,2366,1.34,196,3,1.596,1.607,1.559,1.551,M,R11:p5/p11/p17/p23
18:48:16,35.793725,139.147927,7137,313.2,16.0,-10.6,0,242.3,248.4,3080,1.34,195,3,1.599,1.610,1.564,1.559,M,R11:p5/p11/p17/p23
18:48:17,35.794503,139.146896,7194,310.7,16.8,-12.9,0,240.0,245.1,3846,1.32,193,3,1.599,1.619,1.569,1.562,M,R11:p5/p11/p17/p23
18:48:18,35.795252,139.145860,7265,310.7,18.5,-11.6,0,237.8,241.8,4665,1.30,192,3,1.577,1.614,1.566,1.468,M,R11:p5/p11/p17/p23
18:48:19,35.796020,139.144867,7350,314.0,19.2,-8.5,0,236.2,239.4,5444,1.27,190,3,1.338,1.392,1.399,1.262,M,R11:p5/p11/p17/p23
18:48:20,35.796798,139.143918,7446,313.6,21.0,-2.1,0,231.8,233.6,6092,1.23,189,3,1.237,1.270,1.253,1.215,M,R11:p5/p11/p17/p23
18:48:21,35.797533,139.142963,7552,310.7,21.6,2.7,0,228.0,228.3,6623,1.19,187,3,1.223,1.251,1.229,1.210,M,R11:p5/p11/p17/p23
18:48:22,35.798231,139.142008,7666,310.7,22.4,4.5,0,223.3,222.5,7028,1.15,185,4,1.214,1.243,1.227,1.210,M,R11:p5/p11/p17/p23
18:48:23,35.798906,139.141076,7786,309.8,22.5,5.0,0,217.7,215.7,7307,1.11,184,4,1.204,1.223,1.225,1.205,M,R11:p5/p11/p17/p23
18:48:24,35.799533,139.140139,7909,306.9,23.1,1.9,0,213.4,210.7,7459,1.08,182,4,1.187,1.204,1.210,1.185,M,R11:p5/p11/p17/p23
18:48:25,35.800126,139.139209,8034,306.9,23.3,-3.4,0,207.4,204.2,7484,1.02,181,4,1.154,1.185,1.188,1.169,M,R11:p5/p11/p17/p23
18:48:26,35.800706,139.138302,8158,306.9,23.2,-7.5,0,203.9,201.1,7382,0.98,180,5,1.141,1.159,1.154,1.121,M,R11:p5/p11/p17/p23
18:48:27,35.801274,139.137416,8279,306.9,22.6,-10.6,0,197.7,195.1,7151,0.95,179,5,1.099,1.116,1.109,1.073,M,R11:p5/p11/p17/p23
18:48:28,35.801833,139.136558,8396,307.6,22.3,-9.9,0,192.8,191.1,6793,0.92,178,5,1.029,1.066,1.058,1.021,M,R11:p5/p11/p17/p23
18:48:29,35.802405,139.135746,8505,310.3,21.9,-5.0,0,186.7,186.2,6352,0.88,178,5,1.003,1.032,1.009,0.993,M,R11:p5/p11/p17/p23
18:48:30,35.802980,139.134971,8607,310.3,20.3,-1.8,0,181.8,182.3,5874,0.79,177,6,0.987,1.005,0.997,0.987,M,R11:p5/p11/p17/p23
18:48:31,35.803545,139.134208,8701,309.7,19.4,4.2,0,178.1,179.8,5360,0.76,177,6,0.973,0.994,0.990,0.979,M,R11:p5/p11/p17/p23
18:48:32,35.804075,139.133441,8786,307.0,18.2,7.9,0,171.7,173.7,4809,0.75,176,6,0.970,0.993,0.993,0.979,M,R11:p5/p11/p17/p23
18:48:33,35.804576,139.132683,8861,307.0,16.6,8.2,0,166.4,169.2,4222,0.69,176,6,0.970,0.993,0.993,0.979,M,R11:p5/p11/p17/p23
18:48:34,35.805060,139.131941,8926,305.9,14.1,7.0,0,161.4,164.9,3598,0.66,175,6,0.970,0.993,0.990,0.979,M,R11:p5/p11/p17/p23
18:48:35,35.805510,139.131195,8981,303.3,12.3,3.5,0,157.5,161.5,2938,0.62,175,6,0.970,0.993,0.990,0.979,M,R11:p5/p11/p17/p23
18:48:36,35.805940,139.130448,9024,303.3,9.5,-1.7,0,155.3,160.2,2241,0.61,175,6,0.970,0.993,0.990,0.979,M,R11:p5/p11/p17/p23
18:48:37,35.806365,139.129712,9055,303.3,6.9,-6.8,0,152.1,157.4,1508,0.58,175,6,0.970,0.993,0.990,0.979,M,R11:p5/p11/p17/p23
18:48:38,35.806789,139.128980,9074,303.3,4.7,-12.0,0,152.1,158.0,739,0.58,175,6,0.970,0.992,0.990,0.979,M,R11:p5/p11/p17/p23
18:48:39,35.807215,139.128246,9080,303.4,2.4,-14.3,0,152.1,158.3,-65,0.56,175,6,0.970,0.992,0.993,0.979,M,R11:p5/p11/p17/p23
18:48:40,35.807663,139.127531,9072,306.8,0.1,-14.8,0,152.1,158.6,-882,0.57,175,6,0.970,0.993,0.992,0.979,M,R11:p5/p11/p17/p23
18:48:41,35.808129,139.126835,9050,306.8,-3.1,-10.8,0,152.1,158.0,-1690,0.57,175,6,0.970,0.993,0.990,0.979,M,R11:p5/p11/p17/p23
18:48:42,35.808597,139.126138,9015,306.8,-6.2,-5.5,0,154.3,159.6,-2488,0.55,175,6,0.971,0.993,0.990,0.979,M,R11:p5/p11/p17/p23
18:48:43,35.809068,139.125436,8967,306.8,-8.8,-1.3,0,155.8,160.0,-3275,0.57,175,6,0.971,0.993,0.990,0.979,M,R11:p5/p11/p17/p23
18:48:44,35.809545,139.124725,8906,306.8,-11.0,5.8,0,160.2,163.5,-4052,0.59,176,6,0.971,0.992,0.990,0.979,M,R11:p5/p11/p17/p23
18:48:45,35.810026,139.124006,8832,306.7,-12.6,10.3,0,161.8,163.3,-4819,0.57,176,6,0.971,0.982,0.990,0.979,M,R11:p5/p11/p17/p23
18:48:46,35.810492,139.123256,8746,303.2,-14.1,11.8,0,168.3,168.2,-5574,0.60,176,6,0.960,0.981,0.981,0.979,M,R11:p5/p11/p17/p23
18:48:47,35.810943,139.122476,8647,303.2,-15.7,9.6,0,170.4,168.1,-6318,0.60,177,6,0.960,0.981,0.979,0.973,M,R11:p5/p11/p17/p23
18:48:48,35.811401,139.121683,8535,303.2,-17.0,5.9,0,177.5,173.8,-7052,0.64,178,5,0.960,0.971,0.979,0.969,M,R11:p5/p11/p17/p23
18:48:49,35.811871,139.120868,8412,303.2,-18.2,-2.2,0,182.8,177.1,-7773,0.67,179,5,0.950,0.971,0.979,0.969,M,R11:p5/p11/p17/p23
18:48:50,35.812349,139.120035,8276,303.2,-18.9,-9.0,0,188.4,180.7,-8440,0.71,180,5,0.950,0.971,0.972,0.963,M,R11:p5/p11/p17/p23
18:48:51,35.812833,139.119191,8131,303.2,-19.3,-13.3,0,191.9,182.0,-9009,0.74,181,5,0.950,0.961,0.969,0.959,M,R11:p5/p11/p17/p23
18:48:52,35.813347,139.118354,7977,306.6,-19.2,-13.7,0,197.5,186.6,-9481,0.80,182,4,0.950,0.961,0.969,0.959,M,R11:p5/p11/p17/p23
18:48:53,35.813897,139.117515,7815,306.7,-19.6,-10.4,0,203.8,192.0,-9855,0.81,184,4,0.950,0.961,0.961,0.959,M,R11:p5/p11/p17/p23
18:48:54,35.814463,139.116651,7649,306.7,-20.0,-5.4,0,209.9,197.6,-10133,0.90,186,4,0.951,0.961,0.959,0.963,M,R11:p5/p11/p17/p23
18:48:55,35.815045,139.115761,7478,306.7,-19.4,1.8,0,216.0,203.5,-10314,0.90,189,3,0.971,0.961,0.967,0.996,M,R11:p5/p11/p17/p23
18:48:56,35.815617,139.114819,7305,303.2,-18.7,7.3,0,222.5,209.7,-10422,0.95,192,3,1.026,0.982,1.002,1.090,M,R11:p5/p11/p17/p23
18:48:57,35.816180,139.113817,7131,303.0,-16.9,9.2,0,230.1,218.1,-10412,0.99,196,3,1.121,1.066,1.101,1.227,M,R11:p5/p11/p17/p23
18:48:58,35.816733,139.112754,6959,299.7,-16.1,7.0,0,236.5,225.1,-10306,1.15,200,2,1.254,1.177,1.228,1.365,M,R11:p5/p11/p17/p23
18:48:59,35.817278,139.111628,6788,299.7,-14.6,-0.4,0,245.1,235.3,-10105,1.28,206,2,1.392,1.306,1.361,1.449,M,R11:p5/p11/p17/p23
18:49:00,35.817846,139.110451,6622,299.7,-12.6,-9.7,0,253.2,245.1,-9809,1.41,213,2,1.490,1.443,1.468,1.485,M,R11:p5/p11/p17/p23
18:49:01,35.818433,139.109232,6462,299.7,-9.9,-16.7,0,258.7,252.2,-9386,1.45,221,2,1.529,1.506,1.497,1.498,M,R11:p5/p11/p17/p23
18:49:02,35.819040,139.107969,6310,299.7,-6.7,-17.0,0,267.0,262.9,-8802,1.52,230,2,1.539,1.532,1.504,1.499,M,R11:p5/p11/p17/p23
18:49:03,35.819665,139.106663,6169,299.7,-4.1,-11.3,0,271.0,268.8,-8057,1.60,240,2,1.539,1.539,1.508,1.499,M,R11:p5/p11/p17/p23
18:49:04,35.820303,139.105331,6042,299.7,-2.1,-2.7,0,274.3,274.1,-7153,1.70,249,2,1.539,1.545,1.510,1.499,M,R11:p5/p11/p17/p23
18:49:05,35.820953,139.103971,5932,299.6,0.5,3.8,0,277.5,279.4,-6089,1.73,257,2,1.540,1.557,1.510,1.499,M,R11:p5/p11/p17/p23
18:49:06,35.821578,139.102563,5840,296.4,2.7,7.3,0,280.3,284.0,-4865,1.76,264,2,1.548,1.560,1.510,1.499,M,R11:p5/p11/p17/p23
18:49:07,35.822171,139.101106,5771,296.0,6.2,4.5,0,282.1,287.5,-3482,1.81,269,2,1.550,1.560,1.510,1.504,M,R11:p5/p11/p17/p23
18:49:08,35.822765,139.099637,5725,296.0,9.5,-4.4,0,282.2,288.7,-1939,1.83,271,2,1.557,1.564,1.510,1.517,M,R11:p5/p11/p17/p23
18:49:09,35.823362,139.098163,5707,296.0,12.5,-9.0,0,282.2,289.2,-234,1.83,272,2,1.559,1.569,1.517,1.519,M,R11:p5/p11/p17/p23
18:49:10,35.823959,139.096689,5718,296.0,15.1,-9.2,0,282.2,288.9,1629,1.84,271,2,1.567,1.577,1.519,1.494,M,R11:p5/p11/p17/p23
18:49:11,35.824554,139.095223,5761,296.0,18.7,-5.5,0,280.4,285.8,3480,1.77,268,2,1.534,1.568,1.487,1.403,M,R11:p5/p11/p17/p23
18:49:12,35.825140,139.093780,5833,296.0,21.4,1.0,0,276.9,280.1,5144,1.73,263,2,1.433,1.469,1.404,1.344,M,R11:p5/p11/p17/p23
18:49:13,35.825714,139.092371,5931,296.0,23.2,6.4,0,272.6,273.1,6620,1.66,256,2,1.351,1.389,1.376,1.310,M,R11:p5/p11/p17/p23
18:49:14,35.826274,139.091004,6053,296.0,25.1,8.8,0,266.7,264.1,7909,1.64,247,2,1.217,1.301,1.284,1.176,M,R11:p5/p11/p17/p23
18:49:15,35.826816,139.089683,6194,296.0,27.5,8.9,0,261.2,255.4,9010,1.64,237,2,1.122,1.166,1.163,1.103,M,R11:p5/p11/p17/p23
18:49:16,35.827341,139.088411,6352,296.0,28.5,4.0,0,254.2,245.1,9924,1.46,227,2,1.089,1.104,1.092,1.071,M,R11:p5/p11/p17/p23
18:49:17,35.827845,139.087196,6524,296.0,29.6,-0.1,0,245.8,233.4,10649,1.33,217,2,1.041,1.061,1.051,1.085,M,R11:p5/p11/p17/p23
18:49:18,35.828324,139.086050,6706,296.0,31.5,-3.0,0,235.3,219.4,11185,1.21,209,2,1.129,1.107,1.087,1.273,M,R11:p5/p11/p17/p23
18:49:19,35.828782,139.084960,6896,296.0,33.1,-6.6,0,229.4,211.7,11531,1.21,203,2,1.335,1.309,1.197,1.385,M,R11:p5/p11/p17/p23
18:49:20,35.829229,139.083907,7090,296.2,34.1,-3.8,0,224.2,205.6,11687,1.17,197,3,1.454,1.390,1.319,1.448,M,R11:p5/p11/p17/p23
18:49:21,35.829693,139.082912,7285,299.7,35.1,-0.7,0,216.3,197.0,11717,1.12,193,3,1.533,1.514,1.420,1.465,M,R11:p5/p11/p17/p23
18:49:22,35.830167,139.081978,7480,299.7,36.4,3.1,0,209.4,189.6,11660,1.10,189,3,1.516,1.518,1.474,1.435,M,R11:p5/p11/p17/p23
18:49:23,35.830626,139.081078,7673,299.7,37.2,8.6,0,203.3,183.4,11567,1.10,187,4,1.464,1.470,1.446,1.371,M,R11:p5/p11/p17/p23
18:49:24,35.831070,139.080214,7865,299.6,38.1,10.6,0,195.5,175.1,11413,0.96,184,4,1.380,1.396,1.366,1.320,M,R11:p5/p11/p17/p23
18:49:25,35.831476,139.079381,8053,296.7,38.4,11.4,0,187.3,166.2,11197,0.96,182,4,1.336,1.347,1.323,1.306,M,R11:p5/p11/p17/p23
18:49:26,35.831843,139.078568,8238,296.0,38.5,10.3,0,181.1,160.5,10919,0.88,181,5,1.330,1.332,1.307,1.301,M,R11:p5/p11/p17/p23
18:49:27,35.832195,139.077789,8417,296.0,38.4,7.2,0,172.8,152.3,10579,,179,5,1.330,1.328,1.306,1.301,M,R11:p5/p11/p17/p23
18:49:28,35.832534,139.077044,8590,296.0,38.0,3.9,0,166.7,147.5,10176,0.75,178,5,1.330,1.328,1.306,1.301,M,R11:p5/p11/p17/p23
18:49:29,35.832882,139.076347,8756,299.7,37.2,0.6,0,158.1,140.2,9711,0.75,177,6,1.330,1.328,1.306,1.301,M,R11:p5/p11/p17/p23
18:49:30,35.833243,139.075688,8913,299.8,36.9,-0.1,0,154.0,138.7,9183,0.71,176,6,1.330,1.328,1.306,1.301,M,R11:p5/p11/p17/p23
18:49:31,35.833616,139.075058,9062,303.0,36.5,0.7,0,147.5,134.7,8617,0.68,176,6,1.337,1.328,1.309,1.343,M,R11:p5/p11/p17/p23
18:49:32,35.833995,139.074464,9201,303.0,35.0,3.9,0,141.4,130.5,8038,0.67,175,7,1.412,1.371,1.371,1.480,M,R11:p5/p11/p17/p23
18:49:33,35.834364,139.073892,9330,303.1,34.0,8.8,0,135.1,126.0,7448,0.66,174,7,1.557,1.553,1.446,1.553,M,R11:p5/p11/p17/p23
18:49:34,35.834743,139.073349,9449,306.6,32.7,14.5,0,131.4,125.6,6845,0.63,174,7,1.588,1.622,1.574,1.581,M,R11:p5/p11/p17/p23
18:49:35,35.835135,139.072827,9558,306.6,31.4,19.9,0,127.2,123.7,6222,0.62,174,7,1.623,1.645,1.594,1.590,M,R11:p5/p11/p17/p23
18:49:36,35.835522,139.072317,9655,306.6,29.9,25.1,0,122.6,121.0,5544,0.61,175,7,1.629,1.653,1.602,1.599,M,R11:p5/p11/p17/p23
18:49:37,35.835902,139.071820,9743,306.6,28.9,27.6,0,118.6,118.5,4912,0.61,177,7,1.639,1.662,1.610,1.610,M,R11:p5/p11/p17/p23
18:49:38,35.836276,139.071337,9819,306.6,28.3,29.3,0,114.5,115.7,4269,0.59,178,7,1.643,1.671,1.617,1.618,M,R11:p5/p11/p17/p23
18:49:39,35.836645,139.070862,9885,306.6,26.7,27.5,0,112.4,115.2,3614,0.57,180,7,1.650,1.671,1.619,1.618,M,R11:p5/p11/p17/p23
18:49:40,35.837014,139.070391,9940,306.6,25.1,23.1,0,110.2,114.4,2947,0.61,181,8,1.650,1.671,1.628,1.618,M,R11:p5/p11/p17/p23
18:49:41,35.837381,139.069924,9983,306.6,20.8,16.3,0,108.5,113.8,2270,0.59,182,8,1.650,1.671,1.628,1.618,M,R11:p5/p11/p17/p23
18:49:42,35.837749,139.069458,10015,306.6,17.0,11.9,0,107.9,114.2,1581,0.58,183,8,1.650,1.671,1.628,1.628,M,R11:p5/p11/p17/p23
18:49:43,35.838119,139.068984,10036,305.9,13.2,3.4,0,109.7,116.8,882,0.63,183,8,1.650,1.671,1.629,1.628,M,R11:p5/p11/p17/p23
18:49:44,35.838480,139.068482,10044,303.0,9.5,-0.4,0,111.4,118.4,172,0.56,183,8,1.650,1.671,1.638,1.628,M,R11:p5/p11/p17/p23
18:49:45,35.838834,139.067960,10041,302.8,5.6,-15.6,0,113.2,120.4,-549,0.59,183,8,1.650,1.674,1.638,1.628,M,R11:p5/p11/p17/p23
18:49:46,35.839196,139.067421,10026,302.8,2.5,-26.2,0,117.8,125.4,-1281,0.59,183,8,1.650,1.680,1.638,1.628,M,R11:p5/p11/p17/p23
18:49:47,35.839574,139.066852,9999,302.8,0.3,-30.5,0,124.7,132.8,-2022,0.55,182,8,1.650,1.680,1.638,1.628,M,R11:p5/p11/p17/p23
18:49:48,35.839969,139.066249,9959,302.8,-3.9,-33.4,0,130.7,138.8,-2774,0.57,181,8,1.650,1.680,1.638,1.628,M,R11:p5/p11/p17/p23
18:49:49,35.840378,139.065620,9906,302.8,-5.6,-31.5,0,136.4,144.1,-3535,0.65,180,7,1.650,1.680,1.638,1.628,M,R11:p5/p11/p17/p23
18:49:50,35.840804,139.064958,9841,302.8,-7.5,-25.7,0,144.9,152.6,-4306,0.66,179,7,1.650,1.680,1.638,1.628,M,R11:p5/p11/p17/p23
18:49:51,35.841251,139.064256,9763,302.7,-10.9,-17.0,0,152.9,160.2,-5086,0.68,177,7,1.650,1.680,1.638,1.620,M,R11:p5/p11/p17/p23
18:49:52,35.841695,139.063505,9671,299.6,-12.6,-6.9,0,160.1,165.9,-5824,0.75,175,7,1.650,1.680,1.636,1.618,M,R11:p5/p11/p17/p23
18:49:53,35.842134,139.062705,9569,299.3,-14.4,-1.7,0,167.7,172.8,-6517,0.77,174,7,1.650,1.671,1.629,1.618,M,R11:p5/p11/p17/p23
18:49:54,35.842568,139.061859,9455,296.6,-15.2,5.4,0,174.8,178.4,-7103,0.77,174,7,1.650,1.670,1.628,1.618,M,R11:p5/p11/p17/p23
18:49:55,35.842986,139.060957,9333,295.0,-15.4,7.6,0,183.1,186.0,-7572,0.77,174,7,1.639,1.670,1.628,1.609,M,R11:p5/p11/p17/p23
18:49:56,35.843383,139.059996,9203,292.3,-15.4,4.4,0,190.3,192.4,-7949,0.87,175,7,1.639,1.670,1.628,1.608,M,R11:p5/p11/p17/p23
18:49:57,35.843774,139.058993,9068,292.3,-15.3,-4.7,0,196.2,198.0,-8235,0.96,176,6,1.639,1.662,1.628,1.603,M,R11:p5/p11/p17/p23
18:49:58,35.844176,139.057952,8929,292.3,-15.2,-14.0,0,204.6,207.0,-8428,1.04,176,6,1.639,1.659,1.617,1.586,M,R11:p5/p11/p17/p23
18:49:59,35.844593,139.056865,8788,292.3,-14.3,-21.7,0,212.0,215.0,-8531,1.06,177,6,1.589,1.619,1.572,1.497,M,R11:p5/p11/p17/p23
18:50:00,35.845026,139.055730,8645,292.3,-12.7,-20.7,0,220.8,225.0,-8542,1.07,178,6,1.525,1.548,1.503,1.435,M,R11:p5/p11/p17/p23
18:50:01,35.845474,139.054544,8503,292.3,-12.0,-15.7,0,228.7,234.1,-8463,1.11,179,5,1.419,1.460,1.414,1.350,M,R11:p5/p11/p17/p23
18:50:02,35.845936,139.053316,8363,292.3,-11.3,-7.0,0,234.2,240.5,-8294,1.20,180,5,1.332,1.373,1.350,1.323,M,R11:p5/p11/p17/p23
18:50:03,35.846410,139.052052,8227,292.3,-9.4,0.5,0,240.6,248.3,-8035,1.26,181,5,1.307,1.336,1.314,1.300,M,R11:p5/p11/p17/p23
18:50:04,35.846894,139.050740,8096,291.8,-7.7,9.2,0,248.1,257.3,-7686,1.29,182,5,1.295,1.327,1.295,1.291,M,R11:p5/p11/p17/p23
18:50:05,35.847356,139.049371,7972,288.9,-5.5,12.3,0,252.5,262.5,-7248,1.33,184,4,1.287,1.319,1.287,1.280,M,R11:p5/p11/p17/p23
18:50:06,35.847778,139.047960,7855,287.7,-4.0,8.0,0,254.4,265.2,-6721,1.38,185,4,1.274,1.307,1.276,1.271,M,R11:p5/p11/p17/p23
18:50:07,35.848167,139.046520,7748,285.7,-3.3,-1.5,0,256.1,267.6,-6105,1.48,186,4,1.257,1.287,1.266,1.261,M,R11:p5/p11/p17/p23
18:50:08,35.848573,139.045059,7652,288.6,-0.4,-11.2,0,260.6,274.1,-5401,1.44,188,4,1.249,1.277,1.258,1.252,M,R11:p5/p11/p17/p23
18:50:09,35.849024,139.043589,7568,289.0,0.6,-14.5,0,262.6,277.4,-4608,1.44,189,4,1.222,1.253,1.248,1.221,M,R11:p5/p11/p17/p23
18:50:10,35.849483,139.042103,7499,289.0,2.5,-11.5,0,264.3,280.2,-3726,1.48,190,4,1.206,1.237,1.218,1.211,M,R11:p5/p11/p17/p23
18:50:11,35.849945,139.040607,7445,289.0,3.9,-5.6,0,264.5,281.2,-2755,1.49,191,3,1.196,1.228,1.207,1.201,M,R11:p5/p11/p17/p23
18:50:12,35.850408,139.039108,7407,289.0,5.8,1.4,0,264.4,281.7,-1697,1.48,192,3,1.188,1.220,1.198,1.199,M,R11:p5/p11/p17/p23
18:50:13,35.850858,139.037606,7388,287.6,7.3,6.0,0,262.8,280.0,-632,1.41,192,3,1.180,1.220,1.189,1.199,M,R11:p5/p11/p17/p23
18:50:14,35.851257,139.036090,7386,285.2,8.9,5.4,0,262.2,279.0,358,1.42,192,3,1.180,1.220,1.188,1.192,M,R11:p5/p11/p17/p23
18:50:15,35.851628,139.034574,7400,285.1,10.6,1.9,0,260.0,276.4,1271,1.40,192,3,1.180,1.210,1.188,1.190,M,R11:p5/p11/p17/p23
18:50:16,35.851996,139.033071,7428,285.1,11.1,-4.6,0,258.4,274.4,2108,1.41,192,3,1.180,1.210,1.188,1.190,M,R11:p5/p11/p17/p23
18:50:17,35.852362,139.031581,7470,285.1,13.1,-10.8,0,256.4,271.7,2870,1.35,191,4,1.180,1.210,1.188,1.190,M,R11:p5/p11/p17/p23
18:50:18,35.852724,139.030114,7523,285.1,14.6,-12.9,0,251.9,266.2,3556,1.33,190,4,1.180,1.210,1.188,1.190,M,R11:p5/p11/p17/p23
18:50:19,35.853081,139.028669,7588,285.1,15.2,-10.9,0,250.2,263.9,4167,1.29,189,4,1.180,1.210,1.188,1.199,M,R11:p5/p11/p17/p23
18:50:20,35.853437,139.027237,7662,285.1,17.0,-4.9,0,248.4,261.4,4702,1.28,188,4,1.182,1.210,1.188,1.200,M,R11:p5/p11/p17/p23
18:50:21,35.853789,139.025827,7744,285.1,17.0,0.1,0,243.8,255.9,5162,1.27,187,4,1.189,1.220,1.189,1.200,M,R11:p5/p11/p17/p23
18:50:22,35.854128,139.024443,7833,284.1,18.5,4.6,0,240.3,251.4,5546,1.15,186,4,1.189,1.220,1.196,1.200,M,R11:p5/p11/p17/p23
18:50:23,35.854421,139.023078,7929,281.7,19.2,6.6,0,234.0,243.6,5854,1.13,185,4,1.189,1.220,1.197,1.202,M,R11:p5/p11/p17/p23
18:50:24,35.854685,139.021751,8028,281.7,20.0,1.1,0,227.7,236.3,6102,1.18,184,4,1.193,1.220,1.197,1.210,M,R11:p5/p11/p17/p23
18:50:25,35.854945,139.020455,8132,281.7,20.1,-2.2,0,224.3,232.4,6302,1.09,183,5,1.199,1.220,1.206,1.210,M,R11:p5/p11/p17/p23
18:50:26,35.855202,139.019181,8238,281.7,20.1,-7.9,0,220.7,228.3,6455,1.10,182,5,1.200,1.229,1.206,1.220,M,R11:p5/p11/p17/p23
18:50:27,35.855457,139.017932,8347,281.7,20.8,-10.8,0,216.3,223.4,6561,1.04,181,5,1.209,1.230,1.206,1.220,M,R11:p5/p11/p17/p23
18:50:28,35.855708,139.016710,8456,281.7,21.0,-14.0,0,212.0,218.7,6620,0.97,180,5,1.212,1.230,1.216,1.229,M,R11:p5/p11/p17/p23
18:50:29,35.855957,139.015514,8567,281.7,21.4,-12.2,0,208.3,214.9,6631,0.92,179,5,1.219,1.238,1.217,1.229,M,R11:p5/p11/p17/p23
18:50:30,35.856203,139.014333,8677,281.7,21.1,-5.3,0,206.1,212.9,6595,0.91,179,6,1.220,1.247,1.225,1.238,M,R11:p5/p11/p17/p23
18:50:31,35.856449,139.013167,8787,281.7,20.9,0.4,0,202.8,209.8,6512,0.90,178,6,1.231,1.249,1.230,1.239,M,R11:p5/p11/p17/p23
18:50:32,35.856690,139.012020,8894,281.3,20.9,4.0,0,198.7,205.7,6380,0.94,177,6,1.276,1.258,1.247,1.362,M,R11:p5/p11/p17/p23
18:50:33,35.856896,139.010887,8999,278.1,20.9,5.4,0,195.1,201.8,6201,0.90,177,6,1.432,1.398,1.361,1.490,M,R11:p5/p11/p17/p23
18:50:34,35.857072,139.009765,9101,278.0,20.9,4.1,0,192.1,199.2,5995,0.89,176,6,1.536,1.542,1.498,1.509,M,R11:p5/p11/p17/p23
18:50:35,35.857244,139.008661,9199,277.5,20.3,0,0,188.3,195.6,5783,0.89,176,7,1.559,1.568,1.539,1.509,M,R11:p5/p11/p17/p23
18:50:36,35.857384,139.007564,9293,274.6,20.2,-3.2,0,186.7,194.1,5565,0.88,175,7,1.559,1.568,1.539,1.509,M,R11:p5/p11/p17/p23
18:50:37,35.857500,139.006472,9384,274.5,19.6,-9.5,0,184.6,192.5,5340,0.88,175,7,1.559,1.568,1.539,1.509,M,R11:p5/p11/p17/p23
18:50:38,35.857617,139.005382,9471,274.5,19.3,-13.7,0,184.5,193.4,5110,0.89,175,7,1.559,1.577,1.539,1.509,M,R11:p5/p11/p17/p23
18:50:39,35.857762,139.004290,9555,277.8,19.3,-13.6,0,184.5,195.0,4874,0.87,174,7,1.568,1.579,1.539,1.505,M,R11:p5/p11/p17/p23
18:50:40,35.857938,139.003202,9633,277.9,18.7,-11.5,0,182.6,193.6,4585,0.86,175,7,1.569,1.579,1.538,1.508,M,R11:p5/p11/p17/p23
18:50:41,35.858114,139.002125,9708,277.9,17.9,-4.5,0,180.8,192.1,4340,0.83,177,7,1.560,1.579,1.529,1.501,M,R11:p5/p11/p17/p23
18:50:42,35.858290,139.001052,9778,277.9,17.1,1.7,0,180.3,192.0,4089,0.82,178,7,1.557,1.571,1.528,1.498,M,R11:p5/p11/p17/p23
18:50:43,35.858467,138.999982,9844,277.9,16.9,5.6,0,178.8,190.8,3832,0.83,180,7,1.549,1.568,1.518,1.491,M,R11:p5/p11/p17/p23
18:50:44,35.858641,138.998922,9906,277.6,16.4,10.4,0,176.5,188.5,3569,0.83,181,7,1.509,1.526,1.509,1.480,M,R11:p5/p11/p17/p23
18:50:45,35.858785,138.997869,9963,274.4,15.6,10.8,0,174.9,186.4,3301,0.82,182,7,1.488,1.500,1.497,1.472,M,R11:p5/p11/p17/p23
18:50:46,35.858899,138.996822,10016,274.0,14.8,7.6,0,172.7,184.2,3026,0.80,183,7,1.478,1.490,1.489,1.469,M,R11:p5/p11/p17/p23
18:50:47,35.858984,138.995779,10064,270.8,13.4,0.5,0,172.6,183.8,2746,0.81,184,7,1.478,1.479,1.489,1.469,M,R11:p5/p11/p17/p23
18:50:48,35.859041,138.994732,10107,270.6,12.3,-6.4,0,172.6,184.2,2460,0.82,185,7,1.469,1.478,1.489,1.469,M,R11:p5/p11/p17/p23
18:50:49,35.859098,138.993683,10146,270.7,11.5,-12.5,0,172.6,184.6,2169,0.82,186,7,1.469,1.478,1.489,1.469,M,R11:p5/p11/p17/p23
18:50:50,35.859184,138.992628,10179,274.0,10.8,-17.2,0,174.2,187.5,1872,0.80,186,7,1.469,1.478,1.493,1.469,M,R11:p5/p11/p17/p23
18:50:51,35.859300,138.991567,10208,274.1,10.0,-17.4,0,174.4,188.1,1569,0.79,187,8,1.469,1.478,1.489,1.469,M,R11:p5/p11/p17/p23
18:50:52,35.859416,138.990497,10232,274.1,9.2,-14.4,0,176.4,190.7,1260,0.78,187,8,1.469,1.478,1.489,1.469,M,R11:p5/p11/p17/p23
18:50:53,35.859534,138.989419,10250,274.0,8.4,-9.2,0,176.5,191.0,946,0.79,188,8,1.469,1.478,1.479,1.461,M,R11:p5/p11/p17/p23
18:50:54,35.859652,138.988335,10263,274.0,7.6,-3.6,0,178.1,193.0,635,0.80,188,8,1.469,1.478,1.479,1.459,M,R11:p5/p11/p17/p23
18:50:55,35.859738,138.987235,10271,270.0,6.1,3.2,0,180.3,194.8,337,0.84,188,8,1.469,1.478,1.479,1.459,M,R11:p5/p11/p17/p23
18:50:56,35.859788,138.986118,10274,269.9,5.7,6.8,0,182.2,197.1,53,0.84,188,8,1.469,1.478,1.479,1.459,M,R11:p5/p11/p17/p23
18:50:57,35.859808,138.984996,10273,266.5,5.3,7.9,0,182.5,196.8,-219,0.82,188,8,1.469,1.471,1.476,1.459,M,R11:p5/p11/p17/p23
18:50:58,35.859798,138.983869,10267,266.5,4.4,6.3,0,184.1,198.6,-478,0.85,188,8,1.455,1.469,1.447,1.418,M,R11:p5/p11/p17/p23
18:50:59,35.859788,138.982730,10257,266.5,3.7,-0.5,0,185.9,200.7,-724,0.85,188,8,1.414,1.420,1.389,1.391,M,R11:p5/p11/p17/p23
18:51:00,35.859778,138.981584,10243,266.5,2.3,-7.4,0,186.4,201.2,-957,0.87,188,8,1.383,1.400,1.365,1.370,M,R11:p5/p11/p17/p23
18:51:01,35.859769,138.980433,10225,266.5,2.1,-15.9,0,187.9,202.9,-1177,0.89,187,7,1.409,1.385,1.365,1.412,M,R11:p5/p11/p17/p23
18:51:02,35.859758,138.979261,10204,266.5,2.1,-20.6,0,192.4,208.1,-1384,0.89,187,7,1.503,1.480,1.459,1.468,M,R11:p5/p11/p17/p23
18:51:03,35.859747,138.978070,10179,266.5,2.5,-19.6,0,194.0,209.9,-1578,0.88,186,7,1.558,1.554,1.538,1.514,M,R11:p5/p11/p17/p23
18:51:04,35.859735,138.976862,10151,266.5,2.1,-12.3,0,197.6,214.0,-1758,0.88,186,7,1.571,1.569,1.548,1.527,M,R11:p5/p11/p17/p23
18:51:05,35.859723,138.975636,10121,266.5,1.7,-0.3,0,199.3,215.9,-1900,0.93,185,7,1.585,1.582,1.549,1.527,M,R11:p5/p11/p17/p23
18:51:06,35.859710,138.974392,10088,266.5,1.6,0.7,0,203.5,220.7,-1978,0.98,185,7,1.601,1.599,1.557,1.536,M,R11:p5/p11/p17/p23
18:51:07,35.859695,138.973126,10055,266.3,2.0,8.7,0,205.7,223.3,-1992,1.01,184,7,1.613,1.599,1.562,1.576,M,R11:p5/p11/p17/p23
18:51:08,35.859646,138.971841,10022,263.2,2.9,11.1,0,209.9,227.6,-1942,1.01,183,7,1.626,1.637,1.597,1.588,M,R11:p5/p11/p17/p23
18:51:09,35.859562,138.970547,9991,263.0,3.4,9.0,0,209.9,227.7,-1828,1.02,183,7,1.626,1.648,1.597,1.588,M,R11:p5/p11/p17/p23
18:51:10,35.859477,138.969243,9962,263.0,3.7,1.5,0,213.3,231.8,-1651,1.12,182,7,1.624,1.639,1.597,1.588,M,R11:p5/p11/p17/p23
18:51:11,35.859390,138.967918,9936,263.0,4.0,-6.9,0,215.5,234.5,-1409,1.16,182,7,1.618,1.639,1.597,1.588,M,R11:p5/p11/p17/p23
18:51:12,35.859302,138.966578,9915,263.0,5.1,-13.5,0,217.4,236.8,-1104,1.15,181,7,1.618,1.639,1.597,1.578,M,R11:p5/p11/p17/p23
18:51:13,35.859213,138.965226,9900,263.0,6.1,-16.2,0,219.3,239.2,-735,1.13,181,7,1.617,1.639,1.596,1.578,M,R11:p5/p11/p17/p23
18:51:14,35.859123,138.963859,9891,263.0,6.9,-12.8,0,221.5,241.8,-302,1.15,181,7,1.616,1.639,1.587,1.578,M,R11:p5/p11/p17/p23
18:51:15,35.859065,138.962471,9890,266.2,7.4,-4.9,0,223.8,245.2,150,1.15,181,7,1.615,1.634,1.587,1.528,M,R11:p5/p11/p17/p23
18:51:16,35.859011,138.961076,9896,263.3,7.7,3.2,0,224.0,244.8,580,1.15,181,7,1.572,1.585,1.531,1.501,M,R11:p5/p11/p17/p23
18:51:17,35.858921,138.959685,9909,263.0,8.5,9.7,0,224.0,244.7,986,1.15,181,7,1.542,1.566,1.516,1.459,M,R11:p5/p11/p17/p23
18:51:18,35.858829,138.958294,9929,262.9,9.7,12.8,0,224.0,244.5,1368,1.13,182,7,1.524,1.530,1.475,1.449,M,R11:p5/p11/p17/p23
18:51:19,35.858708,138.956915,9954,260.1,10.5,11.0,0,222.5,242.1,1726,1.16,182,7,1.507,1.508,1.469,1.438,M,R11:p5/p11/p17/p23
18:51:20,35.858553,138.955550,9986,259.7,11.0,6.0,0,222.0,241.3,2061,1.17,183,7,1.518,1.498,1.471,1.458,M,R11:p5/p11/p17/p23
18:51:21,35.858395,138.954188,10023,259.7,11.1,-0.9,0,222.0,241.1,2373,1.16,183,7,1.526,1.498,1.477,1.449,M,R11:p5/p11/p17/p23
18:51:22,35.858269,138.952822,10065,262.8,12.4,-8.3,0,222.0,241.5,2661,1.14,184,7,1.521,1.498,1.470,1.449,M,R11:p5/p11/p17/p23
18:51:23,35.858181,138.951449,10112,263.2,13.4,-8.1,0,222.0,241.4,2925,1.12,185,7,1.517,1.498,1.478,1.449,M,R11:p5/p11/p17/p23
18:51:24,35.858133,138.950073,10162,266.5,13.6,-4.0,0,222.0,241.9,3166,1.11,186,7,1.519,1.498,1.478,1.458,M,R11:p5/p11/p17/p23
18:51:25,35.858120,138.948695,10217,266.6,13.6,5.1,0,222.0,241.7,3384,1.12,187,7,1.527,1.498,1.472,1.400,M,R11:p5/p11/p17/p23
18:51:26,35.858109,138.947323,10275,266.6,14.4,10.7,0,219.9,239.1,3578,1.11,188,7,1.443,1.443,1.376,1.318,M,R11:p5/p11/p17/p23
18:51:27,35.858097,138.945965,10336,266.3,15.1,18.0,0,218.4,237.1,3748,1.11,189,7,1.346,1.346,1.310,1.289,M,R11:p5/p11/p17/p23
18:51:28,35.858048,138.944631,10400,263.0,16.0,19.9,0,214.2,231.3,3895,1.07,191,8,1.321,1.314,1.294,1.289,M,R11:p5/p11/p17/p23
18:51:29,35.857966,138.943324,10466,262.8,16.1,17.9,0,211.9,228.5,4018,1.03,192,8,1.315,1.308,1.286,1.286,M,R11:p5/p11/p17/p23
18:51:30,35.857884,138.942032,10533,262.8,16.1,11.6,0,209.8,226.1,4002,1.03,193,8,1.311,1.308,1.286,1.280,M,R11:p5/p11/p17/p23
18:51:31,35.857805,138.940752,10600,263.0,16.1,6.8,0,208.0,224.2,4075,1.01,193,8,1.317,1.308,1.287,1.287,M,R11:p5/p11/p17/p23
18:51:32,35.857761,138.939480,10669,266.2,16.1,-0.1,0,206.1,222.8,4125,1.00,193,8,1.323,1.310,1.307,1.325,M,R11:p5/p11/p17/p23
18:51:33,35.857753,138.938217,10738,266.6,16.1,-3.9,0,203.8,220.3,4153,0.99,194,8,1.365,1.347,1.384,1.404,M,R11:p5/p11/p17/p23
18:51:34,35.857783,138.936965,10807,269.9,16.1,-1.1,0,202.1,219.3,4157,0.96,194,8,1.449,1.441,1.489,1.459,M,R11:p5/p11/p17/p23
18:51:35,35.857845,138.935718,10876,270.0,16.1,4.1,0,201.7,219.1,4138,0.96,194,8,1.549,1.546,1.524,1.540,M,R11:p5/p11/p17/p23
18:51:36,35.857908,138.934475,10945,270.0,16.1,10.3,0,200.0,217.4,4104,0.98,195,8,1.617,1.628,1.585,1.585,M,R11:p5/p11/p17/p23
18:51:37,35.857972,138.933244,11013,270.0,16.8,17.5,0,197.9,215.2,4066,0.99,195,8,1.632,1.656,1.601,1.601,M,R11:p5/p11/p17/p23
18:51:38,35.858036,138.932026,11080,270.0,17.0,20.0,0,196.0,213.2,4023,0.98,195,8,1.642,1.660,1.611,1.610,M,R11:p5/p11/p17/p23
18:51:39,35.858100,138.930818,11147,270.0,17.0,20.1,0,194.2,211.4,3974,0.95,196,8,1.648,1.662,1.618,1.618,M,R11:p5/p11/p17/p23
18:51:40,35.858164,138.929622,11213,270.0,16.9,18.8,0,192.2,209.3,3920,0.93,196,8,1.648,1.671,1.618,1.618,M,R11:p5/p11/p17/p23
18:51:41,35.858229,138.928437,11278,270.0,16.2,12.5,0,190.5,207.5,3862,0.92,196,8,1.648,1.671,1.620,1.619,M,R11:p5/p11/p17/p23
18:51:42,35.858294,138.927256,11341,270.0,16.1,4.8,0,190.3,207.6,3798,0.95,197,8,1.648,1.671,1.627,1.628,M,R11:p5/p11/p17/p23
18:51:43,35.858359,138.926075,11404,270.0,15.4,-2.9,0,190.1,207.7,3729,0.95,197,8,1.648,1.672,1.627,1.628,M,R11:p5/p11/p17/p23
18:51:44,35.858427,138.924899,11466,270.3,15.3,-5.9,0,188.3,206.0,3655,0.95,197,8,1.651,1.680,1.627,1.628,M,R11:p5/p11/p17/p23
18:51:45,35.858534,138.923729,11526,274.2,15.3,-5.8,0,188.3,207.4,3576,0.92,198,8,1.658,1.680,1.627,1.628,M,R11:p5/p11/p17/p23
18:51:46,35.858676,138.922558,11585,274.2,15.3,-1.4,0,188.3,207.7,3491,0.90,198,8,1.658,1.680,1.627,1.628,M,R11:p5/p11/p17/p23
18:51:47,35.858848,138.921390,11642,277.5,14.6,5.1,0,188.2,209.0,3402,0.92,198,8,1.658,1.680,1.627,1.628,M,R11:p5/p11/p17/p23
18:51:48,35.859050,138.920230,11698,277.4,14.5,12.2,0,186.6,207.3,3307,0.92,198,8,1.658,1.680,1.627,1.627,M,R11:p5/p11/p17/p23
18:51:49,35.859218,138.919069,11752,273.9,14.5,16.7,0,186.4,206.4,3207,0.92,199,8,1.658,1.678,1.627,1.617,M,R11:p5/p11/p17/p23
18:51:50,35.859355,138.917905,11805,273.9,14.6,18.0,0,186.3,206.6,3102,0.90,199,8,1.655,1.670,1.627,1.617,M,R11:p5/p11/p17/p23
18:51:51,35.859493,138.916745,11856,273.9,14.5,16.5,0,184.4,204.6,2987,0.89,199,8,1.648,1.670,1.627,1.617,M,R11:p5/p11/p17/p23
18:51:52,35.859630,138.915590,11905,273.9,13.7,11.3,0,184.3,204.8,2872,0.88,199,8,1.648,1.670,1.628,1.617,M,R11:p5/p11/p17/p23
18:51:53,35.859769,138.914434,11952,274.0,12.8,3.5,0,184.3,205.2,2752,0.89,199,8,1.648,1.670,1.628,1.617,M,R11:p5/p11/p17/p23
18:51:54,35.859908,138.913276,11996,274.0,12.1,0.3,0,184.3,205.5,2626,0.90,200,8,1.648,1.670,1.628,1.617,M,R11:p5/p11/p17/p23
18:51:55,35.860048,138.912117,12039,274.0,12.0,-7.5,0,184.3,205.8,2496,0.91,200,8,1.648,1.670,1.628,1.617,M,R11:p5/p11/p17/p23
18:51:56,35.860218,138.910954,12080,277.3,11.9,-8.7,0,186.0,209.2,2360,0.88,200,8,1.648,1.670,1.628,1.617,M,R11:p5/p11/p17/p23
18:51:57,35.860423,138.909785,12118,277.6,11.3,-4.3,0,186.4,210.0,2224,0.88,200,8,1.648,1.670,1.628,1.617,M,R11:p5/p11/p17/p23
18:51:58,35.860630,138.908615,12154,277.6,11.1,2.4,0,186.4,210.3,2094,0.90,200,8,1.648,1.670,1.628,1.617,M,R11:p5/p11/p17/p23
18:51:59,35.860837,138.907442,12188,277.6,10.4,9.1,0,186.6,210.8,1969,0.90,201,8,1.648,1.670,1.628,1.617,M,R11:p5/p11/p17/p23
18:52:00,35.861046,138.906263,12219,277.6,10.4,14.3,0,188.0,212.7,1850,0.91,201,8,1.648,1.670,1.628,1.617,M,R11:p5/p11/p17/p23
18:52:01,35.861255,138.905076,12249,277.6,10.4,17.3,0,188.3,213.3,1736,0.90,201,8,1.648,1.670,1.628,1.617,M,R11:p5/p11/p17/p23
18:52:02,35.861460,138.903886,12277,276.9,10.3,16.5,0,188.3,213.3,1627,0.90,201,8,1.648,1.670,1.628,1.617,M,R11:p5/p11/p17/p23
18:52:03,35.861633,138.902691,12304,274.3,9.7,12.2,0,188.3,212.7,1524,0.88,201,8,1.648,1.670,1.628,1.617,M,R11:p5/p11/p17/p23
18:52:04,35.861776,138.901492,12328,273.7,8.7,3.7,0,188.3,212.6,1426,0.90,201,8,1.648,1.670,1.628,1.617,M,R11:p5/p11/p17/p23
18:52:05,35.861918,138.900292,12351,274.2,8.0,-1.1,0,188.3,213.0,1334,0.93,201,8,1.648,1.670,1.628,1.617,M,R11:p5/p11/p17/p23
18:52:06,35.862100,138.899089,12373,277.7,8.0,-7.5,0,190.2,216.5,1247,0.93,201,8,1.648,1.670,1.628,1.617,M,R11:p5/p11/p17/p23
18:52:07,35.862317,138.897876,12393,277.9,7.9,-9.8,0,192.3,219.3,1165,0.92,201,8,1.648,1.670,1.628,1.617,M,R11:p5/p11/p17/p23
18:52:08,35.862565,138.896653,12411,280.8,7.9,-6.0,0,194.4,222.9,1089,0.91,201,8,1.648,1.670,1.628,1.617,M,R11:p5/p11/p17/p23
18:52:09,35.862847,138.895425,12429,281.2,7.9,-0.1,0,195.6,224.7,1018,0.92,202,8,1.648,1.670,1.628,1.617,M,R11:p5/p11/p17/p23
18:52:10,35.863133,138.894193,12445,281.2,7.9,3.9,0,195.6,224.8,953,0.95,202,8,1.648,1.670,1.628,1.617,M,R11:p5/p11/p17/p23
18:52:11,35.863420,138.892961,12461,281.2,7.8,10.2,0,195.6,224.9,894,0.96,202,8,1.648,1.670,1.628,1.617,M,R11:p5/p11/p17/p23
18:52:12,35.863704,138.891720,12475,280.8,7.8,14.2,0,197.7,227.4,839,0.96,202,8,1.648,1.670,1.628,1.617,M,R11:p5/p11/p17/p23
18:52:13,35.863953,138.890464,12489,277.5,7.8,14.7,0,197.7,226.4,791,0.96,202,8,1.648,1.670,1.628,1.617,M,R11:p5/p11/p17/p23
18:52:14,35.864170,138.889201,12502,277.4,7.8,13.0,0,197.7,226.5,747,0.96,202,8,1.648,1.670,1.628,1.617,M,R11:p5/p11/p17/p23
18:52:15,35.864386,138.887932,12514,277.4,7.8,7.8,0,199.4,228.6,709,0.96,202,8,1.648,1.670,1.628,1.617,M,R11:p5/p11/p17/p23
18:52:16,35.864604,138.886655,12525,277.4,7.8,0,0,199.7,229.1,677,0.99,202,8,1.648,1.670,1.628,1.617,M,R11:p5/p11/p17/p23
18:52:17,35.864829,138.885374,12536,278.3,7.9,-5.9,0,201.0,231.0,657,1.00,202,8,1.648,1.670,1.628,1.617,M,R11:p5/p11/p17/p23
18:52:18,35.865096,138.884094,12547,281.2,7.9,-6.5,0,201.2,232.4,654,1.00,202,8,1.648,1.670,1.628,1.617,M,R11:p5/p11/p17/p23
18:52:19,35.865391,138.882814,12558,281.2,7.9,-5.4,0,203.1,234.7,670,0.99,202,8,1.648,1.670,1.628,1.617,M,R11:p5/p11/p17/p23
18:52:20,35.865688,138.881524,12570,281.2,7.9,-0.8,0,203.8,235.7,704,0.99,202,8,1.648,1.670,1.628,1.617,M,R11:p5/p11/p17/p23
18:52:21,35.865986,138.880225,12582,281.2,8.0,4.0,0,205.5,237.8,756,1.01,202,8,1.648,1.670,1.628,1.617,M,R11:p5/p11/p17/p23
18:52:22,35.866285,138.878920,12595,281.2,8.7,10.7,0,205.7,238.1,826,1.02,202,8,1.648,1.670,1.628,1.617,M,R11:p5/p11/p17/p23
18:52:23,35.866585,138.877613,12609,281.2,9.5,12.2,0,205.7,238.2,914,1.03,202,8,1.648,1.670,1.628,1.617,M,R11:p5/p11/p17/p23
18:52:24,35.866884,138.876306,12626,281.2,9.6,12.1,0,205.7,238.2,1021,1.02,202,8,1.648,1.670,1.628,1.617,M,R11:p5/p11/p17/p23
18:52:25,35.867184,138.874999,12644,281.2,9.5,9.3,0,205.7,238.3,1145,1.02,202,8,1.648,1.670,1.628,1.617,M,R11:p5/p11/p17/p23
18:52:26,35.867484,138.873692,12664,281.2,9.5,6.3,0,205.7,238.4,1288,1.02,203,8,1.648,1.670,1.628,1.617,M,R11:p5/p11/p17/p23
18:52:27,35.867784,138.872384,12687,281.2,9.6,1.0,0,205.7,238.4,1449,1.03,203,8,1.648,1.670,1.628,1.617,M,R11:p5/p11/p17/p23
18:52:28,35.868085,138.871077,12712,281.2,10.3,-3.8,0,205.7,238.4,1618,1.03,203,8,1.648,1.670,1.628,1.617,M,R11:p5/p11/p17/p23
18:52:29,35.868385,138.869769,12740,281.2,10.4,-5.0,0,205.7,238.5,1785,1.01,203,8,1.648,1.670,1.628,1.617,M,R11:p5/p11/p17/p23
18:52:30,35.868716,138.868469,12772,284.4,11.1,-3.8,0,205.7,239.6,1950,1.01,203,8,1.648,1.670,1.628,1.617,M,R11:p5/p11/p17/p23
18:52:31,35.869086,138.867180,12805,284.9,11.1,1.0,0,205.7,239.9,2113,1.01,203,8,1.648,1.670,1.628,1.618,M,R11:p5/p11/p17/p23
18:52:32,35.869461,138.865893,12842,284.9,11.1,5.4,0,205.7,239.9,2274,1.02,203,8,1.648,1.670,1.628,1.618,M,R11:p5/p11/p17/p23
18:52:33,35.869835,138.864606,12881,284.9,11.1,10.2,0,205.7,239.9,2433,1.05,203,8,1.648,1.670,1.628,1.618,M,R11:p5/p11/p17/p23
18:52:34,35.870209,138.863318,12923,284.9,11.9,12.5,0,205.7,240.0,2590,1.04,204,8,1.648,1.670,1.628,1.618,M,R11:p5/p11/p17/p23
18:52:35,35.870583,138.862034,12968,284.9,12.6,12.1,0,204.4,238.4,2744,1.03,204,8,1.648,1.670,1.628,1.618,M,R11:p5/p11/p17/p23
18:52:36,35.870956,138.860757,13015,284.9,12.6,9.2,0,203.8,237.7,2897,1.02,204,8,1.648,1.670,1.628,1.618,M,R11:p5/p11/p17/p23
18:52:37,35.871328,138.859482,13064,284.9,12.0,4.9,0,203.8,237.7,3048,1.02,204,8,1.648,1.670,1.628,1.618,M,R11:p5/p11/p17/p23
18:52:38,35.871700,138.858206,13116,284.9,12.7,1.3,0,203.8,237.8,3188,1.03,204,8,1.648,1.670,1.628,1.618,M,R11:p5/p11/p17/p23
18:52:39,35.872072,138.856931,13170,284.9,12.7,-1.4,0,203.8,237.9,3308,1.03,205,8,1.648,1.670,1.628,1.618,M,R11:p5/p11/p17/p23
18:52:40,35.872445,138.855654,13226,284.9,12.9,-1.7,0,203.8,238.0,3408,1.02,205,8,1.648,1.680,1.628,1.618,M,R11:p5/p11/p17/p23
18:52:41,35.872818,138.854383,13284,285.0,13.4,-0.3,0,202.1,236.0,3489,1.01,205,8,1.648,1.680,1.628,1.625,M,R11:p5/p11/p17/p23
18:52:42,35.873214,138.853129,13342,287.7,13.4,3.0,0,201.3,236.2,3549,1.00,205,8,1.648,1.680,1.628,1.628,M,R11:p5/p11/p17/p23
18:52:43,35.873645,138.851895,13402,288.4,13.6,6.1,0,200.1,235.2,3590,1.01,206,8,1.649,1.680,1.628,1.628,M,R11:p5/p11/p17/p23
18:52:44,35.874079,138.850666,13462,288.4,14.3,9.0,0,199.8,235.1,3610,1.01,206,8,1.649,1.680,1.628,1.628,M,R11:p5/p11/p17/p23
18:52:45,35.874513,138.849441,13522,288.4,14.4,10.7,0,198.6,233.8,3610,0.99,206,8,1.649,1.680,1.628,1.619,M,R11:p5/p11/p17/p23
18:52:46,35.874916,138.848209,13582,285.2,14.4,9.9,0,197.9,232.0,3591,0.98,206,8,1.646,1.671,1.625,1.609,M,R11:p5/p11/p17/p23
18:52:47,35.875286,138.846973,13642,285.2,14.4,8.6,0,196.3,230.3,3551,0.98,206,8,1.638,1.660,1.617,1.598,M,R11:p5/p11/p17/p23
18:52:48,35.875656,138.845743,13701,285.2,14.4,5.5,0,195.8,230.0,3491,0.97,207,8,1.638,1.659,1.617,1.597,M,R11:p5/p11/p17/p23
18:52:49,35.876025,138.844517,13758,285.2,14.2,1.8,0,194.5,228.8,3411,0.97,207,8,1.637,1.659,1.616,1.590,M,R11:p5/p11/p17/p23
18:52:50,35.876422,138.843304,13814,288.3,13.5,0.5,0,194.3,230.0,3310,0.96,207,8,1.609,1.652,1.582,1.441,M,R11:p5/p11/p17/p23
18:52:51,35.876849,138.842108,13868,288.5,13.4,0.9,0,192.4,228.2,3190,0.94,207,8,1.459,1.508,1.380,1.350,M,R11:p5/p11/p17/p23
18:52:52,35.877276,138.840918,13920,288.5,12.7,2.6,0,192.3,228.4,3049,0.93,208,8,1.345,1.376,1.293,1.273,M,R11:p5/p11/p17/p23
18:52:53,35.877725,138.839741,13970,291.3,11.9,5.7,0,190.6,227.8,2888,0.91,208,8,1.291,1.312,1.259,1.238,M,R11:p5/p11/p17/p23
18:52:54,35.878209,138.838593,14017,292.3,11.8,10.0,0,188.4,225.9,2706,0.88,208,8,1.219,1.239,1.211,1.170,M,R11:p5/p11/p17/p23
18:52:55,35.878697,138.837460,14060,292.3,11.1,13.6,0,186.7,224.2,2505,0.86,208,8,1.174,1.197,1.162,1.148,M,R11:p5/p11/p17/p23
18:52:56,35.879183,138.836331,14100,292.3,10.3,17.1,0,186.4,224.2,2283,0.85,208,9,1.164,1.188,1.140,1.160,M,R11:p5/p11/p17/p23
18:52:57,35.879668,138.835205,14136,292.3,9.5,17.6,0,184.7,222.5,2040,0.83,208,9,1.157,1.209,1.158,1.160,M,R11:p5/p11/p17/p23
18:52:58,35.880149,138.834091,14168,292.3,8.8,16.5,0,182.8,220.5,1778,0.81,208,9,1.157,1.219,1.160,1.168,M,R11:p5/p11/p17/p23
18:52:59,35.880628,138.832981,14195,292.3,8.0,15.1,0,182.5,220.5,1493,0.79,209,9,1.157,1.219,1.169,1.169,M,R11:p5/p11/p17/p23
18:53:00,35.881106,138.831878,14217,292.3,6.5,11.2,0,180.4,218.2,1186,0.79,209,9,1.157,1.219,1.169,1.169,M,R11:p5/p11/p17/p23
18:53:01,35.881581,138.830780,14235,292.3,4.8,8.0,0,180.4,218.4,856,0.80,209,9,1.157,1.219,1.169,1.169,M,R11:p5/p11/p17/p23
18:53:02,35.882057,138.829681,14246,292.3,4.0,4.8,0,180.4,218.6,504,0.79,209,9,1.157,1.219,1.169,1.169,M,R11:p5/p11/p17/p23
18:53:03,35.882557,138.828594,14251,295.2,3.3,2.8,0,180.4,219.9,128,0.78,209,9,1.157,1.219,1.169,1.169,M,R11:p5/p11/p17/p23
18:53:04,35.883089,138.827516,14250,295.6,2.5,4.0,0,182.3,222.4,-270,0.77,209,9,1.157,1.219,1.169,1.169,M,R11:p5/p11/p17/p23
18:53:05,35.883625,138.826433,14242,295.6,1.3,6.3,0,182.4,222.5,-690,0.78,209,9,1.157,1.219,1.169,1.169,M,R11:p5/p11/p17/p23
18:53:06,35.884189,138.825368,14227,299.0,0.0,10.2,0,182.4,223.7,-1133,0.81,209,9,1.157,1.219,1.169,1.159,M,R11:p5/p11/p17/p23
18:53:07,35.884787,138.824319,14204,299.4,-0.1,14.4,0,184.3,226.0,-1599,0.81,209,9,1.154,1.218,1.169,1.160,M,R11:p5/p11/p17/p23
18:53:08,35.885390,138.823267,14173,299.4,-0.8,16.7,0,184.4,225.7,-2087,0.81,208,9,1.148,1.209,1.169,1.173,M,R11:p5/p11/p17/p23
18:53:09,35.885993,138.822212,14134,299.4,-1.5,17.5,0,186.2,227.3,-2597,0.81,208,8,1.178,1.227,1.194,1.253,M,R11:p5/p11/p17/p23
18:53:10,35.886601,138.821148,14087,299.4,-2.4,16.4,0,188.1,229.0,-3080,0.81,208,8,1.263,1.298,1.269,1.315,M,R11:p5/p11/p17/p23
18:53:11,35.887183,138.820055,14032,295.8,-3.0,11.9,0,190.2,229.5,-3488,0.83,208,8,1.338,1.340,1.360,1.357,M,R11:p5/p11/p17/p23
18:53:12,35.887766,138.818952,13971,299.2,-3.2,8.8,0,192.0,232.5,-3821,0.85,208,8,1.374,1.368,1.399,1.369,M,R11:p5/p11/p17/p23
18:53:13,35.888386,138.817854,13905,299.4,-3.9,4.4,0,195.6,236.5,-4078,0.88,207,8,1.388,1.381,1.414,1.379,M,R11:p5/p11/p17/p23
18:53:14,35.889015,138.816745,13836,299.5,-4.1,0.5,0,197.3,238.2,-4260,0.91,207,8,1.398,1.392,1.418,1.379,M,R11:p5/p11/p17/p23
18:53:15,35.889677,138.815640,13764,302.6,-4.1,-0.2,0,201.3,244.0,-4367,0.91,207,8,1.398,1.392,1.418,1.379,M,R11:p5/p11/p17/p23
18:53:16,35.890382,138.814532,13690,302.9,-4.0,0.2,0,205.6,249.2,-4398,0.93,207,8,1.398,1.392,1.418,1.379,M,R11:p5/p11/p17/p23
18:53:17,35.891097,138.813409,13617,302.9,-3.4,3.6,0,207.6,251.6,-4355,0.96,206,8,1.398,1.392,1.418,1.379,M,R11:p5/p11/p17/p23
18:53:18,35.891822,138.812267,13546,302.9,-3.2,8.0,0,211.9,256.9,-4238,1.00,206,8,1.398,1.392,1.416,1.370,M,R11:p5/p11/p17/p23
18:53:19,35.892558,138.811102,13477,302.9,-3.2,10.3,0,214.8,260.6,-4046,1.02,206,8,1.397,1.383,1.409,1.370,M,R11:p5/p11/p17/p23
18:53:20,35.893302,138.809921,13411,302.9,-2.5,11.1,0,217.4,263.9,-3821,1.05,206,8,1.385,1.382,1.405,1.352,M,R11:p5/p11/p17/p23
18:53:21,35.894055,138.808724,13349,302.9,-1.7,10.6,0,219.7,266.9,-3606,1.07,205,8,1.329,1.367,1.349,1.196,M,R11:p5/p11/p17/p23
18:53:22,35.894811,138.807518,13291,302.9,-1.7,8.6,0,220.2,267.6,-3401,1.08,205,8,1.161,1.193,1.179,1.095,M,R11:p5/p11/p17/p23
18:53:23,35.895571,138.806307,13236,302.9,-1.6,4.8,0,221.7,269.5,-3205,1.08,205,8,1.099,1.108,1.100,1.068,M,R11:p5/p11/p17/p23
18:53:24,35.896338,138.805083,13184,303.0,-0.6,1.8,0,224.0,272.4,-3019,1.08,205,8,1.066,1.083,1.066,1.058,M,R11:p5/p11/p17/p23
18:53:25,35.897132,138.803873,13135,305.7,-0.5,0.5,0,224.0,273.5,-2842,1.04,205,8,1.046,1.070,1.060,1.049,M,R11:p5/p11/p17/p23
18:53:26,35.897963,138.802687,13089,306.4,-0.3,1.0,0,225.4,275.6,-2675,1.06,204,8,1.038,1.059,1.050,1.049,M,R11:p5/p11/p17/p23
18:53:27,35.898799,138.801504,13046,306.4,0.0,4.6,0,224.5,274.5,-2517,1.10,204,8,1.038,1.058,1.050,1.049,M,R11:p5/p11/p17/p23
18:53:28,35.899633,138.800325,13005,306.4,0.0,7.6,0,224.1,274.0,-2369,1.11,204,8,1.038,1.058,1.048,1.048,M,R11:p5/p11/p17/p23
18:53:29,35.900466,138.799146,12967,306.4,0.0,10.2,0,224.1,274.1,-2230,1.10,204,8,1.037,1.058,1.040,1.039,M,R11:p5/p11/p17/p23
18:53:30,35.901299,138.797967,12931,306.4,0.5,11.1,0,224.1,274.1,-2101,1.05,204,8,1.030,1.058,1.040,1.039,M,R11:p5/p11/p17/p23
18:53:31,35.902131,138.796787,12897,306.4,0.9,10.5,0,224.1,274.1,-1981,1.06,204,8,1.030,1.050,1.040,1.039,M,R11:p5/p11/p17/p23
18:53:32,35.902964,138.795607,12865,306.4,0.8,9.6,0,224.1,274.1,-1871,1.03,203,8,1.030,1.049,1.040,1.039,M,R11:p5/p11/p17/p23
18:53:33,35.903797,138.794428,12834,306.5,0.8,5.7,0,224.1,274.2,-1770,1.07,203,8,1.030,1.049,1.040,1.039,M,R11:p5/p11/p17/p23
18:53:34,35.904629,138.793254,12806,306.5,1.4,4.2,0,222.6,272.3,-1678,1.05,203,8,1.030,1.049,1.040,1.039,M,R11:p5/p11/p17/p23
18:53:35,35.905484,138.792106,12778,309.6,1.5,2.4,0,223.3,274.4,-1595,1.06,203,8,1.030,1.049,1.040,1.039,M,R11:p5/p11/p17/p23
18:53:36,35.906378,138.790988,12752,310.3,1.6,1.8,0,224.1,275.6,-1522,1.07,203,8,1.030,1.049,1.040,1.039,M,R11:p5/p11/p17/p23
18:53:37,35.907278,138.789873,12728,310.3,2.1,3.1,0,224.1,275.6,-1459,1.04,203,8,1.030,1.049,1.040,1.039,M,R11:p5/p11/p17/p23
18:53:38,35.908175,138.788761,12704,310.3,2.5,3.8,0,222.9,274.1,-1405,1.04,203,8,1.030,1.049,1.040,1.039,M,R11:p5/p11/p17/p23
18:53:39,35.909068,138.787655,12681,310.3,2.4,6.7,0,222.0,273.0,-1360,1.01,203,8,1.030,1.049,1.040,1.039,M,R11:p5/p11/p17/p23
18:53:40,35.909959,138.786551,12658,310.3,2.4,8.4,0,222.0,273.0,-1322,1.01,203,8,1.030,1.049,1.040,1.039,M,R11:p5/p11/p17/p23
18:53:41,35.910848,138.785448,12637,310.3,2.9,9.5,0,221.0,271.8,-1288,1.02,202,8,1.030,1.049,1.040,1.039,M,R11:p5/p11/p17/p23
18:53:42,35.911734,138.784351,12615,310.3,3.3,9.2,0,220.3,270.9,-1258,1.00,202,8,1.030,1.049,1.040,1.039,M,R11:p5/p11/p17/p23
18:53:43,35.912615,138.783258,12595,310.3,2.6,7.6,0,218.8,269.1,-1233,0.99,202,8,1.030,1.049,1.040,1.039,M,R11:p5/p11/p17/p23
18:53:44,35.913493,138.782173,12574,310.4,2.4,6.1,0,218.0,268.1,-1212,0.99,202,8,1.030,1.049,1.040,1.039,M,R11:p5/p11/p17/p23
18:53:45,35.914368,138.781093,12554,310.4,2.4,4.4,0,216.9,266.8,-1195,0.99,202,8,1.030,1.049,1.040,1.039,M,R11:p5/p11/p17/p23
18:53:46,35.915260,138.780043,12534,313.2,2.5,3.2,0,215.9,266.6,-1183,0.98,202,8,1.030,1.049,1.040,1.039,M,R11:p5/p11/p17/p23
18:53:47,35.916179,138.779026,12515,313.8,2.4,3.5,0,215.9,266.8,-1175,0.98,202,8,1.030,1.049,1.040,1.039,M,R11:p5/p11/p17/p23
18:53:48,35.917102,138.778014,12495,313.8,1.9,4.7,0,215.9,266.8,-1171,0.96,202,8,1.030,1.049,1.040,1.039,M,R11:p5/p11/p17/p23
18:53:49,35.918024,138.777002,12476,313.8,1.5,6.5,0,215.9,266.7,-1172,0.96,202,8,1.030,1.049,1.040,1.039,M,R11:p5/p11/p17/p23
18:53:50,35.918943,138.775992,12456,313.8,1.5,8.3,0,214.7,265.3,-1176,0.94,202,8,1.030,1.049,1.040,1.039,M,R11:p5/p11/p17/p23
18:53:51,35.919858,138.774987,12436,313.8,1.6,9.3,0,213.9,264.3,-1185,0.95,202,8,1.030,1.049,1.040,1.039,M,R11:p5/p11/p17/p23
18:53:52,35.920772,138.773984,12417,313.8,1.6,9.6,0,213.9,264.2,-1199,0.95,202,8,1.030,1.049,1.040,1.039,M,R11:p5/p11/p17/p23
18:53:53,35.921682,138.772984,12396,313.8,1.6,9.4,0,212.5,262.5,-1216,0.94,201,8,1.030,1.050,1.041,1.039,M,R11:p5/p11/p17/p23
18:53:54,35.922589,138.771989,12376,313.8,0.7,7.9,0,212.1,262.0,-1238,0.96,201,8,1.030,1.050,1.041,1.039,M,R11:p5/p11/p17/p23
18:53:55,35.923494,138.770995,12355,313.8,0.6,6.1,0,212.1,261.9,-1264,0.95,201,8,1.033,1.050,1.043,1.050,M,R11:p5/p11/p17/p23
18:53:56,35.924421,138.770026,12334,316.8,0.9,4.8,0,212.1,262.9,-1294,0.95,201,8,1.040,1.050,1.051,1.052,M,R11:p5/p11/p17/p23
18:53:57,35.925375,138.769088,12312,317.2,0.4,4.6,0,213.5,264.7,-1329,0.95,201,8,1.043,1.050,1.051,1.061,M,R11:p5/p11/p17/p23
18:53:58,35.926336,138.768147,12290,317.2,0,4.8,0,214.0,265.2,-1368,0.95,201,8,1.055,1.051,1.053,1.062,M,R11:p5/p11/p17/p23
18:53:59,35.927298,138.767206,12266,317.1,-0.1,6.0,0,214.0,265.1,-1411,0.95,201,8,1.061,1.059,1.064,1.071,M,R11:p5/p11/p17/p23
18:54:00,35.928259,138.766264,12242,317.1,-0.1,6.4,0,214.0,265.1,-1458,0.95,201,8,1.065,1.060,1.070,1.078,M,R11:p5/p11/p17/p23
18:54:01,35.929219,138.765323,12218,317.1,-0.1,8.1,0,214.0,265.0,-1506,0.96,201,8,1.087,1.060,1.078,1.112,M,R11:p5/p11/p17/p23
18:54:02,35.930179,138.764381,12192,317.1,-0.2,8.3,0,214.0,264.9,-1549,0.96,201,8,1.115,1.088,1.108,1.121,M,R11:p5/p11/p17/p23
18:54:03,35.931140,138.763437,12166,317.1,-0.2,8.3,0,215.4,266.5,-1588,0.97,201,8,1.125,1.109,1.126,1.133,M,R11:p5/p11/p17/p23
18:54:04,35.932107,138.762486,12139,317.1,-0.2,7.9,0,216.2,267.4,-1623,0.98,200,8,1.130,1.122,1.131,1.140,M,R11:p5/p11/p17/p23
18:54:05,35.933074,138.761534,12112,317.1,-0.2,5.9,0,216.2,267.3,-1654,0.99,200,8,1.130,1.122,1.131,1.140,M,R11:p5/p11/p17/p23
18:54:06,35.934043,138.760579,12084,317.1,-0.2,4.9,0,217.4,268.6,-1681,0.99,200,8,1.130,1.122,1.131,1.142,M,R11:p5/p11/p17/p23
18:54:07,35.935032,138.759643,12056,319.7,-0.1,4.6,0,218.0,270.1,-1703,1.00,200,8,1.130,1.124,1.134,1.152,M,R11:p5/p11/p17/p23
18:54:08,35.936054,138.758744,12028,320.8,-0.1,3.3,0,219.5,272.2,-1722,1.00,200,8,1.130,1.132,1.140,1.176,M,R11:p5/p11/p17/p23
18:54:09,35.937086,138.757849,11999,320.8,0.3,4.5,0,220.2,272.9,-1736,1.00,200,8,1.126,1.132,1.140,1.206,M,R11:p5/p11/p17/p23
18:54:10,35.938120,138.756952,11970,320.8,0.9,4.7,0,220.2,272.8,-1746,1.02,200,8,1.116,1.132,1.140,1.235,M,R11:p5/p11/p17/p23
18:54:11,35.939139,138.756035,11941,318.6,0.9,4.6,0,220.2,272.1,-1752,1.03,200,8,1.106,1.132,1.140,1.241,M,R11:p5/p11/p17/p23
18:54:12,35.940127,138.755075,11911,317.0,0.9,3.6,0,220.2,271.5,-1754,1.03,199,8,1.095,1.122,1.147,1.244,M,R11:p5/p11/p17/p23
18:54:13,35.941104,138.754102,11882,317.0,0.9,-0.4,0,220.2,271.4,-1752,1.02,199,8,1.091,1.110,1.194,1.249,M,R11:p5/p11/p17/p23
18:54:14,35.942072,138.753116,11853,315.5,0.7,-5.9,0,220.2,270.8,-1746,1.04,199,8,1.091,1.110,1.204,1.212,M,R11:p5/p11/p17/p23
18:54:15,35.943012,138.752096,11824,313.8,0.5,-11.9,0,220.2,270.2,-1739,1.05,199,8,1.091,1.110,1.180,1.176,M,R11:p5/p11/p17/p23
18:54:16,35.943941,138.751058,11795,313.7,0.7,-16.4,0,221.4,271.6,-1725,1.05,199,8,1.091,1.110,1.165,1.160,M,R11:p5/p11/p17/p23
18:54:17,35.944874,138.750014,11766,313.7,0.6,-19.8,0,222.2,272.5,-1706,1.02,199,8,1.091,1.110,1.156,1.160,M,R11:p5/p11/p17/p23
18:54:18,35.945807,138.748968,11738,313.7,0.9,-20.5,0,222.2,272.4,-1684,0.99,199,7,1.091,1.110,1.151,1.160,M,R11:p5/p11/p17/p23
18:54:19,35.946740,138.747922,11710,313.7,1.6,-18.9,0,222.2,272.4,-1657,1.02,198,7,1.091,1.110,1.151,1.161,M,R11:p5/p11/p17/p23
18:54:20,35.947649,138.746850,11683,310.7,1.2,-16.1,0,222.2,271.4,-1626,1.03,198,7,1.091,1.110,1.158,1.187,M,R11:p5/p11/p17/p23
18:54:21,35.948529,138.745745,11656,310.2,0.7,-13.2,0,222.2,271.2,-1591,1.05,198,7,1.094,1.110,1.195,1.226,M,R11:p5/p11/p17/p23
18:54:22,35.949387,138.744618,11630,307.8,0.4,-13.1,0,222.2,270.4,-1550,1.05,198,7,1.101,1.110,1.219,1.240,M,R11:p5/p11/p17/p23
18:54:23,35.950186,138.743436,11604,303.6,-0.1,-15.2,0,222.2,269.0,-1500,1.05,198,7,1.101,1.110,1.217,1.208,M,R11:p5/p11/p17/p23
18:54:24,35.950913,138.742194,11580,300.3,-0.2,-20.9,0,222.2,267.9,-1441,1.06,198,7,1.101,1.110,1.187,1.191,M,R11:p5/p11/p17/p23
18:54:25,35.951607,138.740928,11556,299.8,-0.2,-27.9,0,222.2,267.8,-1372,1.08,198,7,1.101,1.110,1.174,1.162,M,R11:p5/p11/p17/p23
18:54:26,35.952297,138.739659,11534,299.8,-0.1,-31.3,0,222.2,267.8,-1295,1.07,198,7,1.101,1.110,1.146,1.113,M,R11:p5/p11/p17/p23
18:54:27,35.952957,138.738370,11513,296.5,1.4,-31.6,0,222.2,266.7,-1210,1.02,198,7,1.098,1.110,1.119,1.078,M,R11:p5/p11/p17/p23
18:54:28,35.953577,138.737054,11494,295.9,1.7,-27.2,0,222.2,266.6,-1115,1.06,198,7,1.092,1.101,1.082,1.071,M,R11:p5/p11/p17/p23
18:54:29,35.954194,138.735731,11476,295.9,1.5,-21.3,0,223.8,268.5,-1011,1.08,197,7,1.092,1.101,1.081,1.071,M,R11:p5/p11/p17/p23
18:54:30,35.954811,138.734405,11460,295.9,2.0,-13.5,0,222.6,267.1,-899,1.11,197,7,1.092,1.101,1.071,1.071,M,R11:p5/p11/p17/p23
18:54:31,35.955399,138.733069,11446,293.0,2.3,-6.2,0,222.1,265.6,-777,1.13,197,7,1.092,1.101,1.071,1.071,M,R11:p5/p11/p17/p23
18:54:32,35.955952,138.731723,11434,292.8,2.8,-1.9,0,220.3,263.5,-647,1.10,197,7,1.092,1.101,1.071,1.071,M,R11:p5/p11/p17/p23
18:54:33,35.956472,138.730366,11425,289.7,3.6,-0.8,0,220.3,262.6,-508,1.10,197,7,1.092,1.101,1.074,1.072,M,R11:p5/p11/p17/p23
18:54:34,35.956947,138.728995,11418,288.8,3.9,-2.0,0,218.4,260.1,-360,1.12,197,7,1.092,1.101,1.081,1.081,M,R11:p5/p11/p17/p23
18:54:35,35.957412,138.727627,11413,288.8,4.5,-3.8,0,218.1,259.8,-203,1.12,197,7,1.092,1.101,1.083,1.104,M,R11:p5/p11/p17/p23
18:54:36,35.957877,138.726260,11411,288.8,5.1,-4.9,0,218.1,259.8,-37,1.11,197,7,1.092,1.101,1.094,1.112,M,R11:p5/p11/p17/p23
18:54:37,35.958341,138.724898,11412,288.8,6.0,-2.4,0,216.4,257.9,137,1.10,197,7,1.092,1.101,1.104,1.120,M,R11:p5/p11/p17/p23
18:54:38,35.958802,138.723542,11415,288.8,6.8,-0.1,0,216.1,257.6,321,1.13,197,7,1.097,1.101,1.112,1.120,M,R11:p5/p11/p17/p23
18:54:39,35.959262,138.722191,11422,288.8,7.7,1.3,0,214.5,255.7,514,1.12,197,7,1.102,1.101,1.112,1.120,M,R11:p5/p11/p17/p23
18:54:40,35.959719,138.720853,11433,288.8,8.3,4.8,0,212.2,253.0,715,1.12,197,7,1.102,1.102,1.114,1.121,M,R11:p5/p11/p17/p23
18:54:41,35.960172,138.719528,11446,288.9,8.7,7.9,0,210.6,251.2,926,1.12,197,7,1.102,1.111,1.121,1.130,M,R11:p5/p11/p17/p23
18:54:42,35.960623,138.718214,11464,288.9,9.0,8.3,0,208.5,248.7,1145,1.10,197,7,1.102,1.111,1.121,1.131,M,R11:p5/p11/p17/p23
18:54:43,35.961071,138.716914,11484,288.9,9.4,7.6,0,206.5,246.3,1356,1.10,197,7,1.102,1.111,1.121,1.130,M,R11:p5/p11/p17/p23
18:54:44,35.961514,138.715627,11509,288.9,9.8,6.3,0,204.5,244.0,1541,1.09,198,7,1.102,1.111,1.118,1.119,M,R11:p5/p11/p17/p23
18:54:45,35.961955,138.714347,11536,288.9,10.3,3.3,0,204.1,243.5,1699,1.10,198,7,1.102,1.111,1.108,1.108,M,R11:p5/p11/p17/p23
18:54:46,35.962421,138.713084,11565,291.9,10.7,2.8,0,202.7,242.8,1832,1.06,198,7,1.083,1.111,1.093,1.088,M,R11:p5/p11/p17/p23
18:54:47,35.962919,138.711852,11597,292.5,11.1,4.4,0,199.4,239.1,1938,1.06,198,7,1.082,1.089,1.081,1.081,M,R11:p5/p11/p17/p23
18:54:48,35.963413,138.710642,11630,292.5,11.1,8.5,0,196.8,236.1,2018,1.05,198,7,1.082,1.081,1.081,1.081,M,R11:p5/p11/p17/p23
18:54:49,35.963934,138.709461,11664,296.1,11.0,12.6,0,195.1,235.2,2072,1.04,198,7,1.082,1.081,1.081,1.081,M,R11:p5/p11/p17/p23
18:54:50,35.964483,138.708315,11699,296.3,11.4,15.5,0,191.0,230.5,2100,1.02,198,7,1.082,1.081,1.081,1.081,M,R11:p5/p11/p17/p23
18:54:51,35.965021,138.707198,11734,296.3,11.5,18.1,0,186.6,225.4,2102,0.99,199,7,1.082,1.081,1.081,1.081,M,R11:p5/p11/p17/p23
18:54:52,35.965552,138.706098,11768,296.3,11.0,19.2,0,184.8,223.4,2077,0.96,199,7,1.082,1.081,1.081,1.081,M,R11:p5/p11/p17/p23
18:54:53,35.966079,138.705009,11803,296.3,10.7,18.8,0,182.8,221.1,2026,0.95,199,7,1.085,1.081,1.083,1.084,M,R11:p5/p11/p17/p23
18:54:54,35.966601,138.703930,11836,296.3,9.8,17.3,0,181.1,219.3,1948,0.92,199,7,1.127,1.094,1.111,1.166,M,R11:p5/p11/p17/p23
18:54:55,35.967142,138.702877,11867,299.8,9.0,15.5,0,179.0,218.0,1841,0.91,199,7,1.195,1.158,1.173,1.213,M,R11:p5/p11/p17/p23
18:54:56,35.967744,138.701874,11897,303.6,8.7,14.5,0,178.8,219.1,1712,0.91,199,7,1.243,1.179,1.212,1.253,M,R11:p5/p11/p17/p23
18:54:57,35.968370,138.700890,11924,303.6,8.2,16.1,0,178.7,219.2,1556,0.92,199,7,1.286,1.239,1.247,1.284,M,R11:p5/p11/p17/p23
18:54:58,35.969014,138.699929,11949,306.6,7.9,19.0,0,176.7,217.9,1373,0.94,200,7,1.315,1.271,1.273,1.292,M,R11:p5/p11/p17/p23
18:54:59,35.969681,138.698986,11970,306.7,7.4,22.2,0,178.7,220.5,1165,0.95,200,7,1.323,1.292,1.289,1.294,M,R11:p5/p11/p17/p23
18:55:00,35.970374,138.698065,11988,310.4,7.1,25.9,0,177.1,219.8,930,0.95,200,7,1.328,1.300,1.291,1.303,M,R11:p5/p11/p17/p23
18:55:01,35.971097,138.697180,12001,311.1,6.6,29.2,0,177.1,220.1,668,0.95,200,7,1.333,1.300,1.299,1.303,M,R11:p5/p11/p17/p23
18:55:02,35.971823,138.696298,12010,311.1,6.3,30.9,0,177.1,220.3,381,0.95,200,7,1.333,1.300,1.299,1.303,M,R11:p5/p11/p17/p23
18:55:03,35.972565,138.695433,12014,313.7,6.0,30.9,0,177.0,220.9,83,0.94,200,7,1.333,1.300,1.299,1.303,M,R11:p5/p11/p17/p23
18:55:04,35.973327,138.694591,12012,314.2,4.4,29.9,0,177.0,221.0,-211,0.92,200,7,1.333,1.310,1.299,1.303,M,R11:p5/p11/p17/p23
18:55:05,35.974109,138.693773,12007,317.2,3.4,28.2,0,177.2,222.0,-499,0.92,200,7,1.333,1.310,1.299,1.303,M,R11:p5/p11/p17/p23
18:55:06,35.974934,138.693002,11996,320.5,2.2,27.5,0,179.4,225.4,-782,0.93,200,7,1.333,1.310,1.299,1.303,M,R11:p5/p11/p17/p23
18:55:07,35.975804,138.692277,11980,323.8,0.5,28.2,0,181.2,228.2,-1060,0.94,200,7,1.319,1.310,1.297,1.284,M,R11:p5/p11/p17/p23
18:55:08,35.976726,138.691618,11961,328.2,0,30.2,0,183.5,231.8,-1333,0.95,200,7,1.290,1.288,1.276,1.272,M,R11:p5/p11/p17/p23
18:55:09,35.977676,138.690990,11936,328.4,-0.7,35.3,0,184.8,233.2,-1601,0.96,200,7,1.275,1.280,1.268,1.262,M,R11:p5/p11/p17/p23
18:55:10,35.978640,138.690387,11907,331.4,-0.9,39.1,0,185.1,233.9,-1864,0.99,199,7,1.273,1.271,1.258,1.262,M,R11:p5/p11/p17/p23
18:55:11,35.979639,138.689849,11874,334.8,-1.4,42.3,0,187.3,237.0,-2121,1.00,199,7,1.267,1.269,1.250,1.251,M,R11:p5/p11/p17/p23
18:55:12,35.980664,138.689349,11836,335.9,-2.4,43.8,0,189.0,238.9,-2378,1.00,199,7,1.239,1.262,1.248,1.243,M,R11:p5/p11/p17/p23
18:55:13,35.981712,138.688885,11795,338.6,-3.0,42.9,0,191.4,241.9,-2626,0.99,199,7,1.211,1.230,1.240,1.242,M,R11:p5/p11/p17/p23
18:55:14,35.982781,138.688450,11749,339.3,-3.7,41.2,0,193.1,243.6,-2869,0.99,199,7,1.197,1.212,1.237,1.231,M,R11:p5/p11/p17/p23
18:55:15,35.983865,138.688045,11699,341.9,-5.1,39.1,0,194.9,245.8,-3106,0.99,198,7,1.188,1.202,1.229,1.231,M,R11:p5/p11/p17/p23
18:55:16,35.984978,138.687710,11645,345.8,-6.2,36.1,0,197.3,248.8,-3338,1.00,198,7,1.181,1.192,1.229,1.231,M,R11:p5/p11/p17/p23
18:55:17,35.986123,138.687455,11588,349.2,-7.0,35.4,0,200.7,252.9,-3565,1.02,198,7,1.168,1.183,1.221,1.223,M,R11:p5/p11/p17/p23
18:55:18,35.987289,138.687280,11527,353.0,-7.2,35.4,0,201.6,253.9,-3786,1.06,198,7,1.185,1.183,1.219,1.223,M,R11:p5/p11/p17/p23
18:55:19,35.988472,138.687203,11462,357.4,-7.3,37.6,0,204.7,257.6,-4002,1.11,197,7,1.203,1.183,1.219,1.223,M,R11:p5/p11/p17/p23
18:55:20,35.989671,138.687221,11393,0.7,-7.4,39.7,0,206.5,259.4,-4213,1.16,197,7,1.197,1.192,1.219,1.223,M,R11:p5/p11/p17/p23
18:55:21,35.990877,138.687285,11321,1.5,-6.9,42.5,0,208.6,261.4,-4418,1.17,197,7,1.179,1.182,1.209,1.213,M,R11:p5/p11/p17/p23
18:55:22,35.992090,138.687391,11246,4.5,-6.1,43.2,0,210.5,263.3,-4619,1.18,196,7,1.169,1.182,1.208,1.213,M,R11:p5/p11/p17/p23
18:55:23,35.993305,138.687580,11167,7.9,-5.7,41.5,0,212.5,265.2,-4813,1.20,196,7,1.164,1.172,1.200,1.202,M,R11:p5/p11/p17/p23
18:55:24,35.994519,138.687860,11086,11.3,-6.3,39.2,0,214.6,267.3,-4957,1.25,196,7,1.164,1.172,1.199,1.202,M,R11:p5/p11/p17/p23
18:55:25,35.995735,138.688177,11003,11.3,-6.1,34.6,0,216.2,268.7,-5005,1.27,195,7,1.162,1.171,1.199,1.202,M,R11:p5/p11/p17/p23
18:55:26,35.996942,138.688584,10920,19.2,-5.8,31.6,0,218.6,271.5,-4957,1.29,195,7,1.152,1.163,1.199,1.202,M,R11:p5/p11/p17/p23
18:55:27,35.998122,138.689143,10838,22.5,-5.3,30.9,0,220.3,273.4,-4813,1.32,194,7,1.157,1.163,1.191,1.202,M,R11:p5/p11/p17/p23
18:55:28,35.999281,138.689778,10760,25.4,-4.6,31.2,0,220.3,273.4,-4574,1.35,194,7,1.161,1.163,1.191,1.193,M,R11:p5/p11/p17/p23
18:55:29,36.000427,138.690449,10686,25.9,-2.9,32.8,0,220.4,273.7,-4240,1.36,194,7,1.152,1.163,1.191,1.192,M,R11:p5/p11/p17/p23
18:55:30,36.001564,138.691163,10619,29.2,-1.2,34.6,0,222.5,276.4,-3810,1.40,193,7,1.152,1.163,1.191,1.192,M,R11:p5/p11/p17/p23
18:55:30.25,36.001844,138.691355,10603,30.2,-1.0,34.9,0,222.5,276.5,-3688,1.40,193,7,1.152,1.163,1.191,1.190,M,R11:p5/p11/p17/p23
18:55:30.50,36.002121,138.691553,10588,31.2,-0.8,35.2,0,222.5,276.5,-3560,1.41,193,7,1.152,1.163,1.191,1.188,M,R11:p5/p11/p17/p23
18:55:30.75,36.002396,138.691757,10573,32.1,-0.7,35.4,0,222.5,276.6,-3426,1.42,193,7,1.152,1.163,1.190,1.186,M,R11:p5/p11/p17/p23
18:55:31,36.002669,138.691965,10559,32.6,-0.5,35.4,0,222.5,276.7,-3286,1.42,193,7,1.152,1.163,1.190,1.184,M,R11:p5/p11/p17/p23
18:55:31.25,36.002941,138.692175,10546,32.9,-0.3,35.2,0,222.5,276.8,-3140,1.42,193,7,1.152,1.163,1.188,1.181,M,R11:p5/p11/p17/p23
18:55:31.50,36.003213,138.692385,10533,33.0,-0.1,34.9,0,222.5,276.9,-2988,1.42,193,7,1.152,1.163,1.185,1.179,M,R11:p5/p11/p17/p23
18:55:31.75,36.003484,138.692597,10521,33.1,0.0,34.5,0,222.5,277.0,-2830,1.43,193,7,1.152,1.163,1.183,1.176,M,R11:p5/p11/p17/p23
18:55:32,36.003755,138.692810,10510,33.3,0.2,34.0,0,222.5,277.0,-2697,1.43,193,7,1.152,1.163,1.181,1.173,M,R11:p5/p11/p17/p23
18:55:32.25,36.004025,138.693024,10499,33.7,0.3,33.5,0,222.5,277.0,-2565,1.42,193,7,1.152,1.161,1.179,1.173,M,R11:p5/p11/p17/p23
18:55:32.50,36.004294,138.693241,10488,34.4,0.4,32.9,0,222.4,277.0,-2392,1.42,192,7,1.152,1.159,1.176,1.172,M,R11:p5/p11/p17/p23
18:55:32.75,36.004560,138.693462,10479,35.1,0.5,32.3,0,222.3,276.9,-2205,1.41,192,7,1.152,1.157,1.174,1.172,M,R11:p5/p11/p17/p23
18:55:33,36.004824,138.693687,10470,35.9,0.7,31.7,0,222.1,276.7,-2012,1.40,192,7,1.152,1.155,1.172,1.172,M,R11:p5/p11/p17/p23
18:55:33.25,36.005086,138.693916,10462,36.8,1.0,31.2,0,221.7,276.3,-1819,1.41,192,7,1.152,1.157,1.172,1.172,M,R11:p5/p11/p17/p23
18:55:33.50,36.005344,138.694150,10455,37.7,1.4,30.8,0,221.1,275.6,-1629,1.42,192,7,1.152,1.159,1.171,1.172,M,R11:p5/p11/p17/p23
18:55:33.75,36.005598,138.694388,10448,38.8,1.9,30.4,0,220.6,274.9,-1442,1.42,192,7,1.152,1.161,1.171,1.172,M,R11:p5/p11/p17/p23
18:55:34,36.005848,138.694630,10443,39.7,2.2,30.0,0,220.3,274.6,-1260,1.43,192,7,1.152,1.163,1.171,1.172,M,R11:p5/p11/p17/p23
18:55:34.25,36.006096,138.694877,10438,40.6,2.4,29.7,0,220.3,274.5,-1082,1.44,191,7,1.152,1.161,1.171,1.172,M,R11:p5/p11/p17/p23
18:55:34.50,36.006340,138.695129,10434,41.6,2.5,29.4,0,220.3,274.5,-909,1.44,191,7,1.152,1.159,1.171,1.172,M,R11:p5/p11/p17/p23
18:55:34.75,36.006581,138.695385,10430,42.5,2.6,29.2,0,220.3,274.4,-739,1.44,191,7,1.152,1.156,1.171,1.172,M,R11:p5/p11/p17/p23
18:55:35,36.006819,138.695646,10428,43.4,2.8,29.1,0,220.3,274.3,-573,1.45,191,7,1.152,1.154,1.171,1.172,M,R11:p5/p11/p17/p23
18:55:35.25,36.007053,138.695911,10426,44.5,3.1,29.2,0,220.3,274.2,-411,1.45,191,7,1.152,1.156,1.171,1.172,M,R11:p5/p11/p17/p23
18:55:35.50,36.007283,138.696181,10424,45.6,3.4,29.5,0,220.3,274.1,-254,1.45,191,7,1.152,1.159,1.171,1.172,M,R11:p5/p11/p17/p23
18:55:35.75,36.007509,138.696457,10423,46.7,3.8,29.8,0,220.3,274.0,-100,1.45,191,7,1.152,1.161,1.171,1.172,M,R11:p5/p11/p17/p23
18:55:36,36.007731,138.696737,10423,47.7,4.2,30.1,0,220.3,273.8,49,1.45,191,7,1.152,1.164,1.171,1.172,M,R11:p5/p11/p17/p23
18:55:36.25,36.007949,138.697021,10424,48.7,4.6,30.4,0,220.3,273.7,194,1.45,191,7,1.152,1.164,1.171,1.172,M,R11:p5/p11/p17/p23
18:55:36.50,36.008163,138.697310,10425,49.6,5.0,30.6,0,220.2,273.5,336,1.46,191,7,1.152,1.164,1.171,1.172,M,R11:p5/p11/p17/p23
18:55:36.75,36.008374,138.697602,10427,50.5,5.5,31.0,0,220.1,273.2,473,1.46,191,7,1.152,1.164,1.171,1.172,M,R11:p5/p11/p17/p23
18:55:37,36.008581,138.697897,10429,51.3,5.9,31.4,0,220.0,272.9,606,1.46,191,7,1.152,1.164,1.171,1.172,M,R11:p5/p11/p17/p23
18:55:37.25,36.008784,138.698196,10432,52.2,6.3,32.0,0,219.7,272.5,735,1.46,191,7,1.152,1.164,1.171,1.172,M,R11:p5/p11/p17/p23
18:55:37.50,36.008983,138.698498,10435,53.2,6.6,32.8,0,219.2,271.7,861,1.46,191,7,1.152,1.164,1.171,1.172,M,R11:p5/p11/p17/p23
18:55:37.75,36.009178,138.698802,10439,54.0,7.0,33.6,0,218.6,270.9,982,1.46,191,7,1.153,1.164,1.171,1.172,M,R11:p5/p11/p17/p23
18:55:38,36.009369,138.699108,10443,54.4,7.4,34.3,0,218.0,270.0,1099,1.46,192,7,1.153,1.164,1.171,1.172,M,R11:p5/p11/p17/p23
18:55:38.25,36.009559,138.699414,10448,54.6,7.9,34.8,0,217.3,269.2,1212,1.46,192,7,1.154,1.164,1.171,1.172,M,R11:p5/p11/p17/p23
18:55:38.50,36.009747,138.699720,10453,54.7,8.3,35.2,0,216.6,268.3,1320,1.45,192,7,1.155,1.164,1.171,1.172,M,R11:p5/p11/p17/p23
18:55:38.75,36.009935,138.700025,10459,54.8,8.8,35.5,0,215.8,267.3,1425,1.44,192,7,1.156,1.164,1.171,1.172,M,R11:p5/p11/p17/p23
18:55:39,36.010121,138.700330,10465,55.0,9.2,35.6,0,215.0,266.3,1526,1.44,192,7,1.157,1.164,1.171,1.172,M,R11:p5/p11/p17/p23
18:55:39.25,36.010305,138.700634,10472,55.5,9.5,35.5,0,214.1,265.2,1623,1.44,192,7,1.159,1.164,1.171,1.168,M,R11:p5/p11/p17/p23
18:55:39.50,36.010486,138.700940,10479,56.3,9.7,35.2,0,213.2,263.9,1716,1.43,192,7,1.161,1.164,1.171,1.164,M,R11:p5/p11/p17/p23
18:55:39.75,36.010662,138.701247,10486,57.3,9.9,34.8,0,212.3,262.6,1804,1.42,192,7,1.163,1.164,1.171,1.160,M,R11:p5/p11/p17/p23
18:55:40,36.010834,138.701556,10494,58.2,10.0,34.4,0,211.5,261.6,1889,1.42,192,7,1.165,1.164,1.171,1.156,M,R11:p5/p11/p17/p23
18:55:40.25,36.011000,138.701868,10502,59.3,10.1,34.0,0,210.9,260.7,1960,1.41,193,7,1.169,1.164,1.169,1.148,M,R11:p5/p11/p17/p23
18:55:40.50,36.011162,138.702182,10510,60.5,10.1,33.6,0,210.5,260.0,2006,1.40,193,7,1.172,1.164,1.167,1.140,M,R11:p5/p11/p17/p23
18:55:40.75,36.011317,138.702500,10519,61.7,10.2,33.2,0,210.0,259.2,2056,1.39,193,7,1.176,1.164,1.164,1.132,M,R11:p5/p11/p17/p23
18:55:41,36.011468,138.702820,10527,62.7,10.2,32.9,0,209.4,258.3,2122,1.38,193,7,1.180,1.164,1.162,1.124,M,R11:p5/p11/p17/p23
18:55:41.25,36.011613,138.703141,10536,63.5,10.2,32.7,0,208.5,257.1,2185,1.37,193,7,1.181,1.164,1.154,1.121,M,R11:p5/p11/p17/p23
18:55:41.50,36.011755,138.703463,10545,64.3,10.3,32.5,0,207.4,255.6,2243,1.36,193,7,1.182,1.164,1.145,1.118,M,R11:p5/p11/p17/p23
18:55:41.75,36.011893,138.703785,10555,65.0,10.3,32.3,0,206.3,254.1,2298,1.35,193,7,1.183,1.164,1.137,1.115,M,R11:p5/p11/p17/p23
18:55:42,36.012027,138.704107,10565,65.7,10.3,32.2,0,205.5,253.1,2349,1.34,193,7,1.184,1.164,1.129,1.112,M,R11:p5/p11/p17/p23
18:55:42.25,36.012157,138.704431,10574,66.6,10.3,32.1,0,205.1,252.4,2395,1.33,193,7,1.183,1.164,1.125,1.110,M,R11:p5/p11/p17/p23
18:55:42.50,36.012283,138.704756,10585,67.6,10.3,32.0,0,204.8,251.9,2438,1.33,193,7,1.182,1.164,1.121,1.108,M,R11:p5/p11/p17/p23
18:55:42.75,36.012404,138.705083,10595,68.6,10.3,32.0,0,204.5,251.4,2477,1.32,193,7,1.181,1.164,1.116,1.106,M,R11:p5/p11/p17/p23
18:55:43,36.012521,138.705412,10605,69.5,10.3,32.2,0,204.1,250.7,2512,1.31,193,7,1.180,1.164,1.112,1.104,M,R11:p5/p11/p17/p23
18:55:43.25,36.012633,138.705741,10616,70.4,10.3,32.7,0,203.2,249.4,2542,1.30,193,7,1.182,1.164,1.112,1.103,M,R11:p5/p11/p17/p23
18:55:43.50,36.012740,138.706071,10626,71.3,10.3,33.5,0,201.8,247.6,2565,1.29,193,7,1.184,1.164,1.112,1.103,M,R11:p5/p11/p17/p23
18:55:43.75,36.012842,138.706400,10637,72.3,10.3,34.3,0,200.3,245.7,2583,1.28,193,7,1.187,1.164,1.112,1.102,M,R11:p5/p11/p17/p23
18:55:44,36.012940,138.706728,10648,73.4,10.2,35.2,0,199.3,244.3,2595,1.27,193,7,1.189,1.164,1.112,1.101,M,R11:p5/p11/p17/p23
18:55:44.25,36.013030,138.707058,10659,75.1,10.1,36.0,0,198.7,243.2,2600,1.27,193,7,1.191,1.166,1.112,1.101,M,R11:p5/p11/p17/p23
18:55:44.50,36.013112,138.707390,10670,77.1,9.9,36.8,0,198.2,242.3,2599,1.27,194,7,1.192,1.168,1.112,1.101,M,R11:p5/p11/p17/p23
18:55:44.75,36.013184,138.707724,10680,79.2,9.8,37.8,0,197.8,241.4,2592,1.27,194,7,1.194,1.171,1.112,1.101,M,R11:p5/p11/p17/p23
18:55:45,36.013248,138.708059,10691,80.6,9.6,38.9,0,197.4,240.6,2579,1.27,194,7,1.195,1.173,1.112,1.101,M,R11:p5/p11/p17/p23
18:55:45.25,36.013306,138.708394,10702,81.5,9.4,40.3,0,196.9,239.9,2560,1.27,194,7,1.195,1.173,1.112,1.103,M,R11:p5/p11/p17/p23
18:55:45.50,36.013361,138.708730,10713,82.2,9.2,42.0,0,196.4,239.2,2535,1.28,194,7,1.195,1.173,1.113,1.106,M,R11:p5/p11/p17/p23
18:55:45.75,36.013413,138.709065,10723,82.8,9.0,43.7,0,196.0,238.6,2503,1.29,194,7,1.195,1.173,1.113,1.109,M,R11:p5/p11/p17/p23
18:55:46,36.013461,138.709400,10733,83.5,8.9,45.4,0,195.5,238.0,2466,1.29,194,7,1.195,1.173,1.113,1.111,M,R11:p5/p11/p17/p23
18:55:46.25,36.013506,138.709735,10744,84.4,8.8,47.0,0,195.1,237.4,2422,1.27,194,7,1.195,1.173,1.115,1.113,M,R11:p5/p11/p17/p23
18:55:46.50,36.013546,138.710070,10754,85.3,8.7,48.7,0,194.7,236.8,2372,1.25,194,7,1.195,1.173,1.118,1.115,M,R11:p5/p11/p17/p23
18:55:46.75,36.013582,138.710405,10763,86.3,8.6,50.3,0,194.3,236.2,2316,1.22,194,7,1.195,1.173,1.121,1.118,M,R11:p5/p11/p17/p23
18:55:47,36.013613,138.710739,10773,87.2,8.6,51.7,0,193.8,235.4,2254,1.20,194,7,1.195,1.173,1.123,1.120,M,R11:p5/p11/p17/p23
18:55:47.25,36.013641,138.711073,10782,88.1,8.6,52.9,0,193.0,234.3,2185,1.18,194,7,1.195,1.173,1.125,1.127,M,R11:p5/p11/p17/p23
18:55:47.50,36.013664,138.711406,10791,89.0,8.7,54.0,0,191.8,232.9,2111,1.16,194,7,1.195,1.173,1.128,1.134,M,R11:p5/p11/p17/p23
18:55:47.75,36.013683,138.711736,10800,89.8,8.7,54.9,0,190.7,231.4,2030,1.14,194,7,1.195,1.173,1.131,1.140,M,R11:p5/p11/p17/p23
18:55:48,36.013698,138.712065,10808,90.6,8.7,55.6,0,189.8,230.3,1943,1.12,194,7,1.195,1.173,1.133,1.147,M,R11:p5/p11/p17/p23
18:55:48.25,36.013710,138.712393,10816,91.5,8.5,56.1,0,189.2,229.4,1850,1.11,194,7,1.196,1.178,1.138,1.153,M,R11:p5/p11/p17/p23
18:55:48.50,36.013717,138.712720,10823,92.5,8.3,56.5,0,188.7,228.7,1751,1.10,194,7,1.198,1.183,1.143,1.159,M,R11:p5/p11/p17/p23
18:55:48.75,36.013720,138.713046,10830,93.3,8.0,56.7,0,188.3,228.1,1645,1.08,194,7,1.199,1.189,1.148,1.166,M,R11:p5/p11/p17/p23
18:55:49,36.013720,138.713371,10837,93.8,7.7,56.9,0,187.8,227.5,1534,1.07,194,7,1.200,1.194,1.153,1.172,M,R11:p5/p11/p17/p23
18:55:49.25,36.013719,138.713696,10843,94.0,7.4,57.1,0,187.3,226.9,1418,1.06,194,7,1.197,1.195,1.155,1.167,M,R11:p5/p11/p17/p23
18:55:49.50,36.013717,138.714019,10849,94.1,7.0,57.3,0,186.7,226.3,1297,1.06,194,7,1.194,1.196,1.156,1.161,M,R11:p5/p11/p17/p23
18:55:49.75,36.013715,138.714342,10854,94.2,6.6,57.4,0,186.1,225.7,1172,1.05,194,7,1.191,1.198,1.158,1.156,M,R11:p5/p11/p17/p23
18:55:50,36.013712,138.714664,10859,94.4,6.2,57.3,0,185.7,225.2,1044,1.04,194,7,1.188,1.199,1.160,1.151,M,R11:p5/p11/p17/p23
18:55:50.25,36.013707,138.714985,10863,95.0,5.7,56.9,0,185.3,224.7,911,1.04,194,7,1.184,1.194,1.155,1.147,M,R11:p5/p11/p17/p23
18:55:50.50,36.013699,138.715305,10866,96.1,5.3,56.2,0,185.0,224.1,774,1.03,194,7,1.181,1.189,1.149,1.143,M,R11:p5/p11/p17/p23
18:55:50.75,36.013685,138.715624,10869,97.4,4.7,55.5,0,184.7,223.5,634,1.02,194,7,1.177,1.184,1.144,1.138,M,R11:p5/p11/p17/p23
18:55:51,36.013665,138.715942,10872,98.8,4.1,54.8,0,184.6,223.0,489,1.02,194,7,1.174,1.179,1.139,1.134,M,R11:p5/p11/p17/p23
18:55:51.25,36.013639,138.716258,10873,100.4,3.3,54.1,0,184.6,222.6,340,1.00,194,7,1.178,1.177,1.137,1.128,M,R11:p5/p11/p17/p23
18:55:51.50,36.013606,138.716573,10874,102.2,2.5,53.4,0,184.6,222.2,188,0.99,195,7,1.183,1.176,1.134,1.123,M,R11:p5/p11/p17/p23
18:55:51.75,36.013564,138.716886,10875,104.1,1.6,52.8,0,184.6,221.7,31,0.97,195,7,1.187,1.175,1.131,1.118,M,R11:p5/p11/p17/p23
18:55:52,36.013515,138.717196,10875,105.5,0.8,52.2,0,184.6,221.3,-129,0.96,195,7,1.191,1.173,1.129,1.112,M,R11:p5/p11/p17/p23
18:55:52.25,36.013461,138.717505,10874,106.6,0.2,51.7,0,184.6,221.0,-294,0.96,194,7,1.196,1.173,1.127,1.110,M,R11:p5/p11/p17/p23
18:55:52.50,36.013402,138.717812,10872,107.6,-0.3,51.2,0,184.6,220.7,-463,0.96,194,7,1.200,1.173,1.125,1.107,M,R11:p5/p11/p17/p23
18:55:52.75,36.013340,138.718117,10870,108.4,-0.9,50.8,0,184.6,220.5,-635,0.97,194,7,1.205,1.173,1.123,1.105,M,R11:p5/p11/p17/p23
18:55:53,36.013274,138.718421,10867,109.2,-1.5,50.5,0,184.6,220.2,-812,0.97,194,7,1.210,1.173,1.121,1.103,M,R11:p5/p11/p17/p23
18:55:53.25,36.013204,138.718723,10863,110.0,-2.3,50.3,0,184.7,220.0,-992,0.97,194,7,1.213,1.176,1.121,1.103,M,R11:p5/p11/p17/p23
18:55:53.50,36.013132,138.719024,10859,110.7,-3.1,50.2,0,184.8,219.9,-1177,0.97,194,7,1.216,1.179,1.121,1.102,M,R11:p5/p11/p17/p23
18:55:53.75,36.013056,138.719324,10853,111.5,-4.0,50.3,0,185.1,219.9,-1365,0.97,194,7,1.219,1.181,1.121,1.101,M,R11:p5/p11/p17/p23
18:55:54,36.012977,138.719622,10847,112.3,-4.9,50.5,0,185.4,219.8,-1558,0.97,194,7,1.222,1.184,1.121,1.101,M,R11:p5/p11/p17/p23
18:55:54.25,36.012894,138.719919,10840,113.3,-5.9,50.8,0,185.9,220.0,-1755,0.97,194,7,1.223,1.186,1.121,1.099,M,R11:p5/p11/p17/p23
18:55:54.50,36.012807,138.720214,10833,114.4,-6.9,51.2,0,186.6,220.3,-1958,0.97,194,7,1.224,1.189,1.120,1.097,M,R11:p5/p11/p17/p23
18:55:54.75,36.012714,138.720507,10824,115.7,-7.9,51.8,0,187.3,220.6,-2167,0.97,194,7,1.224,1.192,1.119,1.095,M,R11:p5/p11/p17/p23
18:55:55,36.012616,138.720798,10815,117.0,-8.9,52.8,0,187.8,220.6,-2381,0.97,194,7,1.225,1.194,1.119,1.093,M,R11:p5/p11/p17/p23
18:55:55.25,36.012512,138.721085,10804,118.7,-9.9,54.2,0,188.1,220.2,-2601,0.98,194,7,1.226,1.194,1.117,1.093,M,R11:p5/p11/p17/p23
18:55:55.50,36.012400,138.721367,10793,120.7,-10.8,55.9,0,188.3,219.7,-2826,0.98,194,7,1.227,1.194,1.115,1.093,M,R11:p5/p11/p17/p23
18:55:55.75,36.012281,138.721643,10781,122.8,-11.8,57.8,0,188.5,219.0,-3057,0.99,194,7,1.227,1.194,1.113,1.092,M,R11:p5/p11/p17/p23
18:55:56,36.012154,138.721913,10767,124.7,-12.7,59.7,0,188.7,218.4,-3294,1.00,194,7,1.228,1.194,1.111,1.092,M,R11:p5/p11/p17/p23
18:55:56.25,36.012020,138.722177,10753,126.6,-13.7,61.8,0,188.9,217.8,-3536,1.01,194,7,1.232,1.198,1.111,1.092,M,R11:p5/p11/p17/p23
18:55:56.50,36.011880,138.722434,10738,128.4,-14.7,63.9,0,189.1,217.1,-3784,1.02,194,7,1.236,1.203,1.111,1.092,M,R11:p5/p11/p17/p23
18:55:56.75,36.011733,138.722686,10722,130.0,-15.6,66.2,0,189.4,216.6,-4038,1.02,194,7,1.241,1.207,1.111,1.092,M,R11:p5/p11/p17/p23
18:55:57,36.011582,138.722932,10704,131.3,-16.5,68.2,0,189.8,216.2,-4297,1.03,194,7,1.245,1.211,1.111,1.092,M,R11:p5/p11/p17/p23
18:55:57.25,36.011427,138.723174,10686,132.3,-17.2,70.1,0,190.6,216.3,-4561,1.02,194,7,1.252,1.212,1.112,1.094,M,R11:p5/p11/p17/p23
18:55:57.50,36.011268,138.723413,10666,133.0,-17.9,72.0,0,191.8,216.9,-4832,1.00,193,7,1.259,1.214,1.113,1.096,M,R11:p5/p11/p17/p23
18:55:57.75,36.011107,138.723651,10646,133.7,-18.5,73.6,0,193.2,217.8,-5107,0.99,193,7,1.266,1.215,1.113,1.098,M,R11:p5/p11/p17/p23
18:55:58,36.010942,138.723887,10624,134.4,-19.2,75.1,0,194.7,218.7,-5389,0.98,193,7,1.273,1.216,1.114,1.100,M,R11:p5/p11/p17/p23
18:55:58.25,36.010774,138.724121,10601,135.3,-19.9,76.3,0,196.3,219.7,-5675,0.98,193,7,1.293,1.224,1.118,1.108,M,R11:p5/p11/p17/p23
18:55:58.50,36.010602,138.724353,10576,136.1,-20.7,77.2,0,198.1,220.8,-5968,0.98,193,7,1.313,1.232,1.123,1.115,M,R11:p5/p11/p17/p23
18:55:58.75,36.010426,138.724583,10551,136.9,-21.4,78.0,0,199.9,221.9,-6266,0.98,193,7,1.333,1.239,1.127,1.123,M,R11:p5/p11/p17/p23
18:55:59,36.010247,138.724811,10524,137.7,-22.1,78.7,0,201.4,222.5,-6610,0.98,193,7,1.353,1.247,1.131,1.131,M,R11:p5/p11/p17/p23
18:55:59.25,36.010064,138.725035,10496,138.5,-22.8,79.4,0,202.6,222.6,-7025,0.98,192,7,1.371,1.270,1.149,1.152,M,R11:p5/p11/p17/p23
18:55:59.50,36.009880,138.725257,10466,139.3,-23.4,80.1,0,203.7,222.4,-7410,0.98,192,7,1.390,1.292,1.167,1.172,M,R11:p5/p11/p17/p23
18:55:59.75,36.009693,138.725475,10434,140.0,-24.0,80.6,0,204.8,222.3,-7739,0.98,191,7,1.409,1.315,1.186,1.193,M,R11:p5/p11/p17/p23
18:56:00,36.009504,138.725690,10401,140.6,-24.6,81.1,0,205.9,222.3,-8074,0.98,191,7,1.427,1.337,1.204,1.214,M,R11:p5/p11/p17/p23
18:56:00.25,36.009312,138.725902,10367,141.2,-25.2,81.4,0,207.1,222.3,-8415,1.00,190,7,1.444,1.358,1.243,1.238,M,R11:p5/p11/p17/p23
18:56:00.50,36.009120,138.726113,10331,141.6,-25.8,81.7,0,208.3,222.2,-8761,1.02,190,7,1.462,1.379,1.281,1.261,M,R11:p5/p11/p17/p23
18:56:00.75,36.008926,138.726321,10294,142.1,-26.4,81.9,0,209.5,222.2,-9113,1.03,189,7,1.479,1.401,1.320,1.285,M,R11:p5/p11/p17/p23
18:56:01,36.008730,138.726526,10255,142.8,-27.0,81.9,0,210.9,222.2,-9470,1.05,188,7,1.496,1.422,1.359,1.309,M,R11:p5/p11/p17/p23
18:56:01.25,36.008530,138.726727,10215,144.3,-27.6,81.9,0,212.6,222.3,-9833,1.06,188,7,1.506,1.436,1.379,1.327,M,R11:p5/p11/p17/p23
18:56:01.50,36.008325,138.726919,10173,146.7,-28.2,81.7,0,214.5,222.5,-10202,1.08,187,7,1.517,1.451,1.400,1.345,M,R11:p5/p11/p17/p23
18:56:01.75,36.008113,138.727098,10130,149.4,-28.8,81.5,0,216.4,222.6,-10576,1.09,186,7,1.528,1.466,1.421,1.362,M,R11:p5/p11/p17/p23
18:56:02,36.007894,138.727266,10085,151.9,-29.4,81.1,0,218.2,222.6,-10955,1.10,185,7,1.538,1.480,1.441,1.380,M,R11:p5/p11/p17/p23
18:56:02.25,36.007669,138.727420,10039,154.4,-30.1,80.7,0,219.8,222.2,-11340,1.11,185,7,1.540,1.486,1.448,1.391,M,R11:p5/p11/p17/p23
18:56:02.50,36.007439,138.727560,9991,157.0,-30.7,80.2,0,221.2,221.5,-11730,1.13,184,7,1.541,1.492,1.454,1.403,M,R11:p5/p11/p17/p23
18:56:02.75,36.007204,138.727687,9941,159.4,-31.4,79.5,0,222.7,220.9,-12126,1.15,183,7,1.542,1.498,1.461,1.414,M,R11:p5/p11/p17/p23
18:56:03,36.006966,138.727802,9890,161.5,-32.0,78.6,0,224.4,220.6,-12527,1.16,182,7,1.544,1.504,1.467,1.426,M,R11:p5/p11/p17/p23
18:56:03.25,36.006725,138.727905,9836,163.2,-32.5,77.3,0,226.4,220.6,-12933,1.18,181,7,1.544,1.506,1.469,1.427,M,R11:p5/p11/p17/p23
18:56:03.50,36.006481,138.728000,9782,164.8,-33.0,75.8,0,228.7,221.0,-13345,1.20,180,7,1.544,1.508,1.471,1.429,M,R11:p5/p11/p17/p23
18:56:03.75,36.006234,138.728087,9725,166.2,-33.4,74.2,0,231.2,221.5,-13762,1.22,179,7,1.544,1.510,1.473,1.430,M,R11:p5/p11/p17/p23
18:56:04,36.005985,138.728166,9667,167.4,-33.9,72.9,0,233.8,222.2,-14183,1.24,178,7,1.544,1.512,1.475,1.432,M,R11:p5/p11/p17/p23
18:56:04.25,36.005734,138.728238,9607,168.6,-34.4,71.9,0,236.5,222.7,-14631,1.27,177,7,1.544,1.512,1.477,1.432,M,R11:p5/p11/p17/p23
18:56:04.50,36.005481,138.728304,9545,169.6,-35.0,71.2,0,239.4,223.5,-15099,1.30,177,7,1.544,1.512,1.478,1.432,M,R11:p5/p11/p17/p23
18:56:04.75,36.005226,138.728364,9481,170.6,-35.5,70.5,0,242.3,224.6,-15518,1.33,177,7,1.544,1.512,1.480,1.432,M,R11:p5/p11/p17/p23
18:56:05,36.004969,138.728419,9416,171.7,-35.9,69.8,0,245.3,226.0,-15888,1.36,178,7,1.544,1.512,1.482,1.432,M,R11:p5/p11/p17/p23
18:56:05.25,36.004709,138.728467,9349,172.8,-36.1,69.0,0,248.3,227.6,-16240,1.39,178,6,1.544,1.510,1.482,1.430,M,R11:p5/p11/p17/p23
18:56:05.50,36.004447,138.728509,9280,174.0,-36.2,68.2,0,251.5,229.4,-16576,1.42,178,6,1.544,1.508,1.481,1.429,M,R11:p5/p11/p17/p23
18:56:05.75,36.004182,138.728545,9211,175.2,-36.2,67.4,0,254.5,231.1,-16894,1.45,179,6,1.544,1.507,1.480,1.427,M,R11:p5/p11/p17/p23
18:56:06,36.003914,138.728572,9140,176.6,-36.2,66.7,0,257.3,232.6,-17196,1.48,179,6,1.544,1.505,1.480,1.426,M,R11:p5/p11/p17/p23
18:56:06.25,36.003644,138.728590,9067,178.4,-36.2,66.2,0,259.7,233.7,-17481,1.51,180,6,1.544,1.502,1.478,1.425,M,R11:p5/p11/p17/p23
18:56:06.50,36.003373,138.728596,8994,180.5,-36.2,65.8,0,262.0,234.6,-17749,1.54,180,6,1.544,1.499,1.476,1.424,M,R11:p5/p11/p17/p23
18:56:06.75,36.003100,138.728588,8920,182.9,-36.1,65.5,0,264.2,235.6,-18000,1.56,181,6,1.544,1.497,1.473,1.423,M,R11:p5/p11/p17/p23
18:56:07,36.002827,138.728565,8844,185.4,-36.0,65.0,0,266.6,236.9,-18235,1.59,182,6,1.544,1.494,1.471,1.422,M,R11:p5/p11/p17/p23
18:56:07.25,36.002554,138.728525,8768,188.3,-35.8,64.4,0,269.3,238.7,-18452,1.63,182,6,1.544,1.491,1.469,1.420,M,R11:p5/p11/p17/p23
18:56:07.50,36.002280,138.728466,8690,191.5,-35.6,63.8,0,272.1,240.9,-18653,1.68,183,6,1.544,1.488,1.466,1.419,M,R11:p5/p11/p17/p23
18:56:07.75,36.002007,138.728387,8612,194.7,-35.4,63.1,0,275.0,243.4,-18838,1.72,183,6,1.544,1.485,1.464,1.417,M,R11:p5/p11/p17/p23
18:56:08,36.001734,138.728288,8533,197.4,-35.2,62.4,0,278.0,246.1,-19005,1.76,184,5,1.544,1.482,1.461,1.416,M,R11:p5/p11/p17/p23
18:56:08.25,36.001463,138.728173,8454,199.7,-35.1,61.7,0,281.2,249.1,-19156,1.80,185,5,1.544,1.480,1.458,1.414,M,R11:p5/p11/p17/p23
18:56:08.50,36.001192,138.728043,8374,201.9,-35.0,60.9,0,284.5,252.5,-19291,1.85,186,5,1.544,1.478,1.456,1.412,M,R11:p5/p11/p17/p23
18:56:08.75,36.000922,138.727899,8293,203.8,-34.8,60.1,0,287.7,255.8,-19409,1.90,186,5,1.544,1.477,1.453,1.410,M,R11:p5/p11/p17/p23
18:56:09,36.000652,138.727741,8212,205.7,-34.5,59.3,0,290.5,258.7,-19510,1.94,187,5,1.544,1.475,1.450,1.408,M,R11:p5/p11/p17/p23
18:56:09.25,36.000385,138.727570,8130,207.6,-33.9,58.5,0,293.0,261.2,-19595,1.98,188,5,1.543,1.469,1.445,1.405,M,R11:p5/p11/p17/p23
18:56:09.50,36.000119,138.727387,8049,209.5,-33.2,57.7,0,295.2,263.6,-19664,2.01,189,5,1.542,1.464,1.440,1.402,M,R11:p5/p11/p17/p23
18:56:09.75,35.999857,138.727191,7967,211.3,-32.4,56.9,0,297.3,265.7,-19716,2.05,190,5,1.541,1.458,1.434,1.399,M,R11:p5/p11/p17/p23
18:56:10,35.999597,138.726984,7884,212.8,-31.7,56.1,0,298.9,267.3,-19751,2.09,191,5,1.540,1.452,1.429,1.396,M,R11:p5/p11/p17/p23
18:56:10.25,35.999341,138.726768,7802,214.2,-31.1,55.2,0,300.1,268.5,-19771,2.13,192,5,1.538,1.448,1.425,1.393,M,R11:p5/p11/p17/p23
18:56:10.50,35.999088,138.726544,7720,215.4,-30.6,54.2,0,300.9,269.3,-19774,2.17,193,4,1.535,1.444,1.421,1.390,M,R11:p5/p11/p17/p23
18:56:10.75,35.998837,138.726312,7637,216.6,-30.1,53.3,0,301.9,270.3,-19760,2.20,194,4,1.532,1.439,1.416,1.387,M,R11:p5/p11/p17/p23
18:56:11,35.998590,138.726073,7555,217.8,-29.5,52.5,0,303.2,272.0,-19731,2.24,195,4,1.530,1.435,1.412,1.384,M,R11:p5/p11/p17/p23
18:56:11.25,35.998345,138.725824,7473,219.1,-28.9,52.0,0,306.0,275.8,-19685,2.31,197,4,1.527,1.429,1.409,1.378,M,R11:p5/p11/p17/p23
18:56:11.50,35.998099,138.725565,7391,220.3,-28.3,51.6,0,310.3,281.6,-19633,2.38,198,4,1.524,1.423,1.406,1.373,M,R11:p5/p11/p17/p23
18:56:11.75,35.997853,138.725294,7309,221.6,-27.7,51.2,0,314.8,287.6,-19572,2.46,199,4,1.521,1.418,1.404,1.368,M,R11:p5/p11/p17/p23
18:56:12,35.997609,138.725009,7228,223.1,-27.0,50.6,0,318.2,292.3,-19484,2.53,200,4,1.518,1.412,1.401,1.362,M,R11:p5/p11/p17/p23
18:56:12.25,35.997369,138.724711,7147,225.4,-26.2,49.7,0,320.4,295.7,-19374,2.54,202,4,1.515,1.409,1.400,1.360,M,R11:p5/p11/p17/p23
18:56:12.50,35.997137,138.724396,7066,228.2,-25.4,48.6,0,322.3,298.7,-19247,2.55,203,4,1.511,1.406,1.399,1.358,M,R11:p5/p11/p17/p23
18:56:12.75,35.996917,138.724065,6986,231.0,-24.6,47.5,0,323.9,301.5,-19105,2.57,205,4,1.508,1.404,1.398,1.356,M,R11:p5/p11/p17/p23
18:56:13,35.996707,138.723718,6907,233.3,-23.8,46.5,0,325.2,303.9,-18947,2.58,206,4,1.505,1.401,1.397,1.354,M,R11:p5/p11/p17/p23
18:56:13.25,35.996507,138.723359,6828,235.1,-23.2,45.7,0,326.2,305.9,-18773,2.61,208,4,1.505,1.399,1.395,1.352,M,R11:p5/p11/p17/p23
18:56:13.50,35.996313,138.722992,6751,236.6,-22.6,45.0,0,327.0,307.8,-18582,2.64,210,4,1.504,1.397,1.393,1.349,M,R11:p5/p11/p17/p23
18:56:13.75,35.996126,138.722616,6674,237.9,-22.0,44.4,0,327.8,309.6,-18376,2.67,211,3,1.504,1.395,1.390,1.347,M,R11:p5/p11/p17/p23
18:56:14,35.995944,138.722232,6597,239.2,-21.3,43.9,0,328.7,311.7,-18154,2.70,213,3,1.504,1.393,1.388,1.344,M,R11:p5/p11/p17/p23
18:56:14.25,35.995769,138.721841,6522,240.4,-20.4,43.7,0,330.0,314.3,-17914,2.73,215,3,1.500,1.391,1.385,1.342,M,R11:p5/p11/p17/p23
18:56:14.50,35.995598,138.721442,6448,241.5,-19.3,43.7,0,331.4,317.2,-17655,2.75,216,3,1.495,1.389,1.382,1.339,M,R11:p5/p11/p17/p23
18:56:14.75,35.995432,138.721035,6375,242.6,-18.1,43.7,0,332.9,320.3,-17376,2.78,218,3,1.490,1.386,1.379,1.337,M,R11:p5/p11/p17/p23
18:56:15,35.995271,138.720620,6303,243.9,-17.1,43.6,0,334.2,323.1,-17078,2.81,220,3,1.486,1.384,1.376,1.334,M,R11:p5/p11/p17/p23
18:56:15.25,35.995118,138.720197,6233,245.5,-16.2,43.3,0,335.2,325.7,-16760,2.81,222,3,1.486,1.382,1.375,1.334,M,R11:p5/p11/p17/p23
18:56:15.50,35.994974,138.719765,6164,247.4,-15.3,43.0,0,336.1,328.2,-16423,2.80,223,3,1.485,1.379,1.373,1.333,M,R11:p5/p11/p17/p23
18:56:15.75,35.994841,138.719324,6096,249.3,-14.4,42.6,0,337.0,330.8,-16066,2.80,225,3,1.484,1.377,1.372,1.333,M,R11:p5/p11/p17/p23
18:56:16,35.994718,138.718874,6030,251.0,-13.5,42.2,0,337.9,333.4,-15690,2.80,227,3,1.484,1.375,1.371,1.332,M,R11:p5/p11/p17/p23
18:56:16.25,35.994606,138.718417,5965,252.6,-12.6,41.8,0,338.9,336.2,-15295,2.81,228,3,1.487,1.375,1.373,1.332,M,R11:p5/p11/p17/p23
18:56:16.50,35.994503,138.717952,5902,254.2,-11.7,41.3,0,340.0,339.1,-14880,2.83,230,3,1.490,1.376,1.374,1.332,M,R11:p5/p11/p17/p23
18:56:16.75,35.994409,138.717479,5841,255.7,-10.8,40.9,0,341.0,341.9,-14446,2.84,232,3,1.493,1.377,1.375,1.332,M,R11:p5/p11/p17/p23
18:56:17,35.994324,138.717001,5782,257.0,-9.9,40.6,0,341.8,344.4,-13993,2.85,233,3,1.496,1.377,1.377,1.332,M,R11:p5/p11/p17/p23
18:56:17.25,35.994247,138.716516,5725,258.2,-9.0,40.4,0,342.3,346.6,-13520,2.89,235,3,1.506,1.386,1.387,1.353,M,R11:p5/p11/p17/p23
18:56:17.50,35.994176,138.716028,5669,259.2,-8.0,40.4,0,342.8,348.8,-13028,2.92,237,3,1.517,1.395,1.397,1.375,M,R11:p5/p11/p17/p23
18:56:17.75,35.994113,138.715534,5616,260.2,-7.0,40.3,0,343.2,350.8,-12516,2.96,238,3,1.528,1.404,1.408,1.396,M,R11:p5/p11/p17/p23
18:56:18,35.994056,138.715037,5565,261.3,-5.9,40.2,0,343.4,352.7,-11986,3.00,239,3,1.538,1.413,1.418,1.417,M,R11:p5/p11/p17/p23
18:56:18.25,35.994009,138.714536,5516,262.9,-4.7,40.0,0,343.5,354.5,-11436,3.00,241,3,1.541,1.442,1.430,1.429,M,R11:p5/p11/p17/p23
18:56:18.50,35.993974,138.714030,5470,264.7,-3.4,39.7,0,343.6,356.2,-10867,3.00,242,3,1.543,1.471,1.442,1.442,M,R11:p5/p11/p17/p23
18:56:18.75,35.993952,138.713521,5426,266.5,-2.1,39.3,0,343.7,358.0,-10278,3.01,243,3,1.546,1.500,1.455,1.454,M,R11:p5/p11/p17/p23
18:56:19,35.993942,138.713009,5384,268.0,-0.9,39.1,0,343.8,359.7,-9670,3.01,244,3,1.549,1.529,1.467,1.466,M,R11:p5/p11/p17/p23
18:56:19.25,35.993941,138.712494,5345,269.1,0.2,38.9,0,344.1,361.5,-9043,3.02,245,3,1.550,1.535,1.469,1.469,M,R11:p5/p11/p17/p23
18:56:19.50,35.993947,138.711977,5309,269.9,1.2,38.8,0,344.5,363.4,-8397,3.02,246,3,1.551,1.542,1.471,1.473,M,R11:p5/p11/p17/p23
18:56:19.75,35.993960,138.711457,5275,270.8,2.2,38.7,0,344.9,365.1,-7731,3.03,247,3,1.553,1.548,1.473,1.476,M,R11:p5/p11/p17/p23
18:56:20,35.993979,138.710935,5244,271.8,3.2,38.6,0,345.1,366.6,-7046,3.04,248,3,1.554,1.555,1.475,1.479,M,R11:p5/p11/p17/p23
18:56:20.25,35.994009,138.710413,5216,273.5,4.3,38.4,0,344.9,367.8,-6342,3.03,249,3,1.552,1.557,1.477,1.482,M,R11:p5/p11/p17/p23
18:56:20.50,35.994053,138.709890,5191,275.6,5.4,38.2,0,344.6,368.7,-5618,3.02,249,3,1.550,1.559,1.479,1.485,M,R11:p5/p11/p17/p23
18:56:20.75,35.994113,138.709369,5170,277.7,6.4,38.0,0,344.1,369.3,-4876,3.01,250,3,1.547,1.562,1.481,1.487,M,R11:p5/p11/p17/p23
18:56:21,35.994187,138.708849,5151,279.3,7.3,37.9,0,343.6,369.8,-4114,3.00,250,3,1.545,1.564,1.483,1.490,M,R11:p5/p11/p17/p23
18:56:21.25,35.994270,138.708331,5135,280.3,8.1,37.9,0,343.2,370.2,-3332,3.00,251,3,1.545,1.564,1.485,1.492,M,R11:p5/p11/p17/p23
18:56:21.50,35.994360,138.707814,5123,281.0,8.8,37.9,0,342.8,370.4,-2529,3.00,251,3,1.544,1.564,1.488,1.493,M,R11:p5/p11/p17/p23
18:56:21.75,35.994454,138.707299,5114,281.7,9.2,38.1,0,342.3,370.4,-1708,3.00,252,3,1.544,1.564,1.490,1.494,M,R11:p5/p11/p17/p23
18:56:22,35.994556,138.706785,5109,282.7,9.4,38.8,0,341.6,370.1,-866,3.00,252,3,1.544,1.564,1.492,1.496,M,R11:p5/p11/p17/p23
18:56:22.25,35.994666,138.706276,5107,284.4,9.1,40.0,0,340.6,369.3,-5,2.99,252,3,1.546,1.564,1.491,1.496,M,R11:p5/p11/p17/p23
18:56:22.50,35.994792,138.705773,5109,286.8,8.5,41.6,0,339.1,368.0,876,2.98,252,3,1.547,1.564,1.490,1.495,M,R11:p5/p11/p17/p23
18:56:22.75,35.994936,138.705280,5114,289.7,7.8,43.5,0,337.3,366.2,1777,2.97,251,3,1.549,1.564,1.490,1.494,M,R11:p5/p11/p17/p23
18:56:23,35.995100,138.704800,5124,293.0,7.1,45.9,0,335.2,364.4,2232,2.96,251,3,1.551,1.564,1.489,1.494,M,R11:p5/p11/p17/p23
18:56:23.25,35.995278,138.704332,5134,295.7,7.1,48.8,0,,360.5,2723,2.99,251,3,,,,,R,EN:p.8 larch-ditch-ridge
18:56:23.50,35.995461,138.703873,5146,296.7,7.1,52.3,0,,357.3,3154,3.01,251,3,,,,,R,EN:p.8 larch-ditch-ridge
18:56:23.75,35.995649,138.703421,5160,297.7,7.1,55.9,0,,355.1,3513,3.04,251,3,,,,,R,EN:p.8 larch-ditch-ridge
18:56:24,35.995842,138.702975,5175,298.6,7.1,59.5,0,,353.7,3797,3.07,251,3,,,,,R,EN:p.8 larch-ditch-ridge
18:56:24.25,35.996040,138.702534,5192,299.5,7.1,59.5,0,,353.2,4044,,251,3,,,,,R,EN:p.8 larch-ditch-ridge
18:56:24.50,35.996245,138.702097,5209,300.4,7.1,59.5,0,,353.6,4290,,251,3,,,,,R,EN:p.8 larch-ditch-ridge
18:56:24.75,35.996455,138.701664,5227,301.2,7.1,59.5,0,,354.8,4537,,251,3,,,,,R,EN:p.8 larch-ditch-ridge
18:56:25,35.996671,138.701232,5247,302.0,7.1,59.5,0,,356.8,4784,,251,3,,,,,R,EN:p.8 larch-ditch-ridge
18:56:25.25,35.996893,138.700801,5267,302.8,7.1,59.5,0,,359.7,5030,,251,3,,,,,R,EN:p.8 larch-ditch-ridge
18:56:25.50,35.997122,138.700369,5289,303.5,7.1,59.5,0,,363.3,5277,,251,3,,,,,R,EN:p.8 larch-ditch-ridge
18:56:25.75,35.997358,138.699936,5311,304.1,7.1,59.5,0,,367.8,5523,,251,3,,,,,R,EN:p.8 larch-ditch-ridge
18:56:26,35.997600,138.699500,5335,304.9,7.1,59.5,0,,372.8,5770,,251,3,,,,,R,EN:p.8 larch-ditch-ridge
18:56:26.25,35.997852,138.699063,5359,306.0,7.1,59.5,0,,377.9,5770,,251,3,,,,,R,EN:p.8 larch-ditch-ridge
18:56:26.50,35.998115,138.698628,5383,307.1,7.1,59.5,0,,382.5,5770,,251,3,,,,,R,EN:p.8 larch-ditch-ridge
18:56:26.75,35.998387,138.698193,5407,308.0,7.1,59.5,0,,386.5,5770,,251,3,,,,,R,EN:p.8 larch-ditch-ridge
18:56:27,35.998667,138.697759,5431,308.8,7.1,59.5,0,,389.8,5770,,251,3,,,,,R,EN:p.8 larch-ditch-ridge
18:56:27.25,35.998953,138.697326,5455,309.4,7.1,59.5,0,,392.4,5770,,251,3,,,,,R,EN:p.8 larch-ditch-ridge
18:56:27.50,35.999244,138.696894,5479,309.8,7.1,59.5,0,,394.4,5770,,251,3,,,,,R,EN:p.8 larch-ditch-ridge
18:56:27.75,35.999538,138.696462,5503,310.0,7.1,59.5,0,,395.5,5770,,251,3,,,,,R,EN:p.8 larch-ditch-ridge
18:56:28,35.999833,138.696030,5527,309.8,7.1,59.5,0,,394.4,5770,,251,3,,,,,R,EN:p.8 larch-ditch-ridge
